arm,dataset,facility_id,horizon,level,method,PICP,MPIW,Winkler,picp_lo,picp_hi,n_test,dynamic,degenerate,cal_score_max,status
A3_v2_daychunk,belgrade,1,y_t+15min,0.9,NGBoost,,,,,,1015,False,True,0.0,FAILED ValueError: Input y contains NaN.
A3_v2_daychunk,belgrade,1,y_t+15min,0.9,NGBoost-conformal,,,,,,1015,False,True,0.0,FAILED ValueError: Input y contains NaN.
A3_v2_daychunk,belgrade,1,y_t+15min,0.9,EnbPI,1.0,0.0,0.0,1.0,1.0,1015,False,True,0.0,ok
A3_v2_daychunk,belgrade,1,y_t+15min,0.9,AgACI-style,1.0,0.0,0.0,1.0,1.0,1015,False,True,0.0,ok
A3_v2_daychunk,belgrade,1,y_t+15min,0.9,ACI-crosscheck,1.0,0.0,0.0,1.0,1.0,1015,False,True,0.0,ok
A3_v2_daychunk,belgrade,5,y_t+15min,0.9,EnbPI,0.9645320197044336,24.27924527596557,29.19598503273769,0.949404761904762,0.9791666666666666,1015,True,False,39.21140873015872,ok
A3_v2_daychunk,belgrade,5,y_t+15min,0.9,AgACI-style,0.9044334975369458,15.773333779450072,26.73554367882673,0.8759920634920635,0.9275793650793652,1015,True,False,39.21140873015872,ok
A3_v2_daychunk,belgrade,5,y_t+15min,0.9,NGBoost,0.8926108374384236,13.5695013418661,23.73596359832652,0.8621031746031746,0.9206349206349206,1015,True,False,39.21140873015872,ok
A3_v2_daychunk,belgrade,5,y_t+15min,0.9,NGBoost-conformal,0.903448275862069,14.012611129122488,23.72471801876161,0.8740079365079365,0.929563492063492,1015,True,False,39.21140873015872,ok
A3_v2_daychunk,belgrade,5,y_t+15min,0.9,ACI-crosscheck,0.896551724137931,16.282685829669322,28.22647239586722,0.8611111111111112,0.9275793650793652,1015,True,False,39.21140873015872,ok
A3_v2_daychunk,belgrade,6,y_t+15min,0.9,EnbPI,0.9467980295566504,11.102385572146684,15.296319671491071,0.921626984126984,0.9702380952380952,1015,True,False,8.924736111111116,ok
A3_v2_daychunk,belgrade,6,y_t+15min,0.9,AgACI-style,0.9133004926108376,9.80938300833676,14.464612542991064,0.8898809523809523,0.935515873015873,1015,True,False,8.924736111111116,ok
A3_v2_daychunk,belgrade,6,y_t+15min,0.9,NGBoost,0.8226600985221675,6.528396799415585,14.370708469163702,0.7906746031746031,0.8511904761904762,1015,True,False,8.924736111111116,ok
A3_v2_daychunk,belgrade,6,y_t+15min,0.9,NGBoost-conformal,0.8906403940886699,8.082092860101817,13.730025833603095,0.8611111111111112,0.9166666666666666,1015,True,False,8.924736111111116,ok
A3_v2_daychunk,belgrade,6,y_t+15min,0.9,ACI-crosscheck,0.8935960591133005,9.508412317521923,15.180987951885736,0.8660714285714286,0.9196428571428572,1015,True,False,8.924736111111116,ok
A3_v2_daychunk,belgrade,7,y_t+15min,0.9,EnbPI,0.8778325123152709,55.90991908683691,87.29965353928695,0.8363095238095238,0.9107142857142856,1015,True,False,62.702277777777766,ok
A3_v2_daychunk,belgrade,7,y_t+15min,0.9,AgACI-style,0.8985221674876848,62.06930509446074,83.43737042626437,0.8680555555555556,0.921626984126984,1015,True,False,62.702277777777766,ok
A3_v2_daychunk,belgrade,7,y_t+15min,0.9,NGBoost,0.716256157635468,33.847146105617114,80.58521684350092,0.6646825396825397,0.7579365079365079,1015,True,False,62.702277777777766,ok
A3_v2_daychunk,belgrade,7,y_t+15min,0.9,NGBoost-conformal,0.8108374384236453,39.46980850108223,73.25128272004288,0.7609126984126984,0.8492063492063492,1015,True,False,62.702277777777766,ok
A3_v2_daychunk,belgrade,7,y_t+15min,0.9,ACI-crosscheck,0.8926108374384236,65.08852865045007,87.34360891473972,0.8581349206349206,0.9186507936507936,1015,True,False,62.702277777777766,ok
A3_v2_daychunk,belgrade,9,y_t+15min,0.9,EnbPI,0.8009852216748768,7.826528327948577,24.853623476121165,0.7192460317460317,0.8799603174603174,1015,True,False,7.572908730158815,ok
A3_v2_daychunk,belgrade,9,y_t+15min,0.9,AgACI-style,0.9044334975369458,9.760399104391094,14.629729435209468,0.8680555555555556,0.939484126984127,1015,True,False,7.572908730158815,ok
A3_v2_daychunk,belgrade,9,y_t+15min,0.9,NGBoost,0.6926108374384237,3.5547987006814803,21.90028322642844,0.6140873015873016,0.7708333333333334,1015,True,False,7.572908730158815,ok
A3_v2_daychunk,belgrade,9,y_t+15min,0.9,NGBoost-conformal,0.8088669950738916,6.089629262641942,18.242642788531217,0.7410218253968253,0.8779761904761905,1015,True,False,7.572908730158815,ok
A3_v2_daychunk,belgrade,9,y_t+15min,0.9,ACI-crosscheck,0.8778325123152709,9.919810841111078,15.099078924241232,0.8343253968253969,0.9156746031746033,1015,True,False,7.572908730158815,ok
A3_v2_daychunk,belgrade,10,y_t+15min,0.9,EnbPI,0.916256157635468,3.1366177496292,4.212694499506335,0.8849206349206349,0.9434523809523808,1015,False,False,6.464941798941798,ok
A3_v2_daychunk,belgrade,10,y_t+15min,0.9,AgACI-style,0.9123152709359604,3.022121249434984,4.267420730672423,0.8859126984126984,0.9375,1015,False,False,6.464941798941798,ok
A3_v2_daychunk,belgrade,10,y_t+15min,0.9,NGBoost,0.8285714285714286,1.9955783522478032,3.959772681010575,0.8015873015873016,0.8660714285714286,1015,False,False,6.464941798941798,ok
A3_v2_daychunk,belgrade,10,y_t+15min,0.9,NGBoost-conformal,0.9714285714285714,3.934831898196844,4.316761219550627,0.9613095238095238,0.9831349206349206,1015,False,False,6.464941798941798,ok
A3_v2_daychunk,belgrade,10,y_t+15min,0.9,ACI-crosscheck,0.8827586206896552,3.046473439414079,4.399353955814298,0.8561011904761903,0.9067460317460316,1015,False,False,6.464941798941798,ok
A3_v2_daychunk,belgrade,11,y_t+15min,0.9,EnbPI,0.9123152709359604,7.337031265530587,12.327297237531065,0.8749503968253967,0.9503968253968254,1015,True,False,11.631934523809525,ok
A3_v2_daychunk,belgrade,11,y_t+15min,0.9,AgACI-style,0.9182266009852216,5.996853845676516,9.867880958714574,0.8888888888888888,0.9464285714285714,1015,True,False,11.631934523809525,ok
A3_v2_daychunk,belgrade,11,y_t+15min,0.9,NGBoost,0.7320197044334975,3.427966315634507,11.19206219934472,0.6825396825396826,0.7857142857142857,1015,True,False,11.631934523809525,ok
A3_v2_daychunk,belgrade,11,y_t+15min,0.9,NGBoost-conformal,0.8975369458128079,5.1594213280338295,9.589335752421444,0.8591269841269841,0.933531746031746,1015,True,False,11.631934523809525,ok
A3_v2_daychunk,belgrade,11,y_t+15min,0.9,ACI-crosscheck,0.8945812807881773,6.156980171306525,11.45364010141473,0.8521825396825397,0.929563492063492,1015,True,False,11.631934523809525,ok
A3_v2_daychunk,belgrade,12,y_t+15min,0.9,EnbPI,0.8788177339901477,16.480637095905912,30.42224115478232,0.8402777777777778,0.9325396825396826,1015,True,False,30.95688888888889,ok
A3_v2_daychunk,belgrade,12,y_t+15min,0.9,AgACI-style,0.9064039408866996,16.091924649274258,23.4016462429586,0.8819444444444444,0.9375,1015,True,False,30.95688888888889,ok
A3_v2_daychunk,belgrade,12,y_t+15min,0.9,NGBoost,0.7901477832512315,8.919274086783524,27.479235818832525,0.7509920634920635,0.8492063492063492,1015,True,False,30.95688888888889,ok
A3_v2_daychunk,belgrade,12,y_t+15min,0.9,NGBoost-conformal,0.8502463054187193,10.86085381402281,25.99169629228187,0.8134424603174601,0.9087301587301588,1015,True,False,30.95688888888889,ok
A3_v2_daychunk,belgrade,12,y_t+15min,0.9,ACI-crosscheck,0.8827586206896552,16.244002180833217,25.09502828928051,0.8462301587301587,0.9226190476190476,1015,True,False,30.95688888888889,ok
A3_v2_daychunk,belgrade,13,y_t+15min,0.9,EnbPI,0.8926108374384236,23.12272711976127,37.4772875860404,0.8462301587301587,0.9345238095238096,1015,True,False,35.813324735449726,ok
A3_v2_daychunk,belgrade,13,y_t+15min,0.9,AgACI-style,0.9192118226600984,19.20869414958817,29.0453609652396,0.8869047619047619,0.9444444444444444,1015,True,False,35.813324735449726,ok
A3_v2_daychunk,belgrade,13,y_t+15min,0.9,NGBoost,0.7773399014778325,9.56780038174526,28.306658475984925,0.7291666666666666,0.8293650793650794,1015,True,False,35.813324735449726,ok
A3_v2_daychunk,belgrade,13,y_t+15min,0.9,NGBoost-conformal,0.8847290640394089,14.449229667061624,25.82531999698964,0.8482142857142857,0.9246031746031746,1015,True,False,35.813324735449726,ok
A3_v2_daychunk,belgrade,13,y_t+15min,0.9,ACI-crosscheck,0.8689655172413793,17.048547622957223,28.610131277944816,0.8392857142857143,0.8918650793650794,1015,True,False,35.813324735449726,ok
A3_v2_daychunk,belgrade,14,y_t+15min,0.9,EnbPI,0.8778325123152709,20.743218351477463,31.802911987639263,0.8382936507936508,0.9156746031746033,1015,True,False,31.16947486772488,ok
A3_v2_daychunk,belgrade,14,y_t+15min,0.9,AgACI-style,0.90935960591133,23.97900253420291,31.7258174209915,0.8839285714285714,0.9325396825396826,1015,True,False,31.16947486772488,ok
A3_v2_daychunk,belgrade,14,y_t+15min,0.9,NGBoost,0.7034482758620689,13.234990747868002,37.400602306899856,0.6478174603174603,0.7559523809523809,1015,True,False,31.16947486772488,ok
A3_v2_daychunk,belgrade,14,y_t+15min,0.9,NGBoost-conformal,0.9083743842364532,22.63165693489732,30.57892850487488,0.8779761904761905,0.935515873015873,1015,True,False,31.16947486772488,ok
A3_v2_daychunk,belgrade,14,y_t+15min,0.9,ACI-crosscheck,0.8985221674876848,24.048351565621022,33.78540995031241,0.8660714285714286,0.9275793650793652,1015,True,False,31.16947486772488,ok
A3_v2_daychunk,belgrade,15,y_t+15min,0.9,EnbPI,0.8492610837438423,8.989184174738975,19.21857105331613,0.7896825396825397,0.9067460317460316,1015,True,False,18.846329365079367,ok
A3_v2_daychunk,belgrade,15,y_t+15min,0.9,AgACI-style,0.9073891625615764,10.895091261207638,15.479846325794176,0.8759920634920635,0.933531746031746,1015,True,False,18.846329365079367,ok
A3_v2_daychunk,belgrade,15,y_t+15min,0.9,NGBoost,0.7665024630541872,6.122959310806758,20.172794232407625,0.7063492063492064,0.8194444444444444,1015,True,False,18.846329365079367,ok
A3_v2_daychunk,belgrade,15,y_t+15min,0.9,NGBoost-conformal,0.858128078817734,8.671314230082094,18.09397114801809,0.8055555555555556,0.9067460317460316,1015,True,False,18.846329365079367,ok
A3_v2_daychunk,belgrade,15,y_t+15min,0.9,ACI-crosscheck,0.8857142857142857,10.630631783537572,18.932148749512667,0.8333333333333334,0.9315476190476192,1015,True,False,18.846329365079367,ok
A3_v2_daychunk,belgrade,16,y_t+15min,0.9,EnbPI,0.896551724137931,6.464442231878657,9.116134794341528,0.8531746031746031,0.933531746031746,1015,True,False,11.72098611111111,ok
A3_v2_daychunk,belgrade,16,y_t+15min,0.9,AgACI-style,0.923152709359606,6.563541248307659,8.615445519363785,0.9007936507936508,0.9464285714285714,1015,True,False,11.72098611111111,ok
A3_v2_daychunk,belgrade,16,y_t+15min,0.9,NGBoost,0.7596059113300493,4.282483782792212,8.987808487872032,0.7033730158730159,0.8035714285714286,1015,True,False,11.72098611111111,ok
A3_v2_daychunk,belgrade,16,y_t+15min,0.9,NGBoost-conformal,0.9103448275862068,5.866428745267877,7.86650508557204,0.8829365079365079,0.933531746031746,1015,True,False,11.72098611111111,ok
A3_v2_daychunk,belgrade,16,y_t+15min,0.9,ACI-crosscheck,0.9014778325123152,6.434593017199914,9.243300034594125,0.871031746031746,0.9315476190476192,1015,True,False,11.72098611111111,ok
A3_v2_daychunk,belgrade,17,y_t+15min,0.9,EnbPI,0.9152709359605912,9.965924033227088,13.196756516607298,0.8839285714285714,0.949404761904762,1015,True,False,11.793408730158724,ok
A3_v2_daychunk,belgrade,17,y_t+15min,0.9,AgACI-style,0.9064039408866996,8.655136581147433,12.06881912928556,0.8779761904761905,0.933531746031746,1015,True,False,11.793408730158724,ok
A3_v2_daychunk,belgrade,17,y_t+15min,0.9,NGBoost,0.7645320197044335,5.079809153732462,12.199082120106617,0.7023809523809523,0.8204365079365079,1015,True,False,11.793408730158724,ok
A3_v2_daychunk,belgrade,17,y_t+15min,0.9,NGBoost-conformal,0.8935960591133005,6.9680820006162,10.66562600786271,0.8630952380952381,0.925595238095238,1015,True,False,11.793408730158724,ok
A3_v2_daychunk,belgrade,17,y_t+15min,0.9,ACI-crosscheck,0.8896551724137931,8.717822646533362,13.35727011796359,0.8501984126984127,0.9265873015873016,1015,True,False,11.793408730158724,ok
A3_v2_daychunk,belgrade,18,y_t+15min,0.9,EnbPI,0.9133004926108376,8.907470837703466,12.330112302268702,0.8660714285714286,0.9513888888888888,1015,True,False,14.4773253968254,ok
A3_v2_daychunk,belgrade,18,y_t+15min,0.9,AgACI-style,0.9152709359605912,8.035745620341386,10.528528862365134,0.8829365079365079,0.9384920634920636,1015,True,False,14.4773253968254,ok
A3_v2_daychunk,belgrade,18,y_t+15min,0.9,NGBoost,0.8019704433497536,5.011063639584349,10.329153649286653,0.7589285714285714,0.8363095238095238,1015,True,False,14.4773253968254,ok
A3_v2_daychunk,belgrade,18,y_t+15min,0.9,NGBoost-conformal,0.929064039408867,7.493561781577467,9.739787391088509,0.8968253968253969,0.9553571428571428,1015,True,False,14.4773253968254,ok
A3_v2_daychunk,belgrade,18,y_t+15min,0.9,ACI-crosscheck,0.8935960591133005,8.20114427088146,12.532967304170016,0.8373015873015873,0.9345238095238096,1015,True,False,14.4773253968254,ok
A3_v2_daychunk,belgrade,19,y_t+15min,0.9,EnbPI,0.9192118226600984,11.388083429181345,15.000630366335256,0.8988095238095238,0.9464285714285714,1015,True,False,16.064385582010583,ok
A3_v2_daychunk,belgrade,19,y_t+15min,0.9,AgACI-style,0.90935960591133,10.652774952729576,14.81884232604502,0.8869047619047619,0.9365079365079364,1015,True,False,16.064385582010583,ok
A3_v2_daychunk,belgrade,19,y_t+15min,0.9,NGBoost,0.8068965517241379,7.48207973486309,14.989600581171398,0.7827380952380952,0.8382936507936508,1015,True,False,16.064385582010583,ok
A3_v2_daychunk,belgrade,19,y_t+15min,0.9,NGBoost-conformal,0.9201970443349754,10.386330409496486,13.9944841440817,0.8978174603174603,0.945436507936508,1015,True,False,16.064385582010583,ok
A3_v2_daychunk,belgrade,19,y_t+15min,0.9,ACI-crosscheck,0.8886699507389163,10.97464974315048,15.454308641540909,0.8611111111111112,0.91765873015873,1015,True,False,16.064385582010583,ok
A3_v2_daychunk,belgrade,20,y_t+15min,0.9,EnbPI,0.9192118226600984,9.867854970818764,12.434953666309283,0.8859126984126984,0.9563492063492064,1015,True,False,12.761498015873016,ok
A3_v2_daychunk,belgrade,20,y_t+15min,0.9,AgACI-style,0.9103448275862068,7.269457785392549,10.351704078789956,0.8809523809523809,0.9375,1015,True,False,12.761498015873016,ok
A3_v2_daychunk,belgrade,20,y_t+15min,0.9,NGBoost,0.819704433497537,4.5791729678326965,9.931906911964065,0.7857142857142857,0.8581349206349206,1015,True,False,12.761498015873016,ok
A3_v2_daychunk,belgrade,20,y_t+15min,0.9,NGBoost-conformal,0.9517241379310344,8.62765156725729,10.02226327007024,0.9285714285714286,0.9702380952380952,1015,True,False,12.761498015873016,ok
A3_v2_daychunk,belgrade,20,y_t+15min,0.9,ACI-crosscheck,0.8916256157635468,7.279670863851528,11.533431114730003,0.8462301587301587,0.9265873015873016,1015,True,False,12.761498015873016,ok
A3_v2_daychunk,belgrade,21,y_t+15min,0.9,EnbPI,0.9113300492610836,9.056304556529597,14.805094894346286,0.871031746031746,0.9444444444444444,1015,True,False,16.143317460317462,ok
A3_v2_daychunk,belgrade,21,y_t+15min,0.9,AgACI-style,0.9073891625615764,9.086426629591102,13.877075045730985,0.876984126984127,0.9325396825396826,1015,True,False,16.143317460317462,ok
A3_v2_daychunk,belgrade,21,y_t+15min,0.9,NGBoost,0.812807881773399,5.417179555775934,14.2444935246043,0.7678571428571429,0.8591269841269841,1015,True,False,16.143317460317462,ok
A3_v2_daychunk,belgrade,21,y_t+15min,0.9,NGBoost-conformal,0.8975369458128079,7.572138169522292,13.42514744387487,0.8511904761904762,0.9345238095238096,1015,True,False,16.143317460317462,ok
A3_v2_daychunk,belgrade,21,y_t+15min,0.9,ACI-crosscheck,0.8975369458128079,9.108068288799323,14.983040284145703,0.8551587301587301,0.9315476190476192,1015,True,False,16.143317460317462,ok
A3_v2_daychunk,belgrade,22,y_t+15min,0.9,EnbPI,0.9103448275862068,16.161154763553924,26.23034226844252,0.8551587301587301,0.953373015873016,1015,True,False,21.59667592592592,ok
A3_v2_daychunk,belgrade,22,y_t+15min,0.9,AgACI-style,0.9251231527093596,13.196600507636,20.74728255404884,0.8928571428571429,0.9503968253968254,1015,True,False,21.59667592592592,ok
A3_v2_daychunk,belgrade,22,y_t+15min,0.9,NGBoost,0.8660098522167488,8.299625798091396,15.460283837479626,0.8263888888888888,0.9037698412698412,1015,True,False,21.59667592592592,ok
A3_v2_daychunk,belgrade,22,y_t+15min,0.9,NGBoost-conformal,0.9123152709359604,9.909035009385857,15.338047454504077,0.8799603174603174,0.9424603174603174,1015,True,False,21.59667592592592,ok
A3_v2_daychunk,belgrade,22,y_t+15min,0.9,ACI-crosscheck,0.8975369458128079,12.49259126332981,22.82128986713433,0.8472222222222222,0.9365079365079364,1015,True,False,21.59667592592592,ok
A3_v2_daychunk,belgrade,23,y_t+15min,0.9,EnbPI,0.8975369458128079,7.567334303784247,12.196228572327133,0.8511904761904762,0.9375496031746025,1015,True,False,17.54995238095239,ok
A3_v2_daychunk,belgrade,23,y_t+15min,0.9,AgACI-style,0.9113300492610836,7.211834673582208,10.76104675101178,0.8839285714285714,0.9315476190476192,1015,True,False,17.54995238095239,ok
A3_v2_daychunk,belgrade,23,y_t+15min,0.9,NGBoost,0.8157635467980295,4.4713162971403815,9.50732201713578,0.7688492063492064,0.8571428571428571,1015,True,False,17.54995238095239,ok
A3_v2_daychunk,belgrade,23,y_t+15min,0.9,NGBoost-conformal,0.9083743842364532,6.131593125314841,9.025446949615272,0.8740079365079365,0.939484126984127,1015,True,False,17.54995238095239,ok
A3_v2_daychunk,belgrade,23,y_t+15min,0.9,ACI-crosscheck,0.896551724137931,7.175144210323522,11.13263995076261,0.8621031746031746,0.921626984126984,1015,True,False,17.54995238095239,ok
A3_v2_daychunk,belgrade,24,y_t+15min,0.9,EnbPI,0.902463054187192,6.413501990694289,11.29388007572859,0.8571428571428571,0.9405257936507928,1015,True,False,13.71438492063492,ok
A3_v2_daychunk,belgrade,24,y_t+15min,0.9,AgACI-style,0.9103448275862068,6.457425755390568,10.873176154516146,0.876984126984127,0.9384920634920636,1015,True,False,13.71438492063492,ok
A3_v2_daychunk,belgrade,24,y_t+15min,0.9,NGBoost,0.7300492610837438,3.341287648819319,11.779625182717693,0.6666666666666666,0.7916666666666666,1015,True,False,13.71438492063492,ok
A3_v2_daychunk,belgrade,24,y_t+15min,0.9,NGBoost-conformal,0.8768472906403941,5.163791634261644,10.250117402509638,0.8273809523809523,0.921626984126984,1015,True,False,13.71438492063492,ok
A3_v2_daychunk,belgrade,24,y_t+15min,0.9,ACI-crosscheck,0.8955665024630541,6.527751440750456,10.94894676485711,0.8621031746031746,0.9226190476190476,1015,True,False,13.71438492063492,ok
A3_v2_daychunk,belgrade,8,y_t+15min,0.9,EnbPI,0.6640394088669951,32.61706031261986,121.762547544318,0.5287698412698413,0.8045634920634921,1015,True,False,49.9036388888889,ok
A3_v2_daychunk,belgrade,8,y_t+15min,0.9,AgACI-style,0.9477832512315272,30.905034096855648,43.5352127746001,0.91765873015873,0.9722222222222222,1015,True,False,49.9036388888889,ok
A3_v2_daychunk,belgrade,8,y_t+15min,0.9,NGBoost,0.4679802955665024,10.29731868298645,153.85539890741495,0.3343253968253968,0.5803571428571429,1015,True,False,49.9036388888889,ok
A3_v2_daychunk,belgrade,8,y_t+15min,0.9,NGBoost-conformal,0.787192118226601,16.340351354108723,136.64244579779685,0.6745535714285713,0.8849206349206349,1015,True,False,49.9036388888889,ok
A3_v2_daychunk,belgrade,8,y_t+15min,0.9,ACI-crosscheck,0.92807881773399,45.50116139911904,61.74701146558241,0.9037698412698412,0.9751984126984128,1015,True,False,49.9036388888889,ok
A3_v2_daychunk,belgrade,2,y_t+15min,0.9,EnbPI,0.9182266009852216,19.39567258454706,24.815000360840177,0.8878968253968254,0.9444444444444444,1015,True,False,28.087940295815315,ok
A3_v2_daychunk,belgrade,2,y_t+15min,0.9,AgACI-style,0.902463054187192,16.921329711337965,24.05638863491097,0.8740079365079365,0.925595238095238,1015,True,False,28.087940295815315,ok
A3_v2_daychunk,belgrade,2,y_t+15min,0.9,NGBoost,0.7753694581280788,9.497385971552172,26.39865188325048,0.7301091269841268,0.8125,1015,True,False,28.087940295815315,ok
A3_v2_daychunk,belgrade,2,y_t+15min,0.9,NGBoost-conformal,0.92807881773399,18.957097722168008,24.51375523870531,0.8928571428571429,0.9553571428571428,1015,True,False,28.087940295815315,ok
A3_v2_daychunk,belgrade,2,y_t+15min,0.9,ACI-crosscheck,0.8847290640394089,17.666486975668015,26.361809674862624,0.8353174603174603,0.9246031746031746,1015,True,False,28.087940295815315,ok
A3_v2_daychunk,belgrade,3,y_t+15min,0.9,EnbPI,0.916256157635468,18.296842088263247,27.38534147876103,0.876984126984127,0.9484126984126984,1015,True,False,22.46863492063492,ok
A3_v2_daychunk,belgrade,3,y_t+15min,0.9,AgACI-style,0.9192118226600984,16.078370405275376,24.18069551116043,0.8898809523809523,0.9444444444444444,1015,True,False,22.46863492063492,ok
A3_v2_daychunk,belgrade,3,y_t+15min,0.9,NGBoost,0.6591133004926109,8.517586048795959,33.78573844467804,0.5704365079365079,0.7281746031746031,1015,True,False,22.46863492063492,ok
A3_v2_daychunk,belgrade,3,y_t+15min,0.9,NGBoost-conformal,0.8482758620689655,13.243715772912164,26.00958453139505,0.7976190476190477,0.8888888888888888,1015,True,False,22.46863492063492,ok
A3_v2_daychunk,belgrade,3,y_t+15min,0.9,ACI-crosscheck,0.8916256157635468,16.656566528440543,26.581122878950097,0.8511904761904762,0.925595238095238,1015,True,False,22.46863492063492,ok
A3_v2_daychunk,belgrade,4,y_t+15min,0.9,EnbPI,0.930049261083744,23.75787299293602,31.989731261787146,0.9057539682539684,0.9553571428571428,1015,True,False,45.60462896825397,ok
A3_v2_daychunk,belgrade,4,y_t+15min,0.9,AgACI-style,0.9152709359605912,19.93277133693727,30.9711556846322,0.8938492063492064,0.939484126984127,1015,True,False,45.60462896825397,ok
A3_v2_daychunk,belgrade,4,y_t+15min,0.9,NGBoost,0.7408866995073892,11.855651219330994,30.08560872146135,0.7003968253968254,0.7797619047619048,1015,True,False,45.60462896825397,ok
A3_v2_daychunk,belgrade,4,y_t+15min,0.9,NGBoost-conformal,0.9369458128078818,19.68481706163275,27.766216735998608,0.9146825396825397,0.9593253968253967,1015,True,False,45.60462896825397,ok
A3_v2_daychunk,belgrade,4,y_t+15min,0.9,ACI-crosscheck,0.896551724137931,19.62927553656433,32.70979830826445,0.8630952380952381,0.9285714285714286,1015,True,False,45.60462896825397,ok
A12_v1_paired,belgrade,2,y_t+15min,0.9,EnbPI-oldchunk,0.918467583497053,18.654682754587373,24.67203133562677,0.8888888888888888,0.9444444444444444,1018,True,False,28.263079184704225,ok
A12_v1_paired,belgrade,2,y_t+15min,0.9,EnbPI-daychunk,0.9223968565815324,18.83914134189536,24.61145078964709,0.8938492063492064,0.9464285714285714,1018,True,False,28.263079184704225,ok
A12_v1_paired,belgrade,3,y_t+15min,0.9,EnbPI-oldchunk,0.9155206286836935,18.016645204586865,27.35991994599865,0.875,0.9474206349206348,1018,True,False,22.38488492063492,ok
A12_v1_paired,belgrade,3,y_t+15min,0.9,EnbPI-daychunk,0.9155206286836935,18.155208521770746,27.40661293759126,0.875,0.9474206349206348,1018,True,False,22.38488492063492,ok
A12_v1_paired,belgrade,4,y_t+15min,0.9,EnbPI-oldchunk,0.9302554027504912,23.43850734051389,31.59185176295651,0.9057539682539684,0.9553571428571428,1018,True,False,45.8512996031746,ok
A12_v1_paired,belgrade,4,y_t+15min,0.9,EnbPI-daychunk,0.9322200392927308,23.753029820586875,31.784080305339696,0.9077380952380952,0.95734126984127,1018,True,False,45.8512996031746,ok
A12_v1_paired,belgrade,5,y_t+15min,0.9,EnbPI-oldchunk,0.9636542239685658,24.097269624709384,29.00443991996766,0.9484126984126984,0.9791666666666666,1018,True,False,38.95779365079365,ok
A12_v1_paired,belgrade,5,y_t+15min,0.9,EnbPI-daychunk,0.9666011787819252,24.12438706846125,28.95560825113612,0.9523809523809524,0.9811507936507936,1018,True,False,38.95779365079365,ok
A12_v1_paired,belgrade,6,y_t+15min,0.9,EnbPI-oldchunk,0.948919449901768,11.122484155434254,15.294870686175544,0.9226190476190476,0.9722222222222222,1018,True,False,8.971863095238099,ok
A12_v1_paired,belgrade,6,y_t+15min,0.9,EnbPI-daychunk,0.949901768172888,11.155576832676212,15.291448328471844,0.9246031746031746,0.9722222222222222,1018,True,False,8.971863095238099,ok
A12_v1_paired,belgrade,7,y_t+15min,0.9,EnbPI-oldchunk,0.8781925343811395,56.26991260523007,87.40857747173995,0.8363095238095238,0.9107142857142856,1018,True,False,61.99016666666665,ok
A12_v1_paired,belgrade,7,y_t+15min,0.9,EnbPI-daychunk,0.8801571709233792,56.28315805488141,87.2254795829462,0.8382936507936508,0.9117063492063492,1018,True,False,61.99016666666665,ok
A12_v1_paired,belgrade,8,y_t+15min,0.9,EnbPI-oldchunk,0.6296660117878192,32.38588728690102,127.98858604543965,0.4880952380952381,0.7787698412698413,1018,True,False,49.9036388888889,ok
A12_v1_paired,belgrade,8,y_t+15min,0.9,EnbPI-daychunk,0.6532416502946955,33.42797347107578,126.10346741772152,0.5158730158730159,0.7936507936507936,1018,True,False,49.9036388888889,ok
A12_v1_paired,belgrade,9,y_t+15min,0.9,EnbPI-oldchunk,0.7897838899803536,7.0381678343746845,24.228475041798426,0.7083333333333334,0.8680555555555556,1018,True,False,7.599436507936616,ok
A12_v1_paired,belgrade,9,y_t+15min,0.9,EnbPI-daychunk,0.8025540275049116,7.615930887434683,24.41047057702376,0.7221726190476189,0.8800099206349199,1018,True,False,7.599436507936616,ok
A12_v1_paired,belgrade,11,y_t+15min,0.9,EnbPI-oldchunk,0.9086444007858546,7.301030962984326,12.421381653358486,0.8700396825396826,0.9484126984126984,1018,True,False,11.381295634920637,ok
A12_v1_paired,belgrade,11,y_t+15min,0.9,EnbPI-daychunk,0.9135559921414538,7.421231517696277,12.365062732610498,0.8759920634920635,0.9513888888888888,1018,True,False,11.381295634920637,ok
A12_v1_paired,belgrade,12,y_t+15min,0.9,EnbPI-oldchunk,0.8713163064833006,16.28614815445639,30.049577660802942,0.8313492063492064,0.925595238095238,1018,True,False,30.83308333333332,ok
A12_v1_paired,belgrade,12,y_t+15min,0.9,EnbPI-daychunk,0.8762278978388998,16.524616668739036,30.09117121311215,0.8373015873015873,0.929563492063492,1018,True,False,30.83308333333332,ok
A12_v1_paired,belgrade,13,y_t+15min,0.9,EnbPI-oldchunk,0.8948919449901768,23.24617983983476,37.39197330838898,0.8501984126984127,0.9365079365079364,1018,True,False,35.01317460317455,ok
A12_v1_paired,belgrade,13,y_t+15min,0.9,EnbPI-daychunk,0.899803536345776,23.544501790174003,37.18537154377849,0.8561507936507936,0.939484126984127,1018,True,False,35.01317460317455,ok
A12_v1_paired,belgrade,14,y_t+15min,0.9,EnbPI-oldchunk,0.869351669941061,20.53365963711892,31.47783992318417,0.8303571428571429,0.9097222222222222,1018,True,False,31.162391534391546,ok
A12_v1_paired,belgrade,14,y_t+15min,0.9,EnbPI-daychunk,0.869351669941061,20.473216688146582,31.62639879293859,0.8313492063492064,0.9087301587301588,1018,True,False,31.162391534391546,ok
A12_v1_paired,belgrade,15,y_t+15min,0.9,EnbPI-oldchunk,0.8457760314341847,8.818157056863065,19.22980571678062,0.7857142857142857,0.9047619047619048,1018,True,False,18.761968253968256,ok
A12_v1_paired,belgrade,15,y_t+15min,0.9,EnbPI-daychunk,0.849705304518664,8.958582984970748,19.270337042811462,0.7896825396825397,0.9077380952380952,1018,True,False,18.761968253968256,ok
A12_v1_paired,belgrade,16,y_t+15min,0.9,EnbPI-oldchunk,0.8899803536345776,6.362032612581709,9.14355914014308,0.8472222222222222,0.9285714285714286,1018,True,False,11.315458333333332,ok
A12_v1_paired,belgrade,16,y_t+15min,0.9,EnbPI-daychunk,0.8909626719056974,6.391632722658243,9.12719745235158,0.8482142857142857,0.9305555555555556,1018,True,False,11.315458333333332,ok
A12_v1_paired,belgrade,17,y_t+15min,0.9,EnbPI-oldchunk,0.9194499017681728,9.974920776135864,13.110057288275865,0.8908730158730159,0.9503968253968254,1018,True,False,11.83085052910053,ok
A12_v1_paired,belgrade,17,y_t+15min,0.9,EnbPI-daychunk,0.9174852652259332,10.008696723135875,13.142359908674116,0.8888888888888888,0.949404761904762,1018,True,False,11.83085052910053,ok
A12_v1_paired,belgrade,18,y_t+15min,0.9,EnbPI-oldchunk,0.8978388998035364,8.704720226829687,12.588420178769551,0.8452380952380952,0.941468253968254,1018,True,False,14.47299272486773,ok
A12_v1_paired,belgrade,18,y_t+15min,0.9,EnbPI-daychunk,0.9047151277013752,8.828379407450338,12.462193985292949,0.8541666666666666,0.945436507936508,1018,True,False,14.47299272486773,ok
A12_v1_paired,belgrade,19,y_t+15min,0.9,EnbPI-oldchunk,0.9194499017681728,11.392628347556473,15.060542941406428,0.8978174603174603,0.9474206349206348,1018,True,False,16.285996693121692,ok
A12_v1_paired,belgrade,19,y_t+15min,0.9,EnbPI-daychunk,0.9233791748526524,11.49377503055361,15.000389760593754,0.9027777777777778,0.9503968253968254,1018,True,False,16.285996693121692,ok
A12_v1_paired,belgrade,20,y_t+15min,0.9,EnbPI-oldchunk,0.9165029469548134,9.765118505446056,12.545638690415634,0.8829365079365079,0.953373015873016,1018,True,False,12.74010912698413,ok
A12_v1_paired,belgrade,20,y_t+15min,0.9,EnbPI-daychunk,0.9204322200392928,9.829242067420726,12.404914693487816,0.8869047619047619,0.9563492063492064,1018,True,False,12.74010912698413,ok
A12_v1_paired,belgrade,21,y_t+15min,0.9,EnbPI-oldchunk,0.9135559921414538,8.962158042645907,14.7894335883098,0.8740079365079365,0.9464285714285714,1018,True,False,16.15681746031746,ok
A12_v1_paired,belgrade,21,y_t+15min,0.9,EnbPI-daychunk,0.9135559921414538,9.003688403054577,14.789276544877586,0.8740079365079365,0.9464285714285714,1018,True,False,16.15681746031746,ok
A12_v1_paired,belgrade,22,y_t+15min,0.9,EnbPI-oldchunk,0.9056974459724952,16.04596424070185,26.20804216423583,0.8521825396825397,0.9484126984126984,1018,True,False,22.29628703703704,ok
A12_v1_paired,belgrade,22,y_t+15min,0.9,EnbPI-daychunk,0.9076620825147348,16.104945485295918,26.18548087359512,0.8541666666666666,0.949404761904762,1018,True,False,22.29628703703704,ok
A12_v1_paired,belgrade,23,y_t+15min,0.9,EnbPI-oldchunk,0.8909626719056974,7.584037584068772,12.409393015180829,0.8402777777777778,0.935515873015873,1018,True,False,17.27661904761905,ok
A12_v1_paired,belgrade,23,y_t+15min,0.9,EnbPI-daychunk,0.8988212180746562,7.645573138328356,12.180744414085211,0.8531746031746031,0.9384920634920636,1018,True,False,17.27661904761905,ok
A12_v1_paired,belgrade,24,y_t+15min,0.9,EnbPI-oldchunk,0.9106090373280943,6.295423349209009,11.25707571896322,0.8680555555555556,0.9484126984126984,1018,True,False,13.74699603174603,ok
A12_v1_paired,belgrade,24,y_t+15min,0.9,EnbPI-daychunk,0.9115913555992141,6.33698948977607,11.190533553534557,0.8680555555555556,0.9484623015873008,1018,True,False,13.74699603174603,ok
