facility_id,dynamic,horizon,level,method,PICP,MPIW,Winkler,n_test,n_cal,picp_ci_lo,picp_ci_hi,n_crossings_cal,n_crossings_test
1,False,y_t+5min,0.8,split-CP,1.0,0.0,0.0,1017,764,,,,
1,False,y_t+5min,0.8,ACI,1.0,0.0,0.0,1017,764,,,,
1,False,y_t+5min,0.85,split-CP,1.0,0.0,0.0,1017,764,,,,
1,False,y_t+5min,0.85,ACI,1.0,0.0,0.0,1017,764,,,,
1,False,y_t+5min,0.9,split-CP,1.0,0.0,0.0,1017,764,1.0,1.0,,
1,False,y_t+5min,0.9,ACI,1.0,0.0,0.0,1017,764,1.0,1.0,,
1,False,y_t+5min,0.95,split-CP,1.0,0.0,0.0,1017,764,,,,
1,False,y_t+5min,0.95,ACI,1.0,0.0,0.0,1017,764,,,,
1,False,y_t+5min,0.9,CQR,1.0,0.0,0.0,1017,764,1.0,1.0,0.0,0.0
1,False,y_t+5min,0.9,ACQR,1.0,0.0,0.0,1017,764,1.0,1.0,0.0,0.0
1,False,y_t+5min,0.95,CQR,1.0,0.0,0.0,1017,764,,,0.0,0.0
1,False,y_t+5min,0.95,ACQR,1.0,0.0,0.0,1017,764,,,0.0,0.0
1,False,y_t+15min,0.8,split-CP,1.0,0.0,0.0,1015,760,,,,
1,False,y_t+15min,0.8,ACI,1.0,0.0,0.0,1015,760,,,,
1,False,y_t+15min,0.85,split-CP,1.0,0.0,0.0,1015,760,,,,
1,False,y_t+15min,0.85,ACI,1.0,0.0,0.0,1015,760,,,,
1,False,y_t+15min,0.9,split-CP,1.0,0.0,0.0,1015,760,1.0,1.0,,
1,False,y_t+15min,0.9,ACI,1.0,0.0,0.0,1015,760,1.0,1.0,,
1,False,y_t+15min,0.95,split-CP,1.0,0.0,0.0,1015,760,,,,
1,False,y_t+15min,0.95,ACI,1.0,0.0,0.0,1015,760,,,,
1,False,y_t+15min,0.9,CQR,1.0,0.0,0.0,1015,760,1.0,1.0,0.0,0.0
1,False,y_t+15min,0.9,ACQR,1.0,0.0,0.0,1015,760,1.0,1.0,0.0,0.0
1,False,y_t+15min,0.95,CQR,1.0,0.0,0.0,1015,760,,,0.0,0.0
1,False,y_t+15min,0.95,ACQR,1.0,0.0,0.0,1015,760,,,0.0,0.0
1,False,y_t+30min,0.8,split-CP,1.0,0.0,0.0,1012,754,,,,
1,False,y_t+30min,0.8,ACI,1.0,0.0,0.0,1012,754,,,,
1,False,y_t+30min,0.85,split-CP,1.0,0.0,0.0,1012,754,,,,
1,False,y_t+30min,0.85,ACI,1.0,0.0,0.0,1012,754,,,,
1,False,y_t+30min,0.9,split-CP,1.0,0.0,0.0,1012,754,1.0,1.0,,
1,False,y_t+30min,0.9,ACI,1.0,0.0,0.0,1012,754,1.0,1.0,,
1,False,y_t+30min,0.95,split-CP,1.0,0.0,0.0,1012,754,,,,
1,False,y_t+30min,0.95,ACI,1.0,0.0,0.0,1012,754,,,,
1,False,y_t+30min,0.9,CQR,1.0,0.0,0.0,1012,754,1.0,1.0,0.0,0.0
1,False,y_t+30min,0.9,ACQR,1.0,0.0,0.0,1012,754,1.0,1.0,0.0,0.0
1,False,y_t+30min,0.95,CQR,1.0,0.0,0.0,1012,754,,,0.0,0.0
1,False,y_t+30min,0.95,ACQR,1.0,0.0,0.0,1012,754,,,0.0,0.0
2,True,y_t+5min,0.8,split-CP,0.8780727630285152,7.311952380952346,9.771042390236568,1017,764,,,,
2,True,y_t+5min,0.8,ACI,0.7984267453294002,5.17501863250192,8.355983629075325,1017,764,,,,
2,True,y_t+5min,0.85,split-CP,0.9075712881022616,8.486309523809496,10.937898785028406,1017,764,,,,
2,True,y_t+5min,0.85,ACI,0.8466076696165191,6.147391482247678,9.58175901391118,1017,764,,,,
2,True,y_t+5min,0.9,split-CP,0.9360865290068828,10.046373015872971,12.552211759870548,1017,764,0.9117063492063492,0.9563492063492064,,
2,True,y_t+5min,0.9,ACI,0.8967551622418879,7.505634643007312,11.422608103557469,1017,764,0.8670634920634921,0.91765873015873,,
2,True,y_t+5min,0.95,split-CP,0.9655850540806292,12.492988095238053,15.178820166950189,1017,764,,,,
2,True,y_t+5min,0.95,ACI,0.943952802359882,9.972227839570028,14.364589961042276,1017,764,,,,
2,True,y_t+5min,0.9,CQR,0.9233038348082596,6.97460994255833,9.626931671139294,1017,764,0.9017857142857144,0.941468253968254,18.0,5.0
2,True,y_t+5min,0.9,ACQR,0.895771878072763,7.203491611721105,9.744376074416309,1017,764,0.8819444444444444,0.9087301587301588,18.0,5.0
2,True,y_t+5min,0.95,CQR,0.968534906588004,10.457442580362414,12.855194416308152,1017,764,,,0.0,0.0
2,True,y_t+5min,0.95,ACQR,0.9419862340216324,9.382943218887595,12.62644224235125,1017,764,,,0.0,0.0
2,True,y_t+15min,0.8,split-CP,0.8522167487684729,14.895214285714246,20.78761990951029,1015,760,,,,
2,True,y_t+15min,0.8,ACI,0.7931034482758621,11.897644931723994,19.002972241296376,1015,760,,,,
2,True,y_t+15min,0.85,split-CP,0.8955665024630541,17.862587301587272,23.24965584139146,1015,760,,,,
2,True,y_t+15min,0.85,ACI,0.8384236453201971,13.1428853102927,21.17006386177832,1015,760,,,,
2,True,y_t+15min,0.9,split-CP,0.934975369458128,22.070281746031696,26.596532078348563,1015,760,0.9087301587301588,0.9583333333333334,,
2,True,y_t+15min,0.9,ACI,0.8886699507389163,15.94900199342712,25.020959179645388,1015,760,0.8571428571428571,0.9146825396825397,,
2,True,y_t+15min,0.95,split-CP,0.967487684729064,27.3464166666667,31.490574562775308,1015,760,,,,
2,True,y_t+15min,0.95,ACI,0.9379310344827586,20.835512611216554,30.986627970770314,1015,760,,,,
2,True,y_t+15min,0.9,CQR,0.9103448275862068,16.045712541627385,21.64316392978546,1015,760,0.8829365079365079,0.9365079365079364,1.0,0.0
2,True,y_t+15min,0.9,ACQR,0.8886699507389163,16.375418287470165,22.565361379572938,1015,760,0.871031746031746,0.9067460317460316,1.0,0.0
2,True,y_t+15min,0.95,CQR,0.9566502463054188,20.530242016290813,26.166126473407644,1015,760,,,0.0,5.0
2,True,y_t+15min,0.95,ACQR,0.9339901477832512,20.30633182906608,27.56834859190157,1015,760,,,0.0,5.0
2,True,y_t+30min,0.8,split-CP,0.8606719367588933,22.9056335978836,31.159775320282485,1012,754,,,,
2,True,y_t+30min,0.8,ACI,0.7835968379446641,16.936862950733207,28.61070582358924,1012,754,,,,
2,True,y_t+30min,0.85,split-CP,0.892292490118577,27.52270899470897,34.722118045254405,1012,754,,,,
2,True,y_t+30min,0.85,ACI,0.8290513833992095,20.02406947099765,31.748839094085536,1012,754,,,,
2,True,y_t+30min,0.9,split-CP,0.933794466403162,34.44574999999998,39.53175969106649,1012,754,0.8948412698412699,0.9652777777777778,,
2,True,y_t+30min,0.9,ACI,0.8754940711462451,24.119585354058973,37.023523093276005,1012,754,0.8402777777777778,0.9027777777777778,,
2,True,y_t+30min,0.95,split-CP,0.991106719367589,47.96896873235459,48.851786898487966,1012,754,,,,
2,True,y_t+30min,0.95,ACI,0.9229249011857708,28.67834655285688,44.79739981097337,1012,754,,,,
2,True,y_t+30min,0.9,CQR,0.9426877470355732,27.69033301709838,33.32295051524661,1012,754,0.9136904761904762,0.9652777777777778,0.0,2.0
2,True,y_t+30min,0.9,ACQR,0.8745059288537549,26.38405601534968,37.14641298288644,1012,754,0.8442460317460317,0.8978174603174603,0.0,2.0
2,True,y_t+30min,0.95,CQR,0.9762845849802372,37.72618752135846,42.99076989754784,1012,754,,,0.0,0.0
2,True,y_t+30min,0.95,ACQR,0.9209486166007904,31.23570289159153,47.8017961248778,1012,754,,,0.0,0.0
3,True,y_t+5min,0.8,split-CP,0.8289085545722714,5.390944801647611,9.364417351394737,1017,764,,,,
3,True,y_t+5min,0.8,ACI,0.7944936086529006,4.973151507793347,8.09012442575815,1017,764,,,,
3,True,y_t+5min,0.85,split-CP,0.872173058013766,6.547700530318395,10.613510964103268,1017,764,,,,
3,True,y_t+5min,0.85,ACI,0.8456243854473943,5.783182215118178,9.149389200589336,1017,764,,,,
3,True,y_t+5min,0.9,split-CP,0.903638151425762,7.972531190835657,12.377938400072743,1017,764,0.8690476190476191,0.9375,,
3,True,y_t+5min,0.9,ACI,0.895771878072763,6.8684492598792,10.526070150860466,1017,764,0.8670634920634921,0.9196428571428572,,
3,True,y_t+5min,0.95,split-CP,0.9429695181907572,10.032670769063968,15.50227854793427,1017,764,,,,
3,True,y_t+5min,0.95,ACI,0.9449360865290068,8.728937111688342,13.256006061712052,1017,764,,,,
3,True,y_t+5min,0.9,CQR,0.9085545722713864,6.262392435718897,10.67858026622382,1017,764,0.8779761904761905,0.933531746031746,0.0,0.0
3,True,y_t+5min,0.9,ACQR,0.895771878072763,6.898073911330826,10.18610202668997,1017,764,0.878968253968254,0.9117063492063492,0.0,0.0
3,True,y_t+5min,0.95,CQR,0.9459193706981318,7.796148961304134,13.561206717682266,1017,764,,,0.0,0.0
3,True,y_t+5min,0.95,ACQR,0.9459193706981318,8.757453216790898,12.932453273433918,1017,764,,,0.0,0.0
3,True,y_t+15min,0.8,split-CP,0.8344827586206897,11.554033104119922,20.331085896292173,1015,760,,,,
3,True,y_t+15min,0.8,ACI,0.7891625615763547,10.79939984007053,18.151408085018428,1015,760,,,,
3,True,y_t+15min,0.85,split-CP,0.8679802955665025,13.396884482849709,23.16123672684732,1015,760,,,,
3,True,y_t+15min,0.85,ACI,0.8374384236453202,12.95418939278656,20.807727410385333,1015,760,,,,
3,True,y_t+15min,0.9,split-CP,0.9004926108374385,16.435103194242355,27.41520160741466,1015,760,0.8591269841269841,0.9365079365079364,,
3,True,y_t+15min,0.9,ACI,0.8876847290640394,15.11788203045814,23.69404855495717,1015,760,0.8591269841269841,0.9126984126984128,,
3,True,y_t+15min,0.95,split-CP,0.9389162561576356,21.80228048788012,34.56795815121294,1015,760,,,,
3,True,y_t+15min,0.95,ACI,0.9339901477832512,19.723157397842986,31.3680135336794,1015,760,,,,
3,True,y_t+15min,0.9,CQR,0.8817733990147784,13.494300006783837,25.349882616313288,1015,760,0.8373015873015873,0.91765873015873,0.0,0.0
3,True,y_t+15min,0.9,ACQR,0.8886699507389163,16.067873081649207,24.783859147917283,1015,760,0.8670634920634921,0.9087301587301588,0.0,0.0
3,True,y_t+15min,0.95,CQR,0.9261083743842364,17.738016160319308,32.360281109283626,1015,760,,,0.0,0.0
3,True,y_t+15min,0.95,ACQR,0.934975369458128,21.118308069953564,31.225307080425072,1015,760,,,0.0,0.0
3,True,y_t+30min,0.8,split-CP,0.8191699604743083,17.401987495131184,31.68918150544413,1012,754,,,,
3,True,y_t+30min,0.8,ACI,0.775691699604743,18.608269569406144,30.828924214422404,1012,754,,,,
3,True,y_t+30min,0.85,split-CP,0.8646245059288538,22.018596531927745,36.07357766725646,1012,754,,,,
3,True,y_t+30min,0.85,ACI,0.8280632411067194,20.44333628280845,33.49041474916369,1012,754,,,,
3,True,y_t+30min,0.9,split-CP,0.91600790513834,27.976064596861463,41.89688267435198,1012,754,0.8740079365079365,0.9503968253968254,,
3,True,y_t+30min,0.9,ACI,0.8725296442687747,24.64230469034792,41.02465338055036,1012,754,0.8333333333333334,0.9067460317460316,,
3,True,y_t+30min,0.95,split-CP,0.9476284584980236,34.43114375738492,53.071984669327605,1012,754,,,,
3,True,y_t+30min,0.95,ACI,0.9229249011857708,33.33584031247563,49.37743441514893,1012,754,,,,
3,True,y_t+30min,0.9,CQR,0.8527667984189723,21.677690575032543,43.344671496324224,1012,754,0.8015873015873016,0.9007936507936508,0.0,0.0
3,True,y_t+30min,0.9,ACQR,0.8685770750988142,27.799455944644155,41.58390208578544,1012,754,0.8363095238095238,0.9017857142857144,0.0,0.0
3,True,y_t+30min,0.95,CQR,0.9298418972332017,33.8745476983273,53.59126092676864,1012,754,,,0.0,3.0
3,True,y_t+30min,0.95,ACQR,0.9140316205533596,36.26161369998815,58.29627089957251,1012,754,,,0.0,3.0
4,True,y_t+5min,0.8,split-CP,0.8436578171091446,6.979054223699665,11.401426669983197,1017,764,,,,
4,True,y_t+5min,0.8,ACI,0.7974434611602753,6.072672415224529,10.242273225345256,1017,764,,,,
4,True,y_t+5min,0.85,split-CP,0.8790560471976401,8.301991621274313,12.94541688072055,1017,764,,,,
4,True,y_t+5min,0.85,ACI,0.8475909537856441,7.324059948968872,11.739293178235208,1017,764,,,,
4,True,y_t+5min,0.9,split-CP,0.9321533923303836,10.630945854338652,15.340843167593889,1017,764,0.9007936507936508,0.9593253968253967,,
4,True,y_t+5min,0.9,ACI,0.8977384464110127,9.029304666117596,13.972537629028537,1017,764,0.8680555555555556,0.9226190476190476,,
4,True,y_t+5min,0.95,split-CP,0.9773844641101278,16.380628328989186,20.76183451455132,1017,764,,,,
4,True,y_t+5min,0.95,ACI,0.9478859390363816,11.575523412360065,17.863808231805155,1017,764,,,,
4,True,y_t+5min,0.9,CQR,0.9262536873156342,8.411307113632386,12.379753784788978,1017,764,0.9047619047619048,0.9474206349206348,0.0,0.0
4,True,y_t+5min,0.9,ACQR,0.8987217305801377,8.085795684186126,12.301513466907473,1017,764,0.8829365079365079,0.9126984126984128,0.0,0.0
4,True,y_t+5min,0.95,CQR,0.9655850540806292,11.506090208895236,16.51624058446841,1017,764,,,0.0,2.0
4,True,y_t+5min,0.95,ACQR,0.9469026548672568,11.5220004282535,17.022236636531904,1017,764,,,0.0,2.0
4,True,y_t+15min,0.8,split-CP,0.8758620689655172,17.637936067513028,24.85574046440241,1015,760,,,,
4,True,y_t+15min,0.8,ACI,0.7940886699507389,13.373048511031024,23.04189371003017,1015,760,,,,
4,True,y_t+15min,0.85,split-CP,0.9133004926108376,20.88313913264716,28.20443004079028,1015,760,,,,
4,True,y_t+15min,0.85,ACI,0.8433497536945813,16.145914820442282,26.940090734718364,1015,760,,,,
4,True,y_t+15min,0.9,split-CP,0.9586206896551724,27.18944717927576,33.83328625973553,1015,760,0.941468253968254,0.9751984126984128,,
4,True,y_t+15min,0.9,ACI,0.8906403940886699,20.662698053369727,33.09062570070871,1015,760,0.8611111111111112,0.91765873015873,,
4,True,y_t+15min,0.95,split-CP,0.9802955665024632,35.89348251889057,44.107904991327786,1015,760,,,,
4,True,y_t+15min,0.95,ACI,0.9379310344827586,26.32531608117297,43.121134765316775,1015,760,,,,
4,True,y_t+15min,0.9,CQR,0.9270935960591132,19.0514673363069,28.23807538060837,1015,760,0.9057043650793648,0.9513888888888888,2.0,2.0
4,True,y_t+15min,0.9,ACQR,0.8896551724137931,21.19535347530156,31.7810370839707,1015,760,0.873015873015873,0.9117063492063492,2.0,2.0
4,True,y_t+15min,0.95,CQR,0.9763546798029556,27.8204088591149,37.34596679166413,1015,760,,,2.0,6.0
4,True,y_t+15min,0.95,ACQR,0.9320197044334976,26.2262362261112,40.26708227250322,1015,760,,,2.0,6.0
4,True,y_t+30min,0.8,split-CP,0.9011857707509882,32.11497423367879,40.63034894707475,1012,754,,,,
4,True,y_t+30min,0.8,ACI,0.782608695652174,24.24623951622086,40.70328930454205,1012,754,,,,
4,True,y_t+30min,0.85,split-CP,0.9268774703557312,37.27864471222672,45.464931592098914,1012,754,,,,
4,True,y_t+30min,0.85,ACI,0.8290513833992095,28.05034148994016,45.65308666945194,1012,754,,,,
4,True,y_t+30min,0.9,split-CP,0.958498023715415,46.656486788052746,53.740868624010666,1012,754,0.935515873015873,0.98015873015873,,
4,True,y_t+30min,0.9,ACI,0.8715415019762845,34.88233009370528,54.117238399280666,1012,754,0.8382936507936508,0.9037698412698412,,
4,True,y_t+30min,0.95,split-CP,0.984189723320158,67.97680111551,70.63567486856853,1012,754,,,,
4,True,y_t+30min,0.95,ACI,0.9258893280632412,40.01122250334591,69.81427803599881,1012,754,,,,
4,True,y_t+30min,0.9,CQR,0.9426877470355732,35.00552472385111,46.43781551698675,1012,754,0.9166666666666666,0.9672619047619048,4.0,5.0
4,True,y_t+30min,0.9,ACQR,0.8715415019762845,33.72960943716011,48.67013149791684,1012,754,0.8471726190476189,0.8968253968253969,4.0,5.0
4,True,y_t+30min,0.95,CQR,0.9812252964426876,57.53946185237533,64.06019708221504,1012,754,,,1.0,5.0
4,True,y_t+30min,0.95,ACQR,0.91600790513834,41.77168817523621,64.72719678786898,1012,754,,,1.0,5.0
5,True,y_t+5min,0.8,split-CP,0.8377581120943953,5.085952380952335,8.624178647338669,1017,764,,,,
5,True,y_t+5min,0.8,ACI,0.7964601769911505,4.718563824754584,7.751783755248359,1017,764,,,,
5,True,y_t+5min,0.85,split-CP,0.8898721730580138,6.300380952380972,9.93336377099963,1017,764,,,,
5,True,y_t+5min,0.85,ACI,0.8466076696165191,5.265110933041615,8.756350934830612,1017,764,,,,
5,True,y_t+5min,0.9,split-CP,0.91937069813176,7.600658730158732,11.831243933221812,1017,764,0.8928571428571429,0.9464285714285714,,
5,True,y_t+5min,0.9,ACI,0.8947885939036382,6.451917459966381,10.339695892157303,1017,764,0.8630952380952381,0.9196428571428572,,
5,True,y_t+5min,0.95,split-CP,0.960668633235005,10.438400793650771,15.45115344305536,1017,764,,,,
5,True,y_t+5min,0.95,ACI,0.9429695181907572,8.59095798251059,13.72180480585004,1017,764,,,,
5,True,y_t+5min,0.9,CQR,0.9360865290068828,6.869261149034033,10.088193429737846,1017,764,0.9196428571428572,0.953373015873016,4.0,4.0
5,True,y_t+5min,0.9,ACQR,0.8977384464110127,6.280452447086375,10.093020451746506,1017,764,0.878968253968254,0.9146825396825397,4.0,4.0
5,True,y_t+5min,0.95,CQR,0.95968534906588,9.880188545527933,14.711397421453306,1017,764,,,0.0,0.0
5,True,y_t+5min,0.95,ACQR,0.9449360865290068,9.884420766812376,14.40522273953228,1017,764,,,0.0,0.0
5,True,y_t+15min,0.8,split-CP,0.8,10.07289682539681,20.054384054004743,1015,760,,,,
5,True,y_t+15min,0.8,ACI,0.7911330049261084,10.769724206745634,19.7128960209741,1015,760,,,,
5,True,y_t+15min,0.85,split-CP,0.8472906403940886,12.302253968254034,23.031225903574008,1015,760,,,,
5,True,y_t+15min,0.85,ACI,0.8374384236453202,13.101351675217682,23.39217892708763,1015,760,,,,
5,True,y_t+15min,0.9,split-CP,0.8945812807881773,15.060436507936402,27.580129305013543,1015,760,0.8640873015873016,0.9265873015873016,,
5,True,y_t+15min,0.9,ACI,0.8837438423645321,15.38673305883133,27.5220916410446,1015,760,0.8511904761904762,0.9107142857142856,,
5,True,y_t+15min,0.95,split-CP,0.9330049261083744,19.301645502645545,37.24452073633352,1015,760,,,,
5,True,y_t+15min,0.95,ACI,0.9310344827586208,20.688382150125,38.88192872797698,1015,760,,,,
5,True,y_t+15min,0.9,CQR,0.9339901477832512,16.285559527822606,24.268642364026803,1015,760,0.91765873015873,0.9563492063492064,0.0,8.0
5,True,y_t+15min,0.9,ACQR,0.8896551724137931,16.661709370791616,25.67146138149503,1015,760,0.871031746031746,0.9087301587301588,0.0,8.0
5,True,y_t+15min,0.95,CQR,0.9458128078817734,19.546656129606056,35.18693269697067,1015,760,,,0.0,0.0
5,True,y_t+15min,0.95,ACQR,0.929064039408867,22.915203323769155,38.65885331810037,1015,760,,,0.0,0.0
5,True,y_t+30min,0.8,split-CP,0.8201581027667985,17.123718308865122,33.48605525350753,1012,754,,,,
5,True,y_t+30min,0.8,ACI,0.7816205533596838,21.77786690304469,37.89276389223756,1012,754,,,,
5,True,y_t+30min,0.85,split-CP,0.8616600790513834,20.661456920721218,38.79523487013411,1012,754,,,,
5,True,y_t+30min,0.85,ACI,0.8260869565217391,23.81960365461575,42.50862600172143,1012,754,,,,
5,True,y_t+30min,0.9,split-CP,0.8873517786561265,23.88280803963553,47.04447036702725,1012,754,0.8441964285714284,0.9246031746031746,,
5,True,y_t+30min,0.9,ACI,0.8705533596837944,28.3524023311042,53.343736066124265,1012,754,0.8373015873015873,0.8998015873015873,,
5,True,y_t+30min,0.95,split-CP,0.9189723320158104,29.24913584015624,65.2310681078655,1012,754,,,,
5,True,y_t+30min,0.95,ACI,0.9150197628458498,35.4102513745102,74.35703754990952,1012,754,,,,
5,True,y_t+30min,0.9,CQR,0.9120553359683794,24.64407856789132,37.24174399481471,1012,754,0.8779761904761905,0.9384920634920636,0.0,3.0
5,True,y_t+30min,0.9,ACQR,0.8754940711462451,26.67085065480149,41.88649324851238,1012,754,0.8402777777777778,0.9047619047619048,0.0,3.0
5,True,y_t+30min,0.95,CQR,0.9614624505928854,34.46337454307447,51.57869624583861,1012,754,,,0.0,0.0
5,True,y_t+30min,0.95,ACQR,0.9258893280632412,33.604863352696626,56.17688315325501,1012,754,,,0.0,0.0
6,True,y_t+5min,0.8,split-CP,0.8023598820058997,3.055909090909097,5.255462719388481,1017,764,,,,
6,True,y_t+5min,0.8,ACI,0.799410029498525,3.1210736111051984,5.020140094759932,1017,764,,,,
6,True,y_t+5min,0.85,split-CP,0.8525073746312685,3.549434373585555,5.905222050892404,1017,764,,,,
6,True,y_t+5min,0.85,ACI,0.8485742379547689,3.689254537402399,5.6365871674439765,1017,764,,,,
6,True,y_t+5min,0.9,split-CP,0.8938053097345132,4.1167953422765455,6.928237972445813,1017,764,0.8650793650793651,0.9226190476190476,,
6,True,y_t+5min,0.9,ACI,0.8967551622418879,4.631795360012543,6.305233856037075,1017,764,0.8799603174603174,0.9107142857142856,,
6,True,y_t+5min,0.95,split-CP,0.9508357915437562,5.756185507093692,8.858374357247143,1017,764,,,,
6,True,y_t+5min,0.95,ACI,0.943952802359882,5.954694114259135,7.75809755447673,1017,764,,,,
6,True,y_t+5min,0.9,CQR,0.8908554572271387,3.842086933766857,6.511485552160909,1017,764,0.8650793650793651,0.9136904761904762,0.0,0.0
6,True,y_t+5min,0.9,ACQR,0.8967551622418879,4.515365290943064,6.238579853753482,1017,764,0.8839285714285714,0.9087301587301588,0.0,0.0
6,True,y_t+5min,0.95,CQR,0.9223205506391348,4.7714382165864455,8.544365859571123,1017,764,,,0.0,0.0
6,True,y_t+5min,0.95,ACQR,0.9449360865290068,6.403837759157541,8.221262861567077,1017,764,,,0.0,0.0
6,True,y_t+15min,0.8,split-CP,0.7852216748768472,6.14991666666667,11.165570439321671,1015,760,,,,
6,True,y_t+15min,0.8,ACI,0.7940886699507389,6.905129908041237,10.939488771126705,1015,760,,,,
6,True,y_t+15min,0.85,split-CP,0.8354679802955665,7.058547619047616,12.605892287090152,1015,760,,,,
6,True,y_t+15min,0.85,ACI,0.8403940886699507,7.982342183386764,12.15416353159399,1015,760,,,,
6,True,y_t+15min,0.9,split-CP,0.8945812807881773,8.478773809523801,14.968359711944684,1015,760,0.8551587301587301,0.9285714285714286,,
6,True,y_t+15min,0.9,ACI,0.8876847290640394,9.319353210737448,13.943467931721628,1015,760,0.8640873015873016,0.9077380952380952,,
6,True,y_t+15min,0.95,split-CP,0.934975369458128,10.664665255297516,20.03145350372123,1015,760,,,,
6,True,y_t+15min,0.95,ACI,0.9379310344827586,11.714340805190066,19.63628536929226,1015,760,,,,
6,True,y_t+15min,0.9,CQR,0.8926108374384236,8.163745723297184,13.781341861408505,1015,760,0.8630952380952381,0.9196428571428572,0.0,0.0
6,True,y_t+15min,0.9,ACQR,0.8916256157635468,9.873405738997176,14.9707131037271,1015,760,0.871031746031746,0.9067956349206342,0.0,0.0
6,True,y_t+15min,0.95,CQR,0.9251231527093596,9.338333023549083,17.962609054368823,1015,760,,,0.0,0.0
6,True,y_t+15min,0.95,ACQR,0.930049261083744,13.059131057372488,20.58881126491771,1015,760,,,0.0,0.0
6,True,y_t+30min,0.8,split-CP,0.7776679841897233,8.152111111111111,16.71585798914947,1012,754,,,,
6,True,y_t+30min,0.8,ACI,0.7875494071146245,9.821263561880974,17.27167454846809,1012,754,,,,
6,True,y_t+30min,0.85,split-CP,0.8458498023715415,10.152302910052914,19.074439129676406,1012,754,,,,
6,True,y_t+30min,0.85,ACI,0.8280632411067194,12.494276686978072,20.815754457150323,1012,754,,,,
6,True,y_t+30min,0.9,split-CP,0.8883399209486166,11.90582539682539,23.05311360374024,1012,754,0.8472222222222222,0.9275793650793652,,
6,True,y_t+30min,0.9,ACI,0.8745059288537549,14.305968895568787,24.71156843400524,1012,754,0.8442460317460317,0.8988095238095238,,
6,True,y_t+30min,0.95,split-CP,0.9219367588932806,14.29032862887414,32.09957734449075,1012,754,,,,
6,True,y_t+30min,0.95,ACI,0.9209486166007904,18.2598220365922,32.97665851828758,1012,754,,,,
6,True,y_t+30min,0.9,CQR,0.8616600790513834,10.037909650999296,21.40622018866022,1012,754,0.8244047619047619,0.8958333333333334,0.0,0.0
6,True,y_t+30min,0.9,ACQR,0.8715415019762845,15.068130371102136,25.73120501043997,1012,754,0.8412698412698413,0.8938492063492064,0.0,0.0
6,True,y_t+30min,0.95,CQR,0.900197628458498,12.05260580396049,31.370271293799828,1012,754,,,0.0,0.0
6,True,y_t+30min,0.95,ACQR,0.9209486166007904,18.059607191518488,34.67615197319029,1012,754,,,0.0,0.0
7,True,y_t+5min,0.8,split-CP,0.7433628318584071,13.43288095238097,27.9529910326754,1017,764,,,,
7,True,y_t+5min,0.8,ACI,0.7984267453294002,17.582014568691804,25.80344761314108,1017,764,,,,
7,True,y_t+5min,0.85,split-CP,0.7895771878072763,16.3122896825397,31.21975422905208,1017,764,,,,
7,True,y_t+5min,0.85,ACI,0.8466076696165191,20.83674283772784,28.895518117524105,1017,764,,,,
7,True,y_t+5min,0.9,split-CP,0.8603736479842674,20.68746031746032,35.49833656838082,1017,764,0.8194444444444444,0.8938492063492064,,
7,True,y_t+5min,0.9,ACI,0.8967551622418879,24.183152010795567,31.80915911678548,1017,764,0.876984126984127,0.9117063492063492,,
7,True,y_t+5min,0.95,split-CP,0.9144542772861356,26.283857142857187,43.851176570215856,1017,764,,,,
7,True,y_t+5min,0.95,ACI,0.943952802359882,30.31914286445555,40.17817641057364,1017,764,,,,
7,True,y_t+5min,0.9,CQR,0.8623402163225172,17.967403469660056,29.29054765103915,1017,764,0.8313492063492064,0.8859126984126984,0.0,0.0
7,True,y_t+5min,0.9,ACQR,0.8987217305801377,22.149668684066963,28.95076173035569,1017,764,0.8839285714285714,0.9097222222222222,0.0,0.0
7,True,y_t+5min,0.95,CQR,0.9242871189773844,23.2250274565712,35.857404693754525,1017,764,,,0.0,0.0
7,True,y_t+5min,0.95,ACQR,0.9449360865290068,26.973010527013336,36.27017495431837,1017,764,,,0.0,0.0
7,True,y_t+15min,0.8,split-CP,0.6955665024630542,31.107444444444468,71.04212324748775,1015,760,,,,
7,True,y_t+15min,0.8,ACI,0.7891625615763547,47.03935699903089,69.10309195532619,1015,760,,,,
7,True,y_t+15min,0.85,split-CP,0.7576354679802956,37.18232539682537,79.47209051220631,1015,760,,,,
7,True,y_t+15min,0.85,ACI,0.8354679802955665,52.78073145162628,75.97781914377966,1015,760,,,,
7,True,y_t+15min,0.9,split-CP,0.8364532019704434,47.24847222222223,90.93409319976683,1015,760,0.7867063492063492,0.875,,
7,True,y_t+15min,0.9,ACI,0.8837438423645321,61.34972485725368,83.39631109495322,1015,760,0.8571428571428571,0.9037698412698412,,
7,True,y_t+15min,0.95,split-CP,0.8817733990147784,57.54719047619051,114.86490090205356,1015,760,,,,
7,True,y_t+15min,0.95,ACI,0.9330049261083744,73.40779012811673,101.31761942744356,1015,760,,,,
7,True,y_t+15min,0.9,CQR,0.8384236453201971,44.96671479418433,74.18462903908338,1015,760,0.7936507936507936,0.8740079365079365,0.0,0.0
7,True,y_t+15min,0.9,ACQR,0.8837438423645321,54.87039376315635,71.6414882541941,1015,760,0.8581349206349206,0.9017857142857144,0.0,0.0
7,True,y_t+15min,0.95,CQR,0.8798029556650246,52.79522139636196,93.7742390469064,1015,760,,,0.0,0.0
7,True,y_t+15min,0.95,ACQR,0.9270935960591132,64.34376282982375,87.00857097037105,1015,760,,,0.0,0.0
7,True,y_t+30min,0.8,split-CP,0.6264822134387352,41.04198677248678,117.77628636592172,1012,754,,,,
7,True,y_t+30min,0.8,ACI,0.7776679841897233,73.3097712661713,112.69466827813308,1012,754,,,,
7,True,y_t+30min,0.85,split-CP,0.6758893280632411,48.25494047619054,133.77732062714676,1012,754,,,,
7,True,y_t+30min,0.85,ACI,0.8211462450592886,82.76432069156168,124.30317190158898,1012,754,,,,
7,True,y_t+30min,0.9,split-CP,0.775691699604743,61.90343386243381,153.6105974238605,1012,754,0.7113095238095238,0.8273809523809523,,
7,True,y_t+30min,0.9,ACI,0.8685770750988142,98.31047560649236,147.35646714510756,1012,754,0.8353174603174603,0.8908730158730159,,
7,True,y_t+30min,0.95,split-CP,0.866600790513834,83.8078571428572,190.2220256559342,1012,754,,,,
7,True,y_t+30min,0.95,ACI,0.91600790513834,119.96709620876048,172.6299325518284,1012,754,,,,
7,True,y_t+30min,0.9,CQR,0.7924901185770751,66.25835505218912,124.66734772419558,1012,754,0.7331349206349206,0.8363095238095238,0.0,0.0
7,True,y_t+30min,0.9,ACQR,0.8725296442687747,85.41629842975449,116.70229154082884,1012,754,0.8392857142857143,0.8958333333333334,0.0,0.0
7,True,y_t+30min,0.95,CQR,0.8735177865612648,83.90147801087753,157.4119785715549,1012,754,,,0.0,0.0
7,True,y_t+30min,0.95,ACQR,0.91699604743083,99.6023621352251,146.14904250510224,1012,754,,,0.0,0.0
8,True,y_t+5min,0.8,split-CP,0.7974434611602753,8.487573637058894,33.23486723842821,1017,764,,,,
8,True,y_t+5min,0.8,ACI,0.7974434611602753,9.978476979078131,14.110863702755417,1017,764,,,,
8,True,y_t+5min,0.85,split-CP,0.8072763028515241,12.274952790003804,39.522443932642425,1017,764,,,,
8,True,y_t+5min,0.85,ACI,0.8475909537856441,10.65690084502609,15.186547851211934,1017,764,,,,
8,True,y_t+5min,0.9,split-CP,0.8377581120943953,16.01600143070448,49.34036492328823,1017,764,0.7232142857142857,0.9305555555555556,,
8,True,y_t+5min,0.9,ACI,0.8977384464110127,11.49759368903248,17.27723450416985,1017,764,0.8670138888888888,0.9276289682539676,,
8,True,y_t+5min,0.95,split-CP,0.9547689282202556,35.3568065284346,43.97641711668824,1017,764,,,,
8,True,y_t+5min,0.95,ACI,0.9498525073746312,14.992637372105657,24.57760678104261,1017,764,,,,
8,True,y_t+5min,0.9,CQR,0.8711897738446411,6.105262044131411,10.33702663999074,1017,764,0.7837301587301587,0.9484126984126984,0.0,0.0
8,True,y_t+5min,0.9,ACQR,0.9016715830875124,5.719555139160823,9.994914443881964,1017,764,0.8700396825396826,0.9275793650793652,0.0,0.0
8,True,y_t+5min,0.95,CQR,0.9823008849557522,7.56420271832067,15.728748233853192,1017,764,,,0.0,0.0
8,True,y_t+5min,0.95,ACQR,0.9567354965585054,6.7778722779462495,15.068741706095956,1017,764,,,0.0,0.0
8,True,y_t+15min,0.8,split-CP,0.8157635467980295,31.80565985742955,70.12135871321709,1015,760,,,,
8,True,y_t+15min,0.8,ACI,0.7970443349753694,23.16922121093648,34.13413770818672,1015,760,,,,
8,True,y_t+15min,0.85,split-CP,0.8167487684729065,32.172470784789006,82.74208312525522,1015,760,,,,
8,True,y_t+15min,0.85,ACI,0.8472906403940886,25.11148788868038,36.42726915035491,1015,760,,,,
8,True,y_t+15min,0.9,split-CP,0.8660098522167488,56.776428312091134,87.73966343602577,1015,760,0.7628968253968254,0.949404761904762,,
8,True,y_t+15min,0.9,ACI,0.8975369458128079,28.90417378736936,44.03410934396748,1015,760,0.8650793650793651,0.9345238095238096,,
8,True,y_t+15min,0.95,split-CP,0.994088669950739,79.32239804910472,92.84747345244612,1015,760,,,,
8,True,y_t+15min,0.95,ACI,0.9477832512315272,38.72470325996299,60.70065637070918,1015,760,,,,
8,True,y_t+15min,0.9,CQR,0.8955665024630541,18.967327709414924,29.97921984794884,1015,760,0.8035714285714286,0.9663194444444436,0.0,0.0
8,True,y_t+15min,0.9,ACQR,0.8916256157635468,18.07056304400925,29.1139870044918,1015,760,0.8452380952380952,0.9285714285714286,0.0,0.0
8,True,y_t+15min,0.95,CQR,0.994088669950739,22.40925132410781,43.19592675288721,1015,760,,,0.0,0.0
8,True,y_t+15min,0.95,ACQR,0.9142857142857144,22.50270383392263,43.76532587625922,1015,760,,,0.0,0.0
8,True,y_t+30min,0.8,split-CP,0.8300395256916996,64.78256591008532,85.66384578655305,1012,754,,,,
8,True,y_t+30min,0.8,ACI,0.7895256916996047,38.22866154597684,55.838461391857344,1012,754,,,,
8,True,y_t+30min,0.85,split-CP,0.8300395256916996,64.80066263823642,92.61844877714256,1012,754,,,,
8,True,y_t+30min,0.85,ACI,0.8399209486166008,42.63309571719565,64.44160496485446,1012,754,,,,
8,True,y_t+30min,0.9,split-CP,0.9881422924901184,96.66155313089598,106.7822983095168,1012,754,0.9761904761904762,1.0,,
8,True,y_t+30min,0.9,ACI,0.8913043478260869,47.1400828635102,74.7623244780894,1012,754,0.8541666666666666,0.9315476190476192,,
8,True,y_t+30min,0.95,split-CP,0.9881422924901184,102.12071815065885,120.698462978068,1012,754,,,,
8,True,y_t+30min,0.95,ACI,0.9407114624505928,58.46774678153449,98.41754353334548,1012,754,,,,
8,True,y_t+30min,0.9,CQR,0.8982213438735178,26.36067442674046,48.791754930132775,1012,754,0.8194444444444444,0.9603174603174603,0.0,0.0
8,True,y_t+30min,0.9,ACQR,0.8695652173913043,27.67852542218054,50.06682513018521,1012,754,0.8244047619047619,0.9077380952380952,0.0,0.0
8,True,y_t+30min,0.95,CQR,0.9436758893280632,37.78601166453288,72.19562027536664,1012,754,,,0.0,0.0
8,True,y_t+30min,0.95,ACQR,0.900197628458498,41.07145812340361,76.00022670229266,1012,754,,,0.0,0.0
9,True,y_t+5min,0.8,split-CP,0.7010816125860374,2.095793650793439,6.439489671259697,1017,764,,,,
9,True,y_t+5min,0.8,ACI,0.7915437561455261,2.937151334007784,4.359593298249144,1017,764,,,,
9,True,y_t+5min,0.85,split-CP,0.7561455260570304,2.652145502645453,7.442878147096642,1017,764,,,,
9,True,y_t+5min,0.85,ACI,0.8377581120943953,3.3035358481334414,4.844517266474718,1017,764,,,,
9,True,y_t+5min,0.9,split-CP,0.8092428711897739,3.332997354497365,9.023893076005187,1017,764,0.7400793650793651,0.8829365079365079,,
9,True,y_t+5min,0.9,ACI,0.8859390363815143,3.961738150810917,5.72335247497688,1017,764,0.8531746031746031,0.9156746031746033,,
9,True,y_t+5min,0.95,split-CP,0.8692232055063913,4.502814814814883,12.112502348956522,1017,764,,,,
9,True,y_t+5min,0.95,ACI,0.9321533923303836,5.098878513325429,7.252740001267539,1017,764,,,,
9,True,y_t+5min,0.9,CQR,0.8662733529990168,3.319757678687058,6.318577335198268,1017,764,0.8273809523809523,0.9097222222222222,0.0,0.0
9,True,y_t+5min,0.9,ACQR,0.8908554572271387,3.800607378579649,5.24068892956263,1017,764,0.8660714285714286,0.9107142857142856,0.0,0.0
9,True,y_t+5min,0.95,CQR,0.9360865290068828,4.286467723457316,7.193266354286135,1017,764,,,3.0,1.0
9,True,y_t+5min,0.95,ACQR,0.9419862340216324,4.40004623231682,6.477451905504325,1017,764,,,3.0,1.0
9,True,y_t+15min,0.8,split-CP,0.6935960591133005,4.54867724867745,14.586970821278593,1015,760,,,,
9,True,y_t+15min,0.8,ACI,0.7704433497536946,6.9364088005317015,10.674745363439678,1015,760,,,,
9,True,y_t+15min,0.85,split-CP,0.7438423645320197,5.707384920634468,16.91798964802486,1015,760,,,,
9,True,y_t+15min,0.85,ACI,0.81871921182266,7.71574256415906,12.229982787172672,1015,760,,,,
9,True,y_t+15min,0.9,split-CP,0.787192118226601,6.781571428571624,21.11459201325928,1015,760,0.7113095238095238,0.8680555555555556,,
9,True,y_t+15min,0.9,ACI,0.8669950738916257,9.11811874101086,14.36732677727305,1015,760,0.8263888888888888,0.9057539682539684,,
9,True,y_t+15min,0.95,split-CP,0.8344827586206897,8.36858333333339,31.0434496839138,1015,760,,,,
9,True,y_t+15min,0.95,ACI,0.9182266009852216,11.634782986444304,18.81361882074315,1015,760,,,,
9,True,y_t+15min,0.9,CQR,0.8266009852216749,6.822321766711271,17.193908204239374,1015,760,0.7628968253968254,0.8888888888888888,0.0,0.0
9,True,y_t+15min,0.9,ACQR,0.8699507389162562,9.02768648009104,13.40534310322604,1015,760,0.8373015873015873,0.8988095238095238,0.0,0.0
9,True,y_t+15min,0.95,CQR,0.8886699507389163,9.050973756589448,22.624112310838218,1015,760,,,0.0,6.0
9,True,y_t+15min,0.95,ACQR,0.9192118226600984,10.87844060481394,16.73169014248452,1015,760,,,0.0,6.0
9,True,y_t+30min,0.8,split-CP,0.6709486166007905,7.34318650793648,26.16113095850008,1012,754,,,,
9,True,y_t+30min,0.8,ACI,0.7608695652173914,12.292146953957932,19.56363956968248,1012,754,,,,
9,True,y_t+30min,0.85,split-CP,0.7065217391304348,8.940000000000055,30.69249226204321,1012,754,,,,
9,True,y_t+30min,0.85,ACI,0.8043478260869565,13.828457970205251,22.05373917154209,1012,754,,,,
9,True,y_t+30min,0.9,split-CP,0.7628458498023716,11.338864417989498,37.65697140552682,1012,754,0.6716269841269841,0.8581349206349206,,
9,True,y_t+30min,0.9,ACI,0.849802371541502,15.390627064408598,26.05584549093582,1012,754,0.8005952380952381,0.8948412698412699,,
9,True,y_t+30min,0.95,split-CP,0.8201581027667985,14.770203703703372,52.943762922144,1012,754,,,,
9,True,y_t+30min,0.95,ACI,0.9061264822134388,19.097876742526868,33.870115464371686,1012,754,,,,
9,True,y_t+30min,0.9,CQR,0.8231225296442688,11.497278659252157,34.868296255045166,1012,754,0.7450396825396826,0.9027777777777778,4.0,1.0
9,True,y_t+30min,0.9,ACQR,0.8517786561264822,15.520014132654673,24.679644233598523,1012,754,0.8065476190476191,0.8898809523809523,4.0,1.0
9,True,y_t+30min,0.95,CQR,0.8310276679841897,11.959475858366613,52.30567703658574,1012,754,,,5.0,20.0
9,True,y_t+30min,0.95,ACQR,0.8972332015810277,18.753600768158137,32.67487636734083,1012,754,,,5.0,20.0
10,False,y_t+5min,0.8,split-CP,0.9026548672566372,1.5457063492063488,1.957750500746568,1017,764,,,,
10,False,y_t+5min,0.8,ACI,0.7954768928220256,0.8622749332771453,1.5983212074625546,1017,764,,,,
10,False,y_t+5min,0.85,split-CP,0.9174041297935104,1.8033571428571376,2.200538741743099,1017,764,,,,
10,False,y_t+5min,0.85,ACI,0.8466076696165191,1.1166950414384036,1.918009650752031,1017,764,,,,
10,False,y_t+5min,0.9,split-CP,0.9587020648967552,2.230785714285716,2.5803507411049216,1017,764,0.941468253968254,0.9742063492063492,,
10,False,y_t+5min,0.9,ACI,0.895771878072763,1.3893003725034203,2.178808613361219,1017,764,0.875,0.9146825396825397,,
10,False,y_t+5min,0.95,split-CP,0.992133726647001,3.1315833333333383,3.43632617070646,1017,764,,,,
10,False,y_t+5min,0.95,ACI,0.9419862340216324,1.955016347749632,2.870051465041386,1017,764,,,,
10,False,y_t+5min,0.9,CQR,0.9262536873156342,1.4296840597839324,1.9855435687657528,1017,764,0.9077380952380952,0.945436507936508,0.0,4.0
10,False,y_t+5min,0.9,ACQR,0.8967551622418879,1.2259052323181925,1.9508256906147348,1017,764,0.8809523809523809,0.9126984126984128,0.0,4.0
10,False,y_t+5min,0.95,CQR,0.9724680432645034,2.378879170699642,2.7821258668463527,1017,764,,,0.0,1.0
10,False,y_t+5min,0.95,ACQR,0.943952802359882,2.105721510774792,2.796061634001341,1017,764,,,0.0,1.0
10,False,y_t+15min,0.8,split-CP,0.9320197044334976,3.4906507936508007,3.9526895870504286,1015,760,,,,
10,False,y_t+15min,0.8,ACI,0.7881773399014779,2.0243082946518904,3.3950685526387487,1015,760,,,,
10,False,y_t+15min,0.85,split-CP,0.9517241379310344,3.819309523809522,4.305850340530963,1015,760,,,,
10,False,y_t+15min,0.85,ACI,0.8344827586206897,2.4341553917073617,3.8604288013847112,1015,760,,,,
10,False,y_t+15min,0.9,split-CP,0.9793103448275862,4.836472222222221,5.265397047533745,1015,760,0.9662698412698412,0.992063492063492,,
10,False,y_t+15min,0.9,ACI,0.8827586206896552,3.046473439414079,4.399353955814298,1015,760,0.8561011904761903,0.9067460317460316,,
10,False,y_t+15min,0.95,split-CP,0.994088669950739,6.735146825396825,7.175411517829004,1015,760,,,,
10,False,y_t+15min,0.95,ACI,0.9339901477832512,3.818257153164296,5.712068849769096,1015,760,,,,
10,False,y_t+15min,0.9,CQR,0.9625615763546798,3.3559448051461978,3.81614883080612,1015,760,0.9503968253968254,0.9761904761904762,1.0,4.0
10,False,y_t+15min,0.9,ACQR,0.8886699507389163,2.870408428361687,3.89046020791653,1015,760,0.8690476190476191,0.9087301587301588,1.0,4.0
10,False,y_t+15min,0.95,CQR,0.9901477832512317,5.074974771072449,5.369614289096034,1015,760,,,0.0,0.0
10,False,y_t+15min,0.95,ACQR,0.9310344827586208,3.789927035444981,5.154503235144161,1015,760,,,0.0,0.0
10,False,y_t+30min,0.8,split-CP,0.9466403162055336,5.3128571428571405,5.77695378878185,1012,754,,,,
10,False,y_t+30min,0.8,ACI,0.7845849802371542,2.991627512732568,4.927170105054796,1012,754,,,,
10,False,y_t+30min,0.85,split-CP,0.9644268774703556,6.148825396825401,6.52916214389963,1012,754,,,,
10,False,y_t+30min,0.85,ACI,0.8280632411067194,3.570453038564277,5.507721413366202,1012,754,,,,
10,False,y_t+30min,0.9,split-CP,0.9920948616600792,8.09086507936508,8.337760710816049,1012,754,0.9811507936507936,0.9990079365079364,,
10,False,y_t+30min,0.9,ACI,0.8794466403162056,4.454569055379975,6.340127688565023,1012,754,0.8472222222222222,0.9077380952380952,,
10,False,y_t+30min,0.95,split-CP,0.9940711462450592,10.326412698412696,10.548621745404352,1012,754,,,,
10,False,y_t+30min,0.95,ACI,0.9258893280632412,5.34418668373961,7.823357826514998,1012,754,,,,
10,False,y_t+30min,0.9,CQR,0.9762845849802372,5.304784622294967,5.61921344302148,1012,754,0.9632936507936508,0.9900793650793652,0.0,0.0
10,False,y_t+30min,0.9,ACQR,0.8695652173913043,3.952705180233366,5.381846424173324,1012,754,0.8382936507936508,0.8988095238095238,0.0,0.0
10,False,y_t+30min,0.95,CQR,0.9960474308300395,8.489317414803754,8.60824574122305,1012,754,,,0.0,0.0
10,False,y_t+30min,0.95,ACQR,0.9199604743083004,4.841011543982076,7.183635440796996,1012,754,,,0.0,0.0
11,True,y_t+5min,0.8,split-CP,0.8387413962635202,2.411637438674796,4.106730689273216,1017,764,,,,
11,True,y_t+5min,0.8,ACI,0.7944936086529006,2.0005945302512407,3.4852058220331323,1017,764,,,,
11,True,y_t+5min,0.85,split-CP,0.9006882989183874,3.133631771134107,4.72428227186491,1017,764,,,,
11,True,y_t+5min,0.85,ACI,0.8436578171091446,2.456535960875317,4.002669777227094,1017,764,,,,
11,True,y_t+5min,0.9,split-CP,0.9301868239921336,3.968938983055255,5.590938559282955,1017,764,0.9047619047619048,0.9623015873015872,,
11,True,y_t+5min,0.9,ACI,0.8938053097345132,2.88390460736503,4.691482999328869,1017,764,0.8690476190476191,0.9186507936507936,,
11,True,y_t+5min,0.95,split-CP,0.9557522123893806,4.914412273753595,6.962236061095574,1017,764,,,,
11,True,y_t+5min,0.95,ACI,0.9429695181907572,3.850147495522249,5.530802464938279,1017,764,,,,
11,True,y_t+5min,0.9,CQR,0.895771878072763,2.61528531430628,4.53933684004073,1017,764,0.871031746031746,0.9226190476190476,0.0,0.0
11,True,y_t+5min,0.9,ACQR,0.895771878072763,2.779032968663236,4.145359194659207,1017,764,0.8759920634920635,0.9146825396825397,0.0,0.0
11,True,y_t+5min,0.95,CQR,0.9410029498525072,3.4452309372232093,5.5293054046209775,1017,764,,,0.0,0.0
11,True,y_t+5min,0.95,ACQR,0.9459193706981318,3.780346465311836,5.136023901097243,1017,764,,,0.0,0.0
11,True,y_t+15min,0.8,split-CP,0.8561576354679803,4.485262568743975,8.446207267313056,1015,760,,,,
11,True,y_t+15min,0.8,ACI,0.7881773399014779,4.03494502713579,7.430910935338153,1015,760,,,,
11,True,y_t+15min,0.85,split-CP,0.8916256157635468,5.619001137696454,9.851727239120422,1015,760,,,,
11,True,y_t+15min,0.85,ACI,0.8364532019704434,4.731398572418277,8.735889897428486,1015,760,,,,
11,True,y_t+15min,0.9,split-CP,0.916256157635468,6.831176706544692,11.930219295227673,1015,760,0.8809523809523809,0.953373015873016,,
11,True,y_t+15min,0.9,ACI,0.8827586206896552,5.574192798858684,9.976448681819004,1015,760,0.8492063492063492,0.9136904761904762,,
11,True,y_t+15min,0.95,split-CP,0.9448275862068966,9.500773490239006,15.64376600985221,1015,760,,,,
11,True,y_t+15min,0.95,ACI,0.9359605911330048,7.035279151905383,12.827597654785457,1015,760,,,,
11,True,y_t+15min,0.9,CQR,0.916256157635468,5.446614041686219,10.10833767057918,1015,760,0.8819444444444444,0.9474206349206348,0.0,0.0
11,True,y_t+15min,0.9,ACQR,0.8837438423645321,5.852203759427921,10.162109944440704,1015,760,0.8571428571428571,0.9077380952380952,0.0,0.0
11,True,y_t+15min,0.95,CQR,0.9477832512315272,7.350571184527627,13.389300340935842,1015,760,,,0.0,0.0
11,True,y_t+15min,0.95,ACQR,0.9320197044334976,7.476102055772132,12.897039291757263,1015,760,,,0.0,0.0
11,True,y_t+30min,0.8,split-CP,0.8142292490118577,6.522735339184592,14.373580700459131,1012,754,,,,
11,True,y_t+30min,0.8,ACI,0.7707509881422925,6.841615088439994,14.108710939971132,1012,754,,,,
11,True,y_t+30min,0.85,split-CP,0.8695652173913043,8.2983920963264,16.74471362375899,1012,754,,,,
11,True,y_t+30min,0.85,ACI,0.8191699604743083,7.927979430755676,16.723850463910622,1012,754,,,,
11,True,y_t+30min,0.9,split-CP,0.9071146245059288,10.13076440834409,20.535765496876472,1012,754,0.8670634920634921,0.9503968253968254,,
11,True,y_t+30min,0.9,ACI,0.8636363636363636,9.758249685063594,20.062642397261666,1012,754,0.8253968253968254,0.8998015873015873,,
11,True,y_t+30min,0.95,split-CP,0.9486166007905138,15.225229689300424,28.395700391490305,1012,754,,,,
11,True,y_t+30min,0.95,ACI,0.9130434782608696,12.572367069191706,29.33290450066648,1012,754,,,,
11,True,y_t+30min,0.9,CQR,0.8952569169960475,7.925972384509349,18.344102572660912,1012,754,0.8531746031746031,0.933531746031746,0.0,1.0
11,True,y_t+30min,0.9,ACQR,0.8646245059288538,10.051087178995996,19.574595037474403,1012,754,0.8283730158730159,0.8948412698412699,0.0,1.0
11,True,y_t+30min,0.95,CQR,0.9347826086956522,11.017662397830602,24.799095911182945,1012,754,,,2.0,4.0
11,True,y_t+30min,0.95,ACQR,0.9100790513833992,13.337598368286098,29.078351501613184,1012,754,,,2.0,4.0
12,True,y_t+5min,0.8,split-CP,0.7590953785644051,4.379015873015874,9.887318046551576,1017,764,,,,
12,True,y_t+5min,0.8,ACI,0.7925270403146509,4.890737412338197,7.760048611490847,1017,764,,,,
12,True,y_t+5min,0.85,split-CP,0.8092428711897739,5.461473544973558,11.25743677466178,1017,764,,,,
12,True,y_t+5min,0.85,ACI,0.8416912487708947,6.005384846725802,9.007102320955568,1017,764,,,,
12,True,y_t+5min,0.9,split-CP,0.8574237954768928,6.591539682539691,13.423027104400756,1017,764,0.814484126984127,0.9077380952380952,,
12,True,y_t+5min,0.9,ACI,0.8918387413962635,7.227282321315016,10.578354835966678,1017,764,0.8670634920634921,0.9186507936507936,,
12,True,y_t+5min,0.95,split-CP,0.9134709931170109,8.76613227513235,17.539214246695007,1017,764,,,,
12,True,y_t+5min,0.95,ACI,0.9410029498525072,9.275169595763504,13.42258865927401,1017,764,,,,
12,True,y_t+5min,0.9,CQR,0.8780727630285152,5.239209579007165,9.846127239532974,1017,764,0.8541666666666666,0.9136904761904762,0.0,0.0
12,True,y_t+5min,0.9,ACQR,0.8938053097345132,6.029683762452554,8.763186070281241,1017,764,0.878968253968254,0.9107142857142856,0.0,0.0
12,True,y_t+5min,0.95,CQR,0.935103244837758,7.549467877922682,12.481593669498723,1017,764,,,6.0,2.0
12,True,y_t+5min,0.95,ACQR,0.9429695181907572,8.586519434457141,11.603999351138096,1017,764,,,6.0,2.0
12,True,y_t+15min,0.8,split-CP,0.7556650246305419,9.476698412698452,22.978439893029787,1015,760,,,,
12,True,y_t+15min,0.8,ACI,0.7812807881773399,10.878620112244992,18.10769293820575,1015,760,,,,
12,True,y_t+15min,0.85,split-CP,0.7980295566502463,11.621623015873013,26.457024868110665,1015,760,,,,
12,True,y_t+15min,0.85,ACI,0.8295566502463054,12.548086653011282,20.88840348505718,1015,760,,,,
12,True,y_t+15min,0.9,split-CP,0.8334975369458129,13.80213888888892,32.05158695924581,1015,760,0.7827380952380952,0.8988095238095238,,
12,True,y_t+15min,0.9,ACI,0.8758620689655172,15.127735243483029,24.74880043982655,1015,760,0.8452380952380952,0.9097222222222222,,
12,True,y_t+15min,0.95,split-CP,0.8935960591133005,18.22948015873009,42.90874244142106,1015,760,,,,
12,True,y_t+15min,0.95,ACI,0.9241379310344828,19.366486363663707,32.088291954168795,1015,760,,,,
12,True,y_t+15min,0.9,CQR,0.8729064039408867,11.440122955769128,21.79118684073218,1015,760,0.8412698412698413,0.91765873015873,6.0,4.0
12,True,y_t+15min,0.9,ACQR,0.8817733990147784,14.057500463874764,20.77927722145589,1015,760,0.8630952380952381,0.9047619047619048,6.0,4.0
12,True,y_t+15min,0.95,CQR,0.9270935960591132,15.38179809472648,28.97341521206961,1015,760,,,0.0,0.0
12,True,y_t+15min,0.95,ACQR,0.9251231527093596,18.505205467839573,27.80170499878829,1015,760,,,0.0,0.0
12,True,y_t+30min,0.8,split-CP,0.7470355731225297,15.092047619047662,38.91801750621428,1012,754,,,,
12,True,y_t+30min,0.8,ACI,0.7618577075098815,18.50583291887017,30.73652233427239,1012,754,,,,
12,True,y_t+30min,0.85,split-CP,0.7776679841897233,17.21563888888886,45.60500251442498,1012,754,,,,
12,True,y_t+30min,0.85,ACI,0.8092885375494071,20.72831915049312,34.463865333348366,1012,754,,,,
12,True,y_t+30min,0.9,split-CP,0.8330039525691699,21.667550264550243,55.48581703424979,1012,754,0.7738095238095238,0.9077380952380952,,
12,True,y_t+30min,0.9,ACI,0.8616600790513834,22.77300196043837,39.957827074196736,1012,754,0.8244047619047619,0.9047619047619048,,
12,True,y_t+30min,0.95,split-CP,0.8853754940711462,27.88965079365073,77.94603705041737,1012,754,,,,
12,True,y_t+30min,0.95,ACI,0.9110671936758892,27.923149983048493,52.89262004140774,1012,754,,,,
12,True,y_t+30min,0.9,CQR,0.8784584980237155,18.851485405267653,38.43465554961738,1012,754,0.8313492063492064,0.9275793650793652,0.0,0.0
12,True,y_t+30min,0.9,ACQR,0.8656126482213439,23.34557316723479,37.41676316670509,1012,754,0.8303571428571429,0.8948412698412699,0.0,0.0
12,True,y_t+30min,0.95,CQR,0.9130434782608696,23.83282866795567,54.76758999242431,1012,754,,,0.0,5.0
12,True,y_t+30min,0.95,ACQR,0.9051383399209486,29.343518163187827,49.38188606499484,1012,754,,,0.0,5.0
13,True,y_t+5min,0.8,split-CP,0.8082595870206489,6.694572751322767,12.039704291593182,1017,764,,,,
13,True,y_t+5min,0.8,ACI,0.7964601769911505,5.482447750672432,8.265602004736236,1017,764,,,,
13,True,y_t+5min,0.85,split-CP,0.8613569321533924,9.005555555555588,13.632136108789668,1017,764,,,,
13,True,y_t+5min,0.85,ACI,0.8456243854473943,6.550502849348473,9.36743560497675,1017,764,,,,
13,True,y_t+5min,0.9,split-CP,0.9006882989183874,10.968543650793665,15.525884412202752,1017,764,0.8630952380952381,0.9404761904761904,,
13,True,y_t+5min,0.9,ACI,0.895771878072763,7.76678838461877,10.975438862568664,1017,764,0.8591269841269841,0.925595238095238,,
13,True,y_t+5min,0.95,split-CP,0.9557522123893806,15.358785714285656,18.58584496626138,1017,764,,,,
13,True,y_t+5min,0.95,ACI,0.9419862340216324,10.096012723692418,14.148040091059055,1017,764,,,,
13,True,y_t+5min,0.9,CQR,0.9065880039331368,6.843663394461822,10.755248204775096,1017,764,0.8759920634920635,0.9365079365079364,47.0,0.0
13,True,y_t+5min,0.9,ACQR,0.8947885939036382,7.099088392536459,10.009602671499572,1017,764,0.875,0.9136904761904762,47.0,0.0
13,True,y_t+5min,0.95,CQR,0.9557522123893806,9.58265076182478,13.931532400031926,1017,764,,,4.0,0.0
13,True,y_t+5min,0.95,ACQR,0.9449360865290068,8.881831391287324,12.41525085909178,1017,764,,,4.0,0.0
13,True,y_t+15min,0.8,split-CP,0.8009852216748768,14.40735185185188,27.457678333890183,1015,760,,,,
13,True,y_t+15min,0.8,ACI,0.7881773399014779,12.842411836047544,20.971006357973355,1015,760,,,,
13,True,y_t+15min,0.85,split-CP,0.8541871921182266,19.181281746031686,30.98705931292753,1015,760,,,,
13,True,y_t+15min,0.85,ACI,0.8344827586206897,15.114340119705137,23.701717040054145,1015,760,,,,
13,True,y_t+15min,0.9,split-CP,0.9044334975369458,23.47727777777777,36.013641294483655,1015,760,0.8690476190476191,0.941468253968254,,
13,True,y_t+15min,0.9,ACI,0.8807881773399014,18.77165355051808,28.33126697422264,1015,760,0.8363095238095238,0.9166666666666666,,
13,True,y_t+15min,0.95,split-CP,0.9536945812807882,32.87126190476193,45.314231890805765,1015,760,,,,
13,True,y_t+15min,0.95,ACI,0.930049261083744,24.135372147465738,38.03090226686285,1015,760,,,,
13,True,y_t+15min,0.9,CQR,0.90935960591133,17.333565809757573,28.781182979029523,1015,760,0.8759920634920635,0.941468253968254,22.0,0.0
13,True,y_t+15min,0.9,ACQR,0.8788177339901477,19.48192251766788,28.670653448205957,1015,760,0.8511904761904762,0.8998015873015873,22.0,0.0
13,True,y_t+15min,0.95,CQR,0.9428571428571428,22.85499284726783,39.42146362637894,1015,760,,,1.0,0.0
13,True,y_t+15min,0.95,ACQR,0.929064039408867,26.2327103254038,37.10621674190367,1015,760,,,1.0,0.0
13,True,y_t+30min,0.8,split-CP,0.7954545454545454,23.249658068783106,43.981214049973154,1012,754,,,,
13,True,y_t+30min,0.8,ACI,0.7766798418972332,22.466620985538245,34.66278787741059,1012,754,,,,
13,True,y_t+30min,0.85,split-CP,0.8468379446640316,30.5559603174604,49.73133333048154,1012,754,,,,
13,True,y_t+30min,0.85,ACI,0.8260869565217391,24.55610499430521,40.50249093288512,1012,754,,,,
13,True,y_t+30min,0.9,split-CP,0.8982213438735178,38.2051587301587,57.12498459948867,1012,754,0.8511904761904762,0.935515873015873,,
13,True,y_t+30min,0.9,ACI,0.8715415019762845,30.5062312291258,47.09891224452843,1012,754,0.8244047619047619,0.9077876984126976,,
13,True,y_t+30min,0.95,split-CP,0.958498023715415,52.85230720899472,70.49219963741973,1012,754,,,,
13,True,y_t+30min,0.95,ACI,0.9219367588932806,38.7328862957228,65.96722418507993,1012,754,,,,
13,True,y_t+30min,0.9,CQR,0.8883399209486166,29.445373201281317,50.95947491962682,1012,754,0.8392857142857143,0.9275793650793652,3.0,0.0
13,True,y_t+30min,0.9,ACQR,0.8656126482213439,34.25411359792683,52.35836626052865,1012,754,0.8303571428571429,0.8958333333333334,3.0,0.0
13,True,y_t+30min,0.95,CQR,0.9555335968379448,46.95365425930648,65.60732772831041,1012,754,,,0.0,0.0
13,True,y_t+30min,0.95,ACQR,0.9120553359683794,44.1379942144825,65.83453837495067,1012,754,,,0.0,0.0
14,True,y_t+5min,0.8,split-CP,0.7728613569321534,6.576999906353885,11.501957762056584,1017,764,,,,
14,True,y_t+5min,0.8,ACI,0.7964601769911505,7.391548843391394,10.62560310975761,1017,764,,,,
14,True,y_t+5min,0.85,split-CP,0.8505408062930186,8.13734200730441,12.795815801922082,1017,764,,,,
14,True,y_t+5min,0.85,ACI,0.8466076696165191,8.257348655909988,11.68254642735326,1017,764,,,,
14,True,y_t+5min,0.9,split-CP,0.8898721730580138,9.728765720840869,14.673495089491162,1017,764,0.8591269841269841,0.9275793650793652,,
14,True,y_t+5min,0.9,ACI,0.8967551622418879,9.990099819687575,13.322797844558664,1017,764,0.875,0.9206349206349206,,
14,True,y_t+5min,0.95,split-CP,0.943952802359882,13.003167532893206,17.599957273252254,1017,764,,,,
14,True,y_t+5min,0.95,ACI,0.9469026548672568,12.46138730719188,16.460954078051667,1017,764,,,,
14,True,y_t+5min,0.9,CQR,0.9095378564405112,8.987196432701714,12.925957673164527,1017,764,0.8849206349206349,0.9345238095238096,0.0,0.0
14,True,y_t+5min,0.9,ACQR,0.895771878072763,9.153703705862329,12.510369526604295,1017,764,0.8799603174603174,0.9117063492063492,0.0,0.0
14,True,y_t+5min,0.95,CQR,0.9577187807276304,12.978536677043284,16.977878863326037,1017,764,,,0.0,0.0
14,True,y_t+5min,0.95,ACQR,0.9469026548672568,12.011125217573872,15.738569008690558,1017,764,,,0.0,0.0
14,True,y_t+15min,0.8,split-CP,0.7753694581280788,15.84894737078736,26.63392401679237,1015,760,,,,
14,True,y_t+15min,0.8,ACI,0.7931034482758621,18.21673036884207,26.58648999832953,1015,760,,,,
14,True,y_t+15min,0.85,split-CP,0.8354679802955665,18.736269634060527,29.385189348050844,1015,760,,,,
14,True,y_t+15min,0.85,ACI,0.8423645320197044,20.558918810376817,29.27278678877681,1015,760,,,,
14,True,y_t+15min,0.9,split-CP,0.8817733990147784,22.3779758887254,33.20723929454052,1015,760,0.8482142857142857,0.9186507936507936,,
14,True,y_t+15min,0.9,ACI,0.8935960591133005,23.554119478090783,32.94058994868933,1015,760,0.8690476190476191,0.9166666666666666,,
14,True,y_t+15min,0.95,split-CP,0.955665024630542,30.584950768889957,39.50424391854269,1015,760,,,,
14,True,y_t+15min,0.95,ACI,0.9399014778325124,28.943429512933704,41.55281232771059,1015,760,,,,
14,True,y_t+15min,0.9,CQR,0.9182266009852216,22.13288314082114,31.752546154050908,1015,760,0.8859126984126984,0.9444444444444444,0.0,0.0
14,True,y_t+15min,0.9,ACQR,0.8896551724137931,22.256716952785496,31.357952535283093,1015,760,0.8680555555555556,0.9087301587301588,0.0,0.0
14,True,y_t+15min,0.95,CQR,0.9586206896551724,29.437270329150056,38.14090751387645,1015,760,,,1.0,3.0
14,True,y_t+15min,0.95,ACQR,0.9408866995073892,29.14292888264568,40.693197733228615,1015,760,,,1.0,3.0
14,True,y_t+30min,0.8,split-CP,0.8112648221343873,29.23625261347958,43.72918459011345,1012,754,,,,
14,True,y_t+30min,0.8,ACI,0.7845849802371542,30.829771043204897,45.95070422427892,1012,754,,,,
14,True,y_t+30min,0.85,split-CP,0.8527667984189723,33.48654938162682,48.10318697605675,1012,754,,,,
14,True,y_t+30min,0.85,ACI,0.8310276679841897,34.92665696662588,50.06288364387514,1012,754,,,,
14,True,y_t+30min,0.9,split-CP,0.9021739130434784,39.81721942836751,54.0941273848617,1012,754,0.8680555555555556,0.9384920634920636,,
14,True,y_t+30min,0.9,ACI,0.8735177865612648,39.70535046664708,57.99261414441448,1012,754,0.8402777777777778,0.9037698412698412,,
14,True,y_t+30min,0.95,split-CP,0.958498023715415,53.037305949636085,64.14259591640334,1012,754,,,,
14,True,y_t+30min,0.95,ACI,0.924901185770751,47.3206990951326,70.20624312939945,1012,754,,,,
14,True,y_t+30min,0.9,CQR,0.9100790513833992,40.33244174716038,56.56243996100275,1012,754,0.8690476190476191,0.9444444444444444,0.0,0.0
14,True,y_t+30min,0.9,ACQR,0.8725296442687747,39.660430704863735,60.55728177204084,1012,754,0.8373015873015873,0.9037698412698412,0.0,0.0
14,True,y_t+30min,0.95,CQR,0.951581027667984,56.0029517990024,71.76654121190322,1012,754,,,0.0,0.0
14,True,y_t+30min,0.95,ACQR,0.91699604743083,49.616807271170536,78.5301900555725,1012,754,,,0.0,0.0
15,True,y_t+5min,0.8,split-CP,0.8298918387413963,3.957276393896357,6.609568219891474,1017,764,,,,
15,True,y_t+5min,0.8,ACI,0.7954768928220256,3.60338631349804,5.655921849814304,1017,764,,,,
15,True,y_t+5min,0.85,split-CP,0.8643067846607669,4.739748952984442,7.454022653293874,1017,764,,,,
15,True,y_t+5min,0.85,ACI,0.8446411012782694,4.217588163966481,6.297054449711037,1017,764,,,,
15,True,y_t+5min,0.9,split-CP,0.9164208456243854,5.799847418618943,8.621218880108385,1017,764,0.8819444444444444,0.953373015873016,,
15,True,y_t+5min,0.9,ACI,0.8918387413962635,5.006917072339147,7.051017132936257,1017,764,0.8660714285714286,0.9126984126984128,,
15,True,y_t+5min,0.95,split-CP,0.937069813176008,7.062582428087597,10.822720532453811,1017,764,,,,
15,True,y_t+5min,0.95,ACI,0.9419862340216324,6.027021123214707,8.521372826720787,1017,764,,,,
15,True,y_t+5min,0.9,CQR,0.9016715830875124,4.399856152132699,6.639499530956236,1017,764,0.876984126984127,0.9275793650793652,0.0,2.0
15,True,y_t+5min,0.9,ACQR,0.8938053097345132,4.610969537555681,6.507122333187006,1017,764,0.878968253968254,0.9047619047619048,0.0,2.0
15,True,y_t+5min,0.95,CQR,0.9587020648967552,5.557418894233216,7.674894964643255,1017,764,,,0.0,0.0
15,True,y_t+5min,0.95,ACQR,0.9459193706981318,5.583607851718296,8.048493007728467,1017,764,,,0.0,0.0
15,True,y_t+15min,0.8,split-CP,0.774384236453202,7.090731995294423,14.311756516203191,1015,760,,,,
15,True,y_t+15min,0.8,ACI,0.7891625615763547,7.523514525230288,12.363649119927691,1015,760,,,,
15,True,y_t+15min,0.85,split-CP,0.825615763546798,8.71581697848311,16.124120520954143,1015,760,,,,
15,True,y_t+15min,0.85,ACI,0.8305418719211822,8.98077550982588,13.625821416361113,1015,760,,,,
15,True,y_t+15min,0.9,split-CP,0.8817733990147784,10.97495173686922,18.751106085257565,1015,760,0.8313492063492064,0.9315476190476192,,
15,True,y_t+15min,0.9,ACI,0.8798029556650246,10.483600919059048,15.553059686163133,1015,760,0.8501984126984127,0.9037698412698412,,
15,True,y_t+15min,0.95,split-CP,0.9310344827586208,14.3431575758715,23.695327786248583,1015,760,,,,
15,True,y_t+15min,0.95,ACI,0.92807881773399,13.02691252532361,18.42896943593716,1015,760,,,,
15,True,y_t+15min,0.9,CQR,0.8798029556650246,8.449225309219456,14.940634909775692,1015,760,0.8392857142857143,0.91765873015873,1.0,0.0
15,True,y_t+15min,0.9,ACQR,0.8847290640394089,9.511288140092168,14.353991598508047,1015,760,0.8601190476190477,0.9047619047619048,1.0,0.0
15,True,y_t+15min,0.95,CQR,0.9221674876847292,10.475065992382032,16.77338565063196,1015,760,,,3.0,10.0
15,True,y_t+15min,0.95,ACQR,0.9310344827586208,11.966725760058624,16.75059371598861,1015,760,,,3.0,10.0
15,True,y_t+30min,0.8,split-CP,0.7766798418972332,11.249207756917002,23.81521916073453,1012,754,,,,
15,True,y_t+30min,0.8,ACI,0.7569169960474308,13.409049052821835,21.48923838804584,1012,754,,,,
15,True,y_t+30min,0.85,split-CP,0.825098814229249,13.746263846409237,27.101200831221064,1012,754,,,,
15,True,y_t+30min,0.85,ACI,0.808300395256917,15.061323044305407,23.0436406587841,1012,754,,,,
15,True,y_t+30min,0.9,split-CP,0.8685770750988142,17.604406136938746,31.5741045935441,1012,754,0.8115079365079365,0.9275793650793652,,
15,True,y_t+30min,0.9,ACI,0.857707509881423,16.93160315119875,25.31195327123142,1012,754,0.8194444444444444,0.8898809523809523,,
15,True,y_t+30min,0.95,split-CP,0.900197628458498,20.95184562694753,40.78935982168996,1012,754,,,,
15,True,y_t+30min,0.95,ACI,0.9071146245059288,20.286180237418627,30.22022035447172,1012,754,,,,
15,True,y_t+30min,0.9,CQR,0.8735177865612648,14.566381325685995,23.97680261719653,1012,754,0.8213789682539681,0.9236111111111112,0.0,0.0
15,True,y_t+30min,0.9,ACQR,0.8636363636363636,15.305686782815323,22.27923037869961,1012,754,0.8263888888888888,0.8918650793650794,0.0,0.0
15,True,y_t+30min,0.95,CQR,0.9011857707509882,16.887276991080075,33.19067697825127,1012,754,,,0.0,0.0
15,True,y_t+30min,0.95,ACQR,0.9140316205533596,18.902024039673208,27.97709982302389,1012,754,,,0.0,0.0
16,True,y_t+5min,0.8,split-CP,0.7826941986234022,2.116153597713333,3.78348117772282,1017,764,,,,
16,True,y_t+5min,0.8,ACI,0.799410029498525,2.135349758057231,3.360755038799286,1017,764,,,,
16,True,y_t+5min,0.85,split-CP,0.8505408062930186,2.6806485154608297,4.141554237317061,1017,764,,,,
16,True,y_t+5min,0.85,ACI,0.8495575221238938,2.5312387981160107,3.7678736660947,1017,764,,,,
16,True,y_t+5min,0.9,split-CP,0.912487708947886,3.4054669844249443,4.6419227285970175,1017,764,0.8829365079365079,0.941468253968254,,
16,True,y_t+5min,0.9,ACI,0.8997050147492626,3.034198326087584,4.285006009609131,1017,764,0.8740079365079365,0.9246031746031746,,
16,True,y_t+5min,0.95,split-CP,0.960668633235005,4.344704816933674,5.531351349686402,1017,764,,,,
16,True,y_t+5min,0.95,ACI,0.9478859390363816,4.083381080434915,5.384609052906741,1017,764,,,,
16,True,y_t+5min,0.9,CQR,0.9075712881022616,2.694984243733689,3.840746472976696,1017,764,0.8869047619047619,0.9265873015873016,0.0,6.0
16,True,y_t+5min,0.9,ACQR,0.8997050147492626,2.711699665180549,3.810729153104216,1017,764,0.8849206349206349,0.9107142857142856,0.0,6.0
16,True,y_t+5min,0.95,CQR,0.9714847590953786,3.8161333324188167,4.493687519637933,1017,764,,,0.0,0.0
16,True,y_t+5min,0.95,ACQR,0.9469026548672568,3.696168005626823,4.706263913313789,1017,764,,,0.0,0.0
16,True,y_t+15min,0.8,split-CP,0.7458128078817734,4.029232082554371,7.86864214731173,1015,760,,,,
16,True,y_t+15min,0.8,ACI,0.7970443349753694,4.478261619301151,7.011960105452839,1015,760,,,,
16,True,y_t+15min,0.85,split-CP,0.8098522167487685,4.847520100251873,8.631652756077468,1015,760,,,,
16,True,y_t+15min,0.85,ACI,0.8453201970443349,5.183411334077345,7.874888740086767,1015,760,,,,
16,True,y_t+15min,0.9,split-CP,0.8886699507389163,6.422817995341643,9.533438131727788,1015,760,0.8373015873015873,0.9315476190476192,,
16,True,y_t+15min,0.9,ACI,0.8935960591133005,6.217788774147764,8.955711198011075,1015,760,0.8660714285714286,0.9206349206349206,,
16,True,y_t+15min,0.95,split-CP,0.9458128078817734,8.298470517336161,11.137844889725304,1015,760,,,,
16,True,y_t+15min,0.95,ACI,0.9389162561576356,7.850927909756727,10.812852989785252,1015,760,,,,
16,True,y_t+15min,0.9,CQR,0.8935960591133005,5.1193213696438695,7.391212959713287,1015,760,0.8660714285714286,0.9206349206349206,0.0,0.0
16,True,y_t+15min,0.9,ACQR,0.8896551724137931,5.65939572529689,7.727314674486094,1015,760,0.8740079365079365,0.9057539682539684,0.0,0.0
16,True,y_t+15min,0.95,CQR,0.9714285714285714,7.589303896631405,9.424906967244018,1015,760,,,0.0,0.0
16,True,y_t+15min,0.95,ACQR,0.9330049261083744,7.525557022637572,10.64365440340594,1015,760,,,0.0,0.0
16,True,y_t+30min,0.8,split-CP,0.7628458498023716,6.337231744038472,12.091537342744637,1012,754,,,,
16,True,y_t+30min,0.8,ACI,0.7766798418972332,6.842908099691591,10.756242236865637,1012,754,,,,
16,True,y_t+30min,0.85,split-CP,0.8033596837944664,7.2315124215433375,13.476212861918489,1012,754,,,,
16,True,y_t+30min,0.85,ACI,0.8300395256916996,7.978795140691097,11.781342390652965,1012,754,,,,
16,True,y_t+30min,0.9,split-CP,0.8537549407114624,8.828426356931109,15.114224597904752,1012,754,0.7856646825396824,0.9087301587301588,,
16,True,y_t+30min,0.9,ACI,0.8853754940711462,8.928485328299677,13.19490305467329,1012,754,0.8511904761904762,0.91765873015873,,
16,True,y_t+30min,0.95,split-CP,0.9535573122529644,13.234917298960104,16.627166324322793,1012,754,,,,
16,True,y_t+30min,0.95,ACI,0.9357707509881424,11.04067332825208,15.205286790698016,1012,754,,,,
16,True,y_t+30min,0.9,CQR,0.9377470355731226,8.283353178291783,10.61306789312836,1012,754,0.9097222222222222,0.9593253968253967,1.0,0.0
16,True,y_t+30min,0.9,ACQR,0.8804347826086957,8.278846256480834,11.750186444709376,1012,754,0.8501984126984127,0.9067956349206342,1.0,0.0
16,True,y_t+30min,0.95,CQR,0.9723320158102768,11.117620078304022,13.764209977854884,1012,754,,,0.0,1.0
16,True,y_t+30min,0.95,ACQR,0.9209486166007904,9.919545461721402,16.161974986224877,1012,754,,,0.0,1.0
17,True,y_t+5min,0.8,split-CP,0.8279252704031466,3.3984166575621773,5.219992537161661,1017,764,,,,
17,True,y_t+5min,0.8,ACI,0.7954768928220256,2.894618581812412,4.571214186806493,1017,764,,,,
17,True,y_t+5min,0.85,split-CP,0.8652900688298918,3.858485863989431,5.796652642826479,1017,764,,,,
17,True,y_t+5min,0.85,ACI,0.8466076696165191,3.347415625090158,5.072863090331133,1017,764,,,,
17,True,y_t+5min,0.9,split-CP,0.911504424778761,4.705081198982381,6.621638754922924,1017,764,0.8819444444444444,0.941468253968254,,
17,True,y_t+5min,0.9,ACI,0.8967551622418879,4.101774453932025,6.0278215215081,1017,764,0.8660714285714286,0.9236111111111112,,
17,True,y_t+5min,0.95,split-CP,0.9577187807276304,6.38948666701666,7.96833195843815,1017,764,,,,
17,True,y_t+5min,0.95,ACI,0.9429695181907572,5.321353591635795,7.415928641663154,1017,764,,,,
17,True,y_t+5min,0.9,CQR,0.9016715830875124,3.388103497818185,5.342846885412458,1017,764,0.875,0.9285714285714286,0.0,0.0
17,True,y_t+5min,0.9,ACQR,0.8947885939036382,3.6117045340238634,5.24728032283167,1017,764,0.873015873015873,0.9136904761904762,0.0,0.0
17,True,y_t+5min,0.95,CQR,0.9459193706981318,4.556803628396692,6.633390528934457,1017,764,,,0.0,0.0
17,True,y_t+5min,0.95,ACQR,0.9419862340216324,4.871521409420231,6.647254593294132,1017,764,,,0.0,0.0
17,True,y_t+15min,0.8,split-CP,0.8334975369458129,6.959165078180346,10.493884343908237,1015,760,,,,
17,True,y_t+15min,0.8,ACI,0.7901477832512315,6.299687437416624,9.773119355115783,1015,760,,,,
17,True,y_t+15min,0.85,split-CP,0.8738916256157635,8.069058510687448,11.63551288870012,1015,760,,,,
17,True,y_t+15min,0.85,ACI,0.8394088669950739,7.423801282885149,11.003354177536568,1015,760,,,,
17,True,y_t+15min,0.9,split-CP,0.9142857142857144,9.65477737650964,13.23077037001495,1015,760,0.8829365079365079,0.9464285714285714,,
17,True,y_t+15min,0.9,ACI,0.8847290640394089,8.733352378049792,12.462079841518635,1015,760,0.8521825396825397,0.9126984126984128,,
17,True,y_t+15min,0.95,split-CP,0.9576354679802956,12.827836470913685,15.883776888460014,1015,760,,,,
17,True,y_t+15min,0.95,ACI,0.934975369458128,10.33856869024517,14.923392857320565,1015,760,,,,
17,True,y_t+15min,0.9,CQR,0.8945812807881773,7.152567760586978,10.98557124143152,1015,760,0.8650793650793651,0.9246031746031746,4.0,0.0
17,True,y_t+15min,0.9,ACQR,0.8866995073891626,7.85049026244999,11.172447042598348,1015,760,0.8660714285714286,0.9067956349206342,4.0,0.0
17,True,y_t+15min,0.95,CQR,0.948768472906404,9.34577937993299,12.970998272648488,1015,760,,,44.0,0.0
17,True,y_t+15min,0.95,ACQR,0.9320197044334976,9.2839517753934,13.373174932713177,1015,760,,,44.0,0.0
17,True,y_t+30min,0.8,split-CP,0.8359683794466403,10.945346484769347,16.337950530455533,1012,754,,,,
17,True,y_t+30min,0.8,ACI,0.775691699604743,9.914854528776848,16.27945618649142,1012,754,,,,
17,True,y_t+30min,0.85,split-CP,0.8735177865612648,12.604458177851829,18.0960373875091,1012,754,,,,
17,True,y_t+30min,0.85,ACI,0.8152173913043478,11.556234240028834,17.963179729342215,1012,754,,,,
17,True,y_t+30min,0.9,split-CP,0.9071146245059288,14.883142251287817,20.39880677697952,1012,754,0.8740079365079365,0.945436507936508,,
17,True,y_t+30min,0.9,ACI,0.8675889328063241,13.256504419442884,19.9184468893974,1012,754,0.8293650793650794,0.9047619047619048,,
17,True,y_t+30min,0.95,split-CP,0.9535573122529644,18.36603466939,24.105663472002984,1012,754,,,,
17,True,y_t+30min,0.95,ACI,0.9219367588932806,15.643837212786677,22.128934115216012,1012,754,,,,
17,True,y_t+30min,0.9,CQR,0.9021739130434784,10.957182092147606,16.0979358469577,1012,754,0.8630952380952381,0.935515873015873,0.0,0.0
17,True,y_t+30min,0.9,ACQR,0.8656126482213439,11.75727517468469,16.45997028110512,1012,754,0.8313492063492064,0.8938492063492064,0.0,0.0
17,True,y_t+30min,0.95,CQR,0.9614624505928854,14.56946964563409,18.6741607950388,1012,754,,,1.0,0.0
17,True,y_t+30min,0.95,ACQR,0.9258893280632412,12.981474128177508,20.29764615471734,1012,754,,,1.0,0.0
18,True,y_t+5min,0.8,split-CP,0.8485742379547689,3.3392857142857224,5.092364204270548,1017,764,,,,
18,True,y_t+5min,0.8,ACI,0.7974434611602753,2.6324187685016103,4.417316032687223,1017,764,,,,
18,True,y_t+5min,0.85,split-CP,0.9026548672566372,4.292111111111112,5.8344376108007685,1017,764,,,,
18,True,y_t+5min,0.85,ACI,0.8466076696165191,3.1902634953269167,5.037862658124375,1017,764,,,,
18,True,y_t+5min,0.9,split-CP,0.9341199606686332,5.26866305916306,6.782358016651036,1017,764,0.9057539682539684,0.9593253968253967,,
18,True,y_t+5min,0.9,ACI,0.895771878072763,3.87030580776156,5.795318403872978,1017,764,0.8640873015873016,0.9196428571428572,,
18,True,y_t+5min,0.95,split-CP,0.975417895771878,7.215208994709002,8.508154058494767,1017,764,,,,
18,True,y_t+5min,0.95,ACI,0.9459193706981318,5.05737332814496,7.299781087907683,1017,764,,,,
18,True,y_t+5min,0.9,CQR,0.91937069813176,3.5972284668842973,4.667979295804629,1017,764,0.8938492063492064,0.941468253968254,0.0,0.0
18,True,y_t+5min,0.9,ACQR,0.8938053097345132,3.397113864523905,4.516083339519012,1017,764,0.8779761904761905,0.9067460317460316,0.0,0.0
18,True,y_t+5min,0.95,CQR,0.9557522123893806,4.759736802215271,5.86461659747904,1017,764,,,0.0,0.0
18,True,y_t+5min,0.95,ACQR,0.943952802359882,4.885030300711264,6.121247264528608,1017,764,,,0.0,0.0
18,True,y_t+15min,0.8,split-CP,0.8453201970443349,7.178328042328047,10.08430637894308,1015,760,,,,
18,True,y_t+15min,0.8,ACI,0.7901477832512315,5.74670411835929,8.674094589455425,1015,760,,,,
18,True,y_t+15min,0.85,split-CP,0.8985221674876848,8.842460317460322,11.31622553235854,1015,760,,,,
18,True,y_t+15min,0.85,ACI,0.8394088669950739,6.435926094749985,9.250350930329176,1015,760,,,,
18,True,y_t+15min,0.9,split-CP,0.9497536945812808,11.278210317460308,13.137564345661632,1015,760,0.9186507936507936,0.9742063492063492,,
18,True,y_t+15min,0.9,ACI,0.8866995073891626,7.654283484149493,10.531252887306088,1015,760,0.8492063492063492,0.9146825396825397,,
18,True,y_t+15min,0.95,split-CP,0.9842364532019704,14.92531746031746,16.261302734120463,1015,760,,,,
18,True,y_t+15min,0.95,ACI,0.9369458128078818,9.36820298528328,12.956139493219784,1015,760,,,,
18,True,y_t+15min,0.9,CQR,0.9320197044334976,7.473051444649143,9.395005164994188,1015,760,0.8978174603174603,0.9603174603174603,0.0,0.0
18,True,y_t+15min,0.9,ACQR,0.8876847290640394,7.064100540223098,9.515362071978794,1015,760,0.8630952380952381,0.9067460317460316,0.0,0.0
18,True,y_t+15min,0.95,CQR,0.9783251231527094,10.882862835071496,12.32374033284753,1015,760,,,0.0,0.0
18,True,y_t+15min,0.95,ACQR,0.9379310344827586,9.1462382825524,12.029241638005995,1015,760,,,0.0,0.0
18,True,y_t+30min,0.8,split-CP,0.8567193675889329,10.61346825396825,15.178562920125596,1012,754,,,,
18,True,y_t+30min,0.8,ACI,0.7776679841897233,8.886549909196003,14.14608820145502,1012,754,,,,
18,True,y_t+30min,0.85,split-CP,0.908102766798419,13.610984126984135,17.298945355905502,1012,754,,,,
18,True,y_t+30min,0.85,ACI,0.8241106719367589,10.26681844456654,16.122883657416153,1012,754,,,,
18,True,y_t+30min,0.9,split-CP,0.9486166007905138,16.506944444444457,20.06518400882532,1012,754,0.9166666666666666,0.9722222222222222,,
18,True,y_t+30min,0.9,ACI,0.8735177865612648,12.198606397453531,19.025697948131064,1012,754,0.8313492063492064,0.9067460317460316,,
18,True,y_t+30min,0.95,split-CP,0.9782608695652174,22.733580808080795,25.322546604763986,1012,754,,,,
18,True,y_t+30min,0.95,ACI,0.9278656126482212,14.467199060714176,23.970112199317548,1012,754,,,,
18,True,y_t+30min,0.9,CQR,0.9397233201581028,12.199762855955395,15.434789171835934,1012,754,0.9027777777777778,0.9682539682539684,0.0,0.0
18,True,y_t+30min,0.9,ACQR,0.8784584980237155,10.731372621101144,15.564812567855494,1012,754,0.8482142857142857,0.9017857142857144,0.0,0.0
18,True,y_t+30min,0.95,CQR,0.9772727272727272,18.25591358564417,19.946299958044843,1012,754,,,0.0,0.0
18,True,y_t+30min,0.95,ACQR,0.9199604743083004,13.92018076332643,19.67571048843607,1012,754,,,0.0,0.0
19,True,y_t+5min,0.8,split-CP,0.8298918387413963,4.272620420445031,6.439412795192172,1017,764,,,,
19,True,y_t+5min,0.8,ACI,0.7964601769911505,3.9178791448454673,6.015075285088559,1017,764,,,,
19,True,y_t+5min,0.85,split-CP,0.872173058013766,5.009246125392139,7.126781146909463,1017,764,,,,
19,True,y_t+5min,0.85,ACI,0.8466076696165191,4.486833046542118,6.7202195555743165,1017,764,,,,
19,True,y_t+5min,0.9,split-CP,0.9183874139626352,6.121938306071915,8.067200628694115,1017,764,0.8928571428571429,0.9434523809523808,,
19,True,y_t+5min,0.9,ACI,0.895771878072763,5.551465300745905,7.667308814546647,1017,764,0.8740079365079365,0.9166666666666666,,
19,True,y_t+5min,0.95,split-CP,0.967551622418879,8.18892065927808,9.67648310302538,1017,764,,,,
19,True,y_t+5min,0.95,ACI,0.9459193706981318,6.634203155365519,8.918851109836481,1017,764,,,,
19,True,y_t+5min,0.9,CQR,0.9242871189773844,4.978776677938506,6.924007625417569,1017,764,0.9107142857142856,0.9404761904761904,0.0,0.0
19,True,y_t+5min,0.9,ACQR,0.8977384464110127,4.911403010853886,7.025904335181729,1017,764,0.8869047619047619,0.9117063492063492,0.0,0.0
19,True,y_t+5min,0.95,CQR,0.952802359882006,6.721002181934472,8.978060179972266,1017,764,,,0.0,0.0
19,True,y_t+5min,0.95,ACQR,0.943952802359882,6.893978324767707,9.19770391139891,1017,764,,,0.0,0.0
19,True,y_t+15min,0.8,split-CP,0.8374384236453202,8.571872132952793,12.649278301724731,1015,760,,,,
19,True,y_t+15min,0.8,ACI,0.7931034482758621,7.779725880313812,12.127111255885149,1015,760,,,,
19,True,y_t+15min,0.85,split-CP,0.8788177339901477,10.341232030367006,13.995189511188196,1015,760,,,,
19,True,y_t+15min,0.85,ACI,0.8413793103448276,9.25557134516642,13.699900459280428,1015,760,,,,
19,True,y_t+15min,0.9,split-CP,0.9251231527093596,12.274668114110852,15.77329140306419,1015,760,0.9027777777777778,0.9523809523809524,,
19,True,y_t+15min,0.9,ACI,0.8886699507389163,10.974649743150485,15.454308641540909,1015,760,0.8611111111111112,0.91765873015873,,
19,True,y_t+15min,0.95,split-CP,0.9645320197044336,16.002584025571217,18.85795690756971,1015,760,,,,
19,True,y_t+15min,0.95,ACI,0.9359605911330048,13.539869842099153,18.820231499963267,1015,760,,,,
19,True,y_t+15min,0.9,CQR,0.9083743842364532,9.83719074504612,14.184902688855829,1015,760,0.8869047619047619,0.9345238095238096,0.0,0.0
19,True,y_t+15min,0.9,ACQR,0.8866995073891626,10.83391264571376,15.125639217581474,1015,760,0.8740079365079365,0.9067460317460316,0.0,0.0
19,True,y_t+15min,0.95,CQR,0.9655172413793104,13.69147601912823,17.605561948699894,1015,760,,,0.0,0.0
19,True,y_t+15min,0.95,ACQR,0.9339901477832512,13.7601874644547,18.81956030577546,1015,760,,,0.0,0.0
19,True,y_t+30min,0.8,split-CP,0.8221343873517787,11.82523544056141,17.189146471176336,1012,754,,,,
19,True,y_t+30min,0.8,ACI,0.782608695652174,11.618606071921429,17.113739802660817,1012,754,,,,
19,True,y_t+30min,0.85,split-CP,0.8784584980237155,14.39717328366636,18.82742982063657,1012,754,,,,
19,True,y_t+30min,0.85,ACI,0.8260869565217391,13.259506609748806,19.023547759182744,1012,754,,,,
19,True,y_t+30min,0.9,split-CP,0.9397233201581028,18.233915889950065,21.253094298642708,1012,754,0.9215773809523808,0.9692460317460316,,
19,True,y_t+30min,0.9,ACI,0.8705533596837944,14.922174910863925,21.29501950822819,1012,754,0.8422619047619048,0.9067460317460316,,
19,True,y_t+30min,0.95,split-CP,0.9733201581027668,22.92607824672723,24.79214485222318,1012,754,,,,
19,True,y_t+30min,0.95,ACI,0.9209486166007904,17.1005529931269,23.99983034291482,1012,754,,,,
19,True,y_t+30min,0.9,CQR,0.9090909090909092,14.039994459005108,19.13089678632596,1012,754,0.8888888888888888,0.941468253968254,0.0,0.0
19,True,y_t+30min,0.9,ACQR,0.8685770750988142,14.885558602944151,21.277741557779468,1012,754,0.8511904761904762,0.8978174603174603,0.0,0.0
19,True,y_t+30min,0.95,CQR,0.9535573122529644,18.360658370219085,24.32573692682043,1012,754,,,0.0,2.0
19,True,y_t+30min,0.95,ACQR,0.9219367588932806,19.184288922012527,27.6163817563829,1012,754,,,0.0,2.0
20,True,y_t+5min,0.8,split-CP,0.8623402163225172,3.4529235581100157,5.076467627709885,1017,764,,,,
20,True,y_t+5min,0.8,ACI,0.7964601769911505,2.545402450548468,4.134983751926722,1017,764,,,,
20,True,y_t+5min,0.85,split-CP,0.9016715830875124,4.243427368986491,5.800017471286196,1017,764,,,,
20,True,y_t+5min,0.85,ACI,0.8446411012782694,2.997787060152965,4.572286831476728,1017,764,,,,
20,True,y_t+5min,0.9,split-CP,0.9331366764995084,5.391794797958516,6.762182583904316,1017,764,0.9067460317460316,0.9613095238095238,,
20,True,y_t+5min,0.9,ACI,0.8918387413962635,3.6620169048375786,5.40062126562483,1017,764,0.8630952380952381,0.91765873015873,,
20,True,y_t+5min,0.95,split-CP,0.967551622418879,7.021556064105966,8.242379811719289,1017,764,,,,
20,True,y_t+5min,0.95,ACI,0.9410029498525072,4.787320069343054,6.811837678359184,1017,764,,,,
20,True,y_t+5min,0.9,CQR,0.9233038348082596,3.4841777351608227,4.897364510424329,1017,764,0.8998015873015873,0.9464285714285714,0.0,0.0
20,True,y_t+5min,0.9,ACQR,0.8947885939036382,3.4595924818715647,4.833152872612536,1017,764,0.8799603174603174,0.9087301587301588,0.0,0.0
20,True,y_t+5min,0.95,CQR,0.9488692232055064,4.567825844733555,6.291430278300002,1017,764,,,12.0,0.0
20,True,y_t+5min,0.95,ACQR,0.9449360865290068,4.458698653878942,6.331714891411474,1017,764,,,12.0,0.0
20,True,y_t+15min,0.8,split-CP,0.8768472906403941,7.417865751166368,9.83553670213658,1015,760,,,,
20,True,y_t+15min,0.8,ACI,0.7901477832512315,5.063099696494893,8.018001955793704,1015,760,,,,
20,True,y_t+15min,0.85,split-CP,0.916256157635468,8.879878473925269,11.094791009240105,1015,760,,,,
20,True,y_t+15min,0.85,ACI,0.8374384236453202,5.692221292687426,8.81737714632111,1015,760,,,,
20,True,y_t+15min,0.9,split-CP,0.9438423645320198,10.962037711030073,12.758789982750327,1015,760,0.91765873015873,0.9702380952380952,,
20,True,y_t+15min,0.9,ACI,0.8866995073891626,6.647764923591278,10.013764512763284,1015,760,0.8561507936507936,0.9126984126984128,,
20,True,y_t+15min,0.95,split-CP,0.9783251231527094,14.130776147306442,15.0916867214978,1015,760,,,,
20,True,y_t+15min,0.95,ACI,0.934975369458128,9.06665805461643,13.05486252957952,1015,760,,,,
20,True,y_t+15min,0.9,CQR,0.9399014778325124,7.860854644611132,9.730607089320497,1015,760,0.9166666666666666,0.9603174603174603,0.0,0.0
20,True,y_t+15min,0.9,ACQR,0.8926108374384236,6.787958836614794,9.638647561552848,1015,760,0.8720238095238095,0.9107142857142856,0.0,0.0
20,True,y_t+15min,0.95,CQR,0.9822660098522168,11.283233807582658,12.545540707856905,1015,760,,,0.0,0.0
20,True,y_t+15min,0.95,ACQR,0.9389162561576356,8.940189157488469,11.78707551899874,1015,760,,,0.0,0.0
20,True,y_t+30min,0.8,split-CP,0.908102766798419,11.075709380261154,13.020485126710602,1012,754,,,,
20,True,y_t+30min,0.8,ACI,0.782608695652174,7.1038959229432885,10.911436476963171,1012,754,,,,
20,True,y_t+30min,0.85,split-CP,0.9466403162055336,13.30773734887065,14.871889636960852,1012,754,,,,
20,True,y_t+30min,0.85,ACI,0.8310276679841897,8.12335860288243,12.444048432115126,1012,754,,,,
20,True,y_t+30min,0.9,split-CP,0.9634387351778656,15.622837777980584,16.81892947751485,1012,754,0.9434523809523808,0.9821428571428572,,
20,True,y_t+30min,0.9,ACI,0.8804347826086957,9.801080141466969,14.322607807625776,1012,754,0.8422619047619048,0.9107142857142856,,
20,True,y_t+30min,0.95,split-CP,0.9930830039525692,21.229698747928506,21.72971689001187,1012,754,,,,
20,True,y_t+30min,0.95,ACI,0.9347826086956522,12.334168004094304,16.88568326152147,1012,754,,,,
20,True,y_t+30min,0.9,CQR,0.9634387351778656,12.368808245195645,13.889000507958482,1012,754,0.9444444444444444,0.98015873015873,0.0,2.0
20,True,y_t+30min,0.9,ACQR,0.883399209486166,8.908436339311514,12.85376430422408,1012,754,0.8521825396825397,0.9087301587301588,0.0,2.0
20,True,y_t+30min,0.95,CQR,0.9881422924901184,16.75460948468379,17.421928923161357,1012,754,,,0.0,0.0
20,True,y_t+30min,0.95,ACQR,0.932806324110672,10.898074797653988,16.149407330740974,1012,754,,,0.0,0.0
21,True,y_t+5min,0.8,split-CP,0.799410029498525,3.0140376951611008,5.124210662330132,1017,764,,,,
21,True,y_t+5min,0.8,ACI,0.7964601769911505,3.0612268198724686,4.599625940190223,1017,764,,,,
21,True,y_t+5min,0.85,split-CP,0.8613569321533924,3.763122511224531,5.7266989496567495,1017,764,,,,
21,True,y_t+5min,0.85,ACI,0.8456243854473943,3.4505248399266346,5.048008947282915,1017,764,,,,
21,True,y_t+5min,0.9,split-CP,0.9075712881022616,4.463051960585393,6.602133119602638,1017,764,0.873015873015873,0.9375,,
21,True,y_t+5min,0.9,ACI,0.8947885939036382,4.123135242188708,5.809439724242944,1017,764,0.8700396825396826,0.9126984126984128,,
21,True,y_t+5min,0.95,split-CP,0.951819075712881,5.500664482891383,8.322662777397042,1017,764,,,,
21,True,y_t+5min,0.95,ACI,0.9449360865290068,5.298673559233293,7.310178887365955,1017,764,,,,
21,True,y_t+5min,0.9,CQR,0.9164208456243854,3.926624644598485,5.950061502551742,1017,764,0.8859126984126984,0.941468253968254,0.0,0.0
21,True,y_t+5min,0.9,ACQR,0.895771878072763,3.969045150139907,5.5103150122753295,1017,764,0.876984126984127,0.9117063492063492,0.0,0.0
21,True,y_t+5min,0.95,CQR,0.960668633235005,5.171904086660619,7.631496616575174,1017,764,,,0.0,0.0
21,True,y_t+5min,0.95,ACQR,0.9459193706981318,5.391389083185911,7.109866699161938,1017,764,,,0.0,0.0
21,True,y_t+15min,0.8,split-CP,0.8118226600985222,6.556521205723675,11.189696036958848,1015,760,,,,
21,True,y_t+15min,0.8,ACI,0.7881773399014779,6.435044083101719,10.57432470008554,1015,760,,,,
21,True,y_t+15min,0.85,split-CP,0.8827586206896552,8.204116385174759,12.731307207306468,1015,760,,,,
21,True,y_t+15min,0.85,ACI,0.8354679802955665,7.809129618196984,12.112080537982056,1015,760,,,,
21,True,y_t+15min,0.9,split-CP,0.916256157635468,9.505537966220968,14.97662806377166,1015,760,0.875,0.9494543650793644,,
21,True,y_t+15min,0.9,ACI,0.8847290640394089,8.946029353587482,14.02202277951933,1015,760,0.8511904761904762,0.9097222222222222,,
21,True,y_t+15min,0.95,split-CP,0.9576354679802956,12.130989381499726,19.79720422285249,1015,760,,,,
21,True,y_t+15min,0.95,ACI,0.934975369458128,11.875673816276771,18.443673129133224,1015,760,,,,
21,True,y_t+15min,0.9,CQR,0.9113300492610836,7.807026538071263,13.07759345879264,1015,760,0.8779265873015871,0.9384920634920636,0.0,0.0
21,True,y_t+15min,0.9,ACQR,0.8876847290640394,8.750337511019614,13.03335653661215,1015,760,0.8640873015873016,0.9047619047619048,0.0,0.0
21,True,y_t+15min,0.95,CQR,0.9389162561576356,9.548087447020494,17.738107921735377,1015,760,,,0.0,0.0
21,True,y_t+15min,0.95,ACQR,0.9369458128078818,11.341588893696937,16.79708973148709,1015,760,,,0.0,0.0
21,True,y_t+30min,0.8,split-CP,0.8488142292490118,10.415295959120252,17.711509634459134,1012,754,,,,
21,True,y_t+30min,0.8,ACI,0.7796442687747036,10.7673054723905,18.08650740328461,1012,754,,,,
21,True,y_t+30min,0.85,split-CP,0.8853754940711462,11.906811298152324,20.334586655200564,1012,754,,,,
21,True,y_t+30min,0.85,ACI,0.8280632411067194,12.45011414494314,21.10875367505453,1012,754,,,,
21,True,y_t+30min,0.9,split-CP,0.9179841897233202,14.6134211330638,24.55107343015517,1012,754,0.8650793650793651,0.9583333333333334,,
21,True,y_t+30min,0.9,ACI,0.8745059288537549,13.725832248088404,24.06270669926703,1012,754,0.8343253968253969,0.9067460317460316,,
21,True,y_t+30min,0.95,split-CP,0.949604743083004,18.076156869549536,33.272147587131826,1012,754,,,,
21,True,y_t+30min,0.95,ACI,0.9258893280632412,17.51144470300962,31.62264796442496,1012,754,,,,
21,True,y_t+30min,0.9,CQR,0.9288537549407114,12.481166321151202,21.113876740140068,1012,754,0.8849206349206349,0.9623015873015872,0.0,0.0
21,True,y_t+30min,0.9,ACQR,0.8774703557312253,13.505427931680924,22.68519719763706,1012,754,0.8422619047619048,0.9037698412698412,0.0,0.0
21,True,y_t+30min,0.95,CQR,0.9535573122529644,15.607424302149818,28.914120060100945,1012,754,,,0.0,0.0
21,True,y_t+30min,0.95,ACQR,0.9288537549407114,16.149384164344045,27.84782909226714,1012,754,,,0.0,0.0
22,True,y_t+5min,0.8,split-CP,0.8475909537856441,4.728090271599732,9.02295313088983,1017,764,,,,
22,True,y_t+5min,0.8,ACI,0.7964601769911505,4.240879764659753,7.10303627438878,1017,764,,,,
22,True,y_t+5min,0.85,split-CP,0.8918387413962635,5.8399301770691805,10.58009419492248,1017,764,,,,
22,True,y_t+5min,0.85,ACI,0.8475909537856441,4.680962198068146,7.947951846862121,1017,764,,,,
22,True,y_t+5min,0.9,split-CP,0.91937069813176,7.063377298231664,13.013593137147106,1017,764,0.871031746031746,0.95734126984127,,
22,True,y_t+5min,0.9,ACI,0.8977384464110127,5.753495686307756,9.592127135888076,1017,764,0.871031746031746,0.91765873015873,,
22,True,y_t+5min,0.95,split-CP,0.952802359882006,9.445555766909646,18.368873982071506,1017,764,,,,
22,True,y_t+5min,0.95,ACI,0.9478859390363816,7.7950839309184925,13.859558304281746,1017,764,,,,
22,True,y_t+5min,0.9,CQR,0.9242871189773844,4.708514697200733,7.469056325613827,1017,764,0.8938492063492064,0.9484126984126984,0.0,0.0
22,True,y_t+5min,0.9,ACQR,0.8967551622418879,4.892897899243366,7.337378684956583,1017,764,0.878968253968254,0.9117063492063492,0.0,0.0
22,True,y_t+5min,0.95,CQR,0.9616519174041298,7.561936035565805,10.720055950120532,1017,764,,,0.0,12.0
22,True,y_t+5min,0.95,ACQR,0.9429695181907572,7.784485009095636,10.868233360387828,1017,764,,,0.0,12.0
22,True,y_t+15min,0.8,split-CP,0.8394088669950739,10.559798307672096,18.0201989496774,1015,760,,,,
22,True,y_t+15min,0.8,ACI,0.7891625615763547,9.529751522902384,15.685226176601176,1015,760,,,,
22,True,y_t+15min,0.85,split-CP,0.8788177339901477,12.897173114146366,20.620112508875604,1015,760,,,,
22,True,y_t+15min,0.85,ACI,0.8403940886699507,10.481557413499656,17.360460065126443,1015,760,,,,
22,True,y_t+15min,0.9,split-CP,0.92807881773399,15.664133283041528,24.674141746754437,1015,760,0.8888888888888888,0.9603174603174603,,
22,True,y_t+15min,0.9,ACI,0.8896551724137931,12.47249425902505,20.492278707472057,1015,760,0.8571428571428571,0.9136904761904762,,
22,True,y_t+15min,0.95,split-CP,0.9684729064039408,23.100477677964246,34.005776476410816,1015,760,,,,
22,True,y_t+15min,0.95,ACI,0.9359605911330048,16.43859172369776,28.368576265701996,1015,760,,,,
22,True,y_t+15min,0.9,CQR,0.9152709359605912,9.910070953383386,16.12235613853005,1015,760,0.878968253968254,0.9464285714285714,0.0,0.0
22,True,y_t+15min,0.9,ACQR,0.8896551724137931,11.111429341727511,16.951468344740213,1015,760,0.8680555555555556,0.9077380952380952,0.0,0.0
22,True,y_t+15min,0.95,CQR,0.9635467980295568,15.05051172382327,22.102731432317537,1015,760,,,0.0,0.0
22,True,y_t+15min,0.95,ACQR,0.9379310344827586,15.093947044510603,23.278841696259807,1015,760,,,0.0,0.0
22,True,y_t+30min,0.8,split-CP,0.900197628458498,21.22083328039715,26.63617239054863,1012,754,,,,
22,True,y_t+30min,0.8,ACI,0.7855731225296443,13.541241327819296,22.27122665398472,1012,754,,,,
22,True,y_t+30min,0.85,split-CP,0.9258893280632412,23.60898358389804,29.40576579643368,1012,754,,,,
22,True,y_t+30min,0.85,ACI,0.8320158102766798,15.96870779617816,25.288678307388835,1012,754,,,,
22,True,y_t+30min,0.9,split-CP,0.9624505928853756,27.70714304797457,34.15683382871155,1012,754,0.9375,0.9821428571428572,,
22,True,y_t+30min,0.9,ACI,0.883399209486166,17.334231462415723,27.961344976925112,1012,754,0.8452380952380952,0.9107142857142856,,
22,True,y_t+30min,0.95,split-CP,0.9851778656126482,36.954017870867055,45.54471806640421,1012,754,,,,
22,True,y_t+30min,0.95,ACI,0.9318181818181818,23.925887473303472,38.97783582920388,1012,754,,,,
22,True,y_t+30min,0.9,CQR,0.9278656126482212,16.963717277646168,24.362382234468484,1012,754,0.8928571428571429,0.9563492063492064,0.0,8.0
22,True,y_t+30min,0.9,ACQR,0.8754940711462451,17.663468535686228,26.20801367462599,1012,754,0.8412698412698413,0.9007936507936508,0.0,8.0
22,True,y_t+30min,0.95,CQR,0.9486166007905138,21.16869006476797,33.599075212613336,1012,754,,,0.0,0.0
22,True,y_t+30min,0.95,ACQR,0.9090909090909092,24.424189218801416,37.37414789596837,1012,754,,,0.0,0.0
23,True,y_t+5min,0.8,split-CP,0.856440511307768,3.0947936507936635,5.163409476726347,1017,764,,,,
23,True,y_t+5min,0.8,ACI,0.7984267453294002,2.6208184752899597,4.483019805088388,1017,764,,,,
23,True,y_t+5min,0.85,split-CP,0.8987217305801377,3.894357142857162,6.006713964022559,1017,764,,,,
23,True,y_t+5min,0.85,ACI,0.8466076696165191,3.398066107533168,5.39105057520626,1017,764,,,,
23,True,y_t+5min,0.9,split-CP,0.9262536873156342,4.759476190476193,7.159641315056264,1017,764,0.8938492063492064,0.9563492063492064,,
23,True,y_t+5min,0.9,ACI,0.895771878072763,4.220968668636075,6.583661190615713,1017,764,0.878968253968254,0.9107142857142856,,
23,True,y_t+5min,0.95,split-CP,0.9547689282202556,6.292227513227517,9.323874748326071,1017,764,,,,
23,True,y_t+5min,0.95,ACI,0.9459193706981318,5.481392893324308,8.961330330154569,1017,764,,,,
23,True,y_t+5min,0.9,CQR,0.8908554572271387,2.871242617510525,4.526594651314264,1017,764,0.8591269841269841,0.9186507936507936,2.0,3.0
23,True,y_t+5min,0.9,ACQR,0.8947885939036382,3.3185397761825306,4.637124671908964,1017,764,0.876984126984127,0.9087301587301588,2.0,3.0
23,True,y_t+5min,0.95,CQR,0.9508357915437562,4.734426202308336,6.424650787477128,1017,764,,,15.0,8.0
23,True,y_t+5min,0.95,ACQR,0.943952802359882,5.06317217077463,6.567468331648942,1017,764,,,15.0,8.0
23,True,y_t+15min,0.8,split-CP,0.8620689655172413,5.991833333333346,9.156840864663527,1015,760,,,,
23,True,y_t+15min,0.8,ACI,0.7911330049261084,5.350275297289828,8.372014736786657,1015,760,,,,
23,True,y_t+15min,0.85,split-CP,0.8906403940886699,7.084183862433861,10.405236606624536,1015,760,,,,
23,True,y_t+15min,0.85,ACI,0.8384236453201971,6.116632589459437,9.511033865978936,1015,760,,,,
23,True,y_t+15min,0.9,split-CP,0.9241379310344828,8.766785714285703,12.193985311714371,1015,760,0.8859126984126984,0.9543650793650794,,
23,True,y_t+15min,0.9,ACI,0.8886699507389163,6.969561730424292,10.726528012636878,1015,760,0.8621031746031746,0.9077380952380952,,
23,True,y_t+15min,0.95,split-CP,0.9684729064039408,12.27607142857144,15.588350001303205,1015,760,,,,
23,True,y_t+15min,0.95,ACI,0.9379310344827586,9.477496484887125,14.790339273552568,1015,760,,,,
23,True,y_t+15min,0.9,CQR,0.9004926108374385,6.100965070511003,8.966517318456138,1015,760,0.8630952380952381,0.935515873015873,0.0,9.0
23,True,y_t+15min,0.9,ACQR,0.8876847290640394,6.4598817387928085,8.753564312661819,1015,760,0.8640873015873016,0.9077380952380952,0.0,9.0
23,True,y_t+15min,0.95,CQR,0.954679802955665,9.143028317006944,11.465240537860527,1015,760,,,2.0,0.0
23,True,y_t+15min,0.95,ACQR,0.9359605911330048,8.694585959096845,11.498135396380835,1015,760,,,2.0,0.0
23,True,y_t+30min,0.8,split-CP,0.8290513833992095,7.070611111111106,11.971415501954093,1012,754,,,,
23,True,y_t+30min,0.8,ACI,0.7845849802371542,7.308316096939364,11.512178604813244,1012,754,,,,
23,True,y_t+30min,0.85,split-CP,0.8794466403162056,9.307996031746027,13.722306471960788,1012,754,,,,
23,True,y_t+30min,0.85,ACI,0.8290513833992095,8.265637252833343,12.998824617567577,1012,754,,,,
23,True,y_t+30min,0.9,split-CP,0.9219367588932806,11.347476190476158,15.96704244995598,1012,754,0.8799603174603174,0.9553571428571428,,
23,True,y_t+30min,0.9,ACI,0.8745059288537549,9.798393882038258,15.599833407510769,1012,754,0.8402777777777778,0.9017857142857144,,
23,True,y_t+30min,0.95,split-CP,0.9644268774703556,15.842785714285723,20.16826974716105,1012,754,,,,
23,True,y_t+30min,0.95,ACI,0.9268774703557312,12.0876952117981,19.71712471684092,1012,754,,,,
23,True,y_t+30min,0.9,CQR,0.9071146245059288,8.828445548332178,12.25110754674205,1012,754,0.8700396825396826,0.9404761904761904,0.0,15.0
23,True,y_t+30min,0.9,ACQR,0.8745059288537549,9.52201377878025,12.957032905245269,1012,754,0.8432539682539683,0.8998015873015873,0.0,15.0
23,True,y_t+30min,0.95,CQR,0.9733201581027668,13.351219290215743,15.8841511989719,1012,754,,,0.0,6.0
23,True,y_t+30min,0.95,ACQR,0.9239130434782608,12.159100617757014,16.589907592255205,1012,754,,,0.0,6.0
24,True,y_t+5min,0.8,split-CP,0.831858407079646,2.1164695767195956,3.753967840364598,1017,764,,,,
24,True,y_t+5min,0.8,ACI,0.7984267453294002,1.7168389688900991,3.429034258396108,1017,764,,,,
24,True,y_t+5min,0.85,split-CP,0.8770894788593904,2.587944444444446,4.322745767282477,1017,764,,,,
24,True,y_t+5min,0.85,ACI,0.8466076696165191,2.1898674466489116,4.041370329577557,1017,764,,,,
24,True,y_t+5min,0.9,split-CP,0.9134709931170109,3.2456785714285554,5.1661659344060995,1017,764,0.8779761904761905,0.9454365079365079,,
24,True,y_t+5min,0.9,ACI,0.8938053097345132,2.9202197333876296,5.009109758563297,1017,764,0.875,0.9077380952380952,,
24,True,y_t+5min,0.95,split-CP,0.9626352015732547,4.356793650793648,6.887587665766617,1017,764,,,,
24,True,y_t+5min,0.95,ACI,0.9400196656833825,3.919183249950457,6.825462377793004,1017,764,,,,
24,True,y_t+5min,0.9,CQR,0.9075712881022615,2.453392633912422,4.586426965267117,1017,764,0.876984126984127,0.933531746031746,0.0,0.0
24,True,y_t+5min,0.9,ACQR,0.8987217305801377,2.50319347664072,4.616531271351964,1017,764,0.878968253968254,0.9136904761904762,0.0,0.0
24,True,y_t+5min,0.95,CQR,0.9508357915437562,3.494940555637328,6.453447112958755,1017,764,,,0.0,0.0
24,True,y_t+5min,0.95,ACQR,0.9449360865290068,3.6228243050893156,6.69723062614977,1017,764,,,0.0,0.0
24,True,y_t+15min,0.8,split-CP,0.8285714285714286,4.9917182539682585,8.653558305314464,1015,760,,,,
24,True,y_t+15min,0.8,ACI,0.7921182266009852,4.274406276108493,8.247514303366769,1015,760,,,,
24,True,y_t+15min,0.85,split-CP,0.8689655172413793,5.848706349206366,9.87748509135455,1015,760,,,,
24,True,y_t+15min,0.85,ACI,0.8384236453201971,5.44562324594763,9.591909698715199,1015,760,,,,
24,True,y_t+15min,0.9,split-CP,0.9024630541871921,7.002718253968254,11.77019856256679,1015,760,0.8521825396825397,0.9464285714285714,,
24,True,y_t+15min,0.9,ACI,0.8847290640394089,6.485420507562133,11.485813110580354,1015,760,0.8621031746031746,0.9077380952380952,,
24,True,y_t+15min,0.95,split-CP,0.9497536945812808,9.828833333333336,15.443676062762265,1015,760,,,,
24,True,y_t+15min,0.95,ACI,0.9339901477832512,7.91781242864962,14.708915590220757,1015,760,,,,
24,True,y_t+15min,0.9,CQR,0.8857142857142857,5.212180379015468,10.264456918950396,1015,760,0.8323412698412699,0.9325396825396826,0.0,0.0
24,True,y_t+15min,0.9,ACQR,0.8837438423645321,5.883136137899641,10.311947513297467,1015,760,0.8591269841269841,0.9067460317460317,0.0,0.0
24,True,y_t+15min,0.95,CQR,0.9389162561576355,7.120040796822328,13.644802117435646,1015,760,,,0.0,0.0
24,True,y_t+15min,0.95,ACQR,0.9310344827586207,6.673927088804094,12.865596977533247,1015,760,,,0.0,0.0
24,True,y_t+30min,0.8,split-CP,0.8300395256916996,7.534996031746033,12.689931522574557,1012,754,,,,
24,True,y_t+30min,0.8,ACI,0.7796442687747036,7.380071257363175,13.135394646533447,1012,754,,,,
24,True,y_t+30min,0.85,split-CP,0.8764822134387352,9.232615079365075,14.482609617716006,1012,754,,,,
24,True,y_t+30min,0.85,ACI,0.825098814229249,8.636453942794569,15.196816525016043,1012,754,,,,
24,True,y_t+30min,0.9,split-CP,0.9071146245059288,11.427408730158731,16.946667287623814,1012,754,0.8611111111111112,0.9474206349206349,,
24,True,y_t+30min,0.9,ACI,0.866600790513834,10.30331280817357,17.806128143076055,1012,754,0.8273809523809523,0.8988095238095238,,
24,True,y_t+30min,0.95,split-CP,0.9407114624505929,13.908132275132289,21.29618796048044,1012,754,,,,
24,True,y_t+30min,0.95,ACI,0.9179841897233202,11.724738470805113,22.44867054459833,1012,754,,,,
24,True,y_t+30min,0.9,CQR,0.8774703557312253,8.109222102004608,16.366525068739712,1012,754,0.8194444444444444,0.9246031746031746,0.0,0.0
24,True,y_t+30min,0.9,ACQR,0.8695652173913043,9.006804796091316,15.587189252403936,1012,754,0.8343253968253969,0.8938492063492064,0.0,0.0
24,True,y_t+30min,0.95,CQR,0.924901185770751,10.83963309571983,21.913185372770492,1012,754,,,0.0,0.0
24,True,y_t+30min,0.95,ACQR,0.9189723320158103,10.821125645654481,20.675515335030617,1012,754,,,0.0,0.0
