facility_id,dynamic,bucket,method,PICP,MPIW,n_cell,n_own,n_init,fell_back,gamma,degenerate
1,False,night,split-CP,1.0,0.0,285,177,177,False,0.002,True
1,False,am_rush,split-CP,1.0,0.0,192,96,96,False,0.002,True
1,False,midday,split-CP,1.0,0.0,250,202,202,False,0.002,True
1,False,pm_rush,split-CP,1.0,0.0,171,144,144,False,0.002,True
1,False,evening,split-CP,1.0,0.0,117,141,141,False,0.002,True
1,False,night,Mondrian-split-CP,1.0,0.0,285,177,177,False,0.002,True
1,False,am_rush,Mondrian-split-CP,1.0,0.0,192,96,96,False,0.002,True
1,False,midday,Mondrian-split-CP,1.0,0.0,250,202,202,False,0.002,True
1,False,pm_rush,Mondrian-split-CP,1.0,0.0,171,144,144,False,0.002,True
1,False,evening,Mondrian-split-CP,1.0,0.0,117,141,141,False,0.002,True
1,False,night,ACI,1.0,0.0,285,177,177,False,0.002,True
1,False,am_rush,ACI,1.0,0.0,192,96,96,False,0.002,True
1,False,midday,ACI,1.0,0.0,250,202,202,False,0.002,True
1,False,pm_rush,ACI,1.0,0.0,171,144,144,False,0.002,True
1,False,evening,ACI,1.0,0.0,117,141,141,False,0.002,True
1,False,night,ToD-ACI,1.0,0.0,285,177,177,False,0.002,True
1,False,am_rush,ToD-ACI,1.0,0.0,192,96,96,False,0.002,True
1,False,midday,ToD-ACI,1.0,0.0,250,202,202,False,0.002,True
1,False,pm_rush,ToD-ACI,1.0,0.0,171,144,144,False,0.002,True
1,False,evening,ToD-ACI,1.0,0.0,117,141,141,False,0.002,True
2,True,night,split-CP,0.9789473684210527,22.070281746031696,285,177,177,False,0.002,False
2,True,am_rush,split-CP,0.9166666666666666,22.070281746031696,192,96,96,False,0.002,False
2,True,midday,split-CP,0.9,22.070281746031693,250,202,202,False,0.002,False
2,True,pm_rush,split-CP,0.9122807017543859,22.070281746031696,171,144,144,False,0.002,False
2,True,evening,split-CP,0.9658119658119658,22.070281746031686,117,141,141,False,0.002,False
2,True,night,Mondrian-split-CP,0.9614035087719298,7.905952380952385,285,177,177,False,0.002,False
2,True,am_rush,Mondrian-split-CP,0.9375,24.642694444444434,192,96,96,False,0.002,False
2,True,midday,Mondrian-split-CP,0.92,23.914865079365082,250,202,202,False,0.002,False
2,True,pm_rush,Mondrian-split-CP,0.9590643274853801,24.694912698412626,171,144,144,False,0.002,False
2,True,evening,Mondrian-split-CP,0.9401709401709402,15.767980158730206,117,141,141,False,0.002,False
2,True,night,ACI,0.9754385964912281,17.647584719374194,285,177,177,False,0.002,False
2,True,am_rush,ACI,0.8177083333333334,16.942208152331858,192,96,96,False,0.002,False
2,True,midday,ACI,0.824,18.167713879749886,250,202,202,False,0.002,False
2,True,pm_rush,ACI,0.8538011695906432,18.223475388808723,171,144,144,False,0.002,False
2,True,evening,ACI,0.9487179487179487,17.016033406922315,117,141,141,False,0.002,False
2,True,night,ToD-ACI,0.9473684210526315,5.9309804975401486,285,177,177,False,0.002,False
2,True,am_rush,ToD-ACI,0.8958333333333334,22.18589464147928,192,96,96,False,0.002,False
2,True,midday,ToD-ACI,0.892,22.075576566137567,250,202,202,False,0.002,False
2,True,pm_rush,ToD-ACI,0.8654970760233918,20.47595652571385,171,144,144,False,0.002,False
2,True,evening,ToD-ACI,0.905982905982906,15.088238853738844,117,141,141,False,0.002,False
3,True,night,split-CP,0.9824561403508771,17.30349735449735,285,177,177,False,0.02,False
3,True,am_rush,split-CP,0.8958333333333334,17.048570043816138,192,96,96,False,0.02,False
3,True,midday,split-CP,0.888,13.973601238465239,250,202,202,False,0.02,False
3,True,pm_rush,split-CP,0.7485380116959064,17.303497354497352,171,144,144,False,0.02,False
3,True,evening,split-CP,0.9572649572649573,17.303497354497352,117,141,141,False,0.02,False
3,True,night,Mondrian-split-CP,0.9122807017543859,7.433746031746012,285,177,177,False,0.02,False
3,True,am_rush,Mondrian-split-CP,0.9270833333333334,21.09174460565478,192,96,96,False,0.02,False
3,True,midday,Mondrian-split-CP,0.872,13.179913796666296,250,202,202,False,0.02,False
3,True,pm_rush,Mondrian-split-CP,0.8187134502923976,21.70257142857144,171,144,144,False,0.02,False
3,True,evening,Mondrian-split-CP,0.9658119658119658,18.99567857142858,117,141,141,False,0.02,False
3,True,night,ACI,0.9754385964912281,13.071654627309012,285,177,177,False,0.02,False
3,True,am_rush,ACI,0.8125,12.926333256924403,192,96,96,False,0.02,False
3,True,midday,ACI,0.86,15.129042214415213,250,202,202,False,0.02,False
3,True,pm_rush,ACI,0.8362573099415205,25.071935185536795,171,144,144,False,0.02,False
3,True,evening,ACI,0.9658119658119658,22.475008563453013,117,141,141,False,0.02,False
3,True,night,ToD-ACI,0.8947368421052632,6.109614373897702,285,177,177,False,0.02,False
3,True,am_rush,ToD-ACI,0.8802083333333334,18.592858084190116,192,96,96,False,0.02,False
3,True,midday,ToD-ACI,0.904,17.537150526103524,250,202,202,False,0.02,False
3,True,pm_rush,ToD-ACI,0.9005847953216374,31.18778963331448,171,144,144,False,0.02,False
3,True,evening,ToD-ACI,0.905982905982906,14.04949029982363,117,141,141,False,0.02,False
4,True,night,split-CP,0.9789473684210527,28.517990740740746,285,177,177,False,0.02,False
4,True,am_rush,split-CP,0.96875,28.517990740740743,192,96,96,False,0.02,False
4,True,midday,split-CP,0.94,23.12410388119288,250,202,202,False,0.02,False
4,True,pm_rush,split-CP,0.9122807017543859,28.517990740740746,171,144,144,False,0.02,False
4,True,evening,split-CP,1.0,28.517990740740753,117,141,141,False,0.02,False
4,True,night,Mondrian-split-CP,0.8912280701754386,11.71875132275136,285,177,177,False,0.02,False
4,True,am_rush,Mondrian-split-CP,0.921875,20.425261904761896,192,96,96,False,0.02,False
4,True,midday,Mondrian-split-CP,0.904,17.797975830928344,250,202,202,False,0.02,False
4,True,pm_rush,Mondrian-split-CP,0.9590643274853801,47.622134920634934,171,144,144,False,0.02,False
4,True,evening,Mondrian-split-CP,1.0,30.5469246031746,117,141,141,False,0.02,False
4,True,night,ACI,0.9649122807017544,17.972267334582245,285,177,177,False,0.02,False
4,True,am_rush,ACI,0.8645833333333334,16.280198376372848,192,96,96,False,0.02,False
4,True,midday,ACI,0.84,16.45049714213564,250,202,202,False,0.02,False
4,True,pm_rush,ACI,0.8421052631578947,28.669359414951522,171,144,144,False,0.02,False
4,True,evening,ACI,0.9829059829059829,22.74133030344142,117,141,141,False,0.02,False
4,True,night,ToD-ACI,0.9122807017543859,16.23675374252128,285,177,177,False,0.02,False
4,True,am_rush,ToD-ACI,0.875,21.543353835978838,192,96,96,False,0.02,False
4,True,midday,ToD-ACI,0.896,20.92071895262145,250,202,202,False,0.02,False
4,True,pm_rush,ToD-ACI,0.8947368421052632,34.653521187227334,171,144,144,False,0.02,False
4,True,evening,ToD-ACI,0.9230769230769231,18.678825713381272,117,141,141,False,0.02,False
5,True,night,split-CP,1.0,15.060436507936402,285,177,177,False,0.01,False
5,True,am_rush,split-CP,0.8958333333333334,15.060436507936402,192,96,96,False,0.01,False
5,True,midday,split-CP,0.836,15.060436507936402,250,202,202,False,0.01,False
5,True,pm_rush,split-CP,0.8128654970760234,15.060436507936403,171,144,144,False,0.01,False
5,True,evening,split-CP,0.8803418803418803,15.060436507936402,117,141,141,False,0.01,False
5,True,night,Mondrian-split-CP,0.9894736842105263,8.048753968254005,285,177,177,False,0.01,False
5,True,am_rush,Mondrian-split-CP,0.8802083333333334,14.80488888888892,192,96,96,False,0.01,False
5,True,midday,Mondrian-split-CP,0.904,19.301645502645524,250,202,202,False,0.01,False
5,True,pm_rush,Mondrian-split-CP,0.8654970760233918,17.954321428571408,171,144,144,False,0.01,False
5,True,evening,Mondrian-split-CP,0.7948717948717948,8.654814814814813,117,141,141,False,0.01,False
5,True,night,ACI,1.0,15.44425608001485,285,177,177,False,0.01,False
5,True,am_rush,ACI,0.9010416666666666,12.193100246011698,192,96,96,False,0.01,False
5,True,midday,ACI,0.816,16.91796069404669,250,202,202,False,0.01,False
5,True,pm_rush,ACI,0.8304093567251462,16.912069585439465,171,144,144,False,0.01,False
5,True,evening,ACI,0.905982905982906,22.7588360209749,117,141,141,False,0.01,False
5,True,night,ToD-ACI,0.9157894736842105,4.499192991738599,285,177,177,False,0.01,False
5,True,am_rush,ToD-ACI,0.875,14.33036131196157,192,96,96,False,0.01,False
5,True,midday,ToD-ACI,0.896,17.875568374218375,250,202,202,False,0.01,False
5,True,pm_rush,ToD-ACI,0.9064327485380117,19.943629575481882,171,144,144,False,0.01,False
5,True,evening,ToD-ACI,0.8547008547008547,21.924598584543027,117,141,141,False,0.01,False
6,True,night,split-CP,0.9824561403508771,8.478773809523801,285,177,177,False,0.02,False
6,True,am_rush,split-CP,0.8802083333333334,8.478773809523801,192,96,96,False,0.02,False
6,True,midday,split-CP,0.888,8.478773809523801,250,202,202,False,0.02,False
6,True,pm_rush,split-CP,0.7485380116959064,8.478773809523801,171,144,144,False,0.02,False
6,True,evening,split-CP,0.9316239316239316,8.4787738095238,117,141,141,False,0.02,False
6,True,night,Mondrian-split-CP,0.7684210526315789,4.126555555555555,285,177,177,False,0.02,False
6,True,am_rush,Mondrian-split-CP,0.7708333333333334,6.47369047619047,192,96,96,False,0.02,False
6,True,midday,Mondrian-split-CP,0.908,9.072365079365085,250,202,202,False,0.02,False
6,True,pm_rush,Mondrian-split-CP,0.8538011695906432,12.319398774714564,171,144,144,False,0.02,False
6,True,evening,Mondrian-split-CP,0.9401709401709402,9.431492063492055,117,141,141,False,0.02,False
6,True,night,ACI,0.9578947368421052,7.876272075390498,285,177,177,False,0.02,False
6,True,am_rush,ACI,0.84375,7.1263036303010265,192,96,96,False,0.02,False
6,True,midday,ACI,0.872,9.238982949013948,250,202,202,False,0.02,False
6,True,pm_rush,ACI,0.8187134502923976,13.238015966543744,171,144,144,False,0.02,False
6,True,evening,ACI,0.9743589743589743,12.517984583317913,117,141,141,False,0.02,False
6,True,night,ToD-ACI,0.9052631578947369,7.26783442402302,285,177,177,False,0.02,False
6,True,am_rush,ToD-ACI,0.8854166666666666,10.710408964395944,192,96,96,False,0.02,False
6,True,midday,ToD-ACI,0.908,9.576859696007695,250,202,202,False,0.02,False
6,True,pm_rush,ToD-ACI,0.8947368421052632,18.407608883319412,171,144,144,False,0.02,False
6,True,evening,ToD-ACI,0.9230769230769231,8.380399595260707,117,141,141,False,0.02,False
7,True,night,split-CP,0.9228070175438596,47.24847222222223,285,177,177,False,0.02,False
7,True,am_rush,split-CP,0.9479166666666666,47.24847222222223,192,96,96,False,0.02,False
7,True,midday,split-CP,0.676,47.24847222222223,250,202,202,False,0.02,False
7,True,pm_rush,split-CP,0.7894736842105263,47.24847222222224,171,144,144,False,0.02,False
7,True,evening,split-CP,0.8547008547008547,47.24847222222225,117,141,141,False,0.02,False
7,True,night,Mondrian-split-CP,0.7684210526315789,20.425068579568578,285,177,177,False,0.02,False
7,True,am_rush,Mondrian-split-CP,0.8125,24.287960317460374,192,96,96,False,0.02,False
7,True,midday,Mondrian-split-CP,0.736,57.52022222222217,250,202,202,False,0.02,False
7,True,pm_rush,Mondrian-split-CP,0.8538011695906432,56.10473809523807,171,144,144,False,0.02,False
7,True,evening,Mondrian-split-CP,0.8034188034188035,42.975751322751314,117,141,141,False,0.02,False
7,True,night,ACI,0.9263157894736842,62.831177946971806,285,177,177,False,0.02,False
7,True,am_rush,ACI,0.921875,43.09800401835819,192,96,96,False,0.02,False
7,True,midday,ACI,0.792,74.34724013852814,250,202,202,False,0.02,False
7,True,pm_rush,ACI,0.9239766081871345,81.56426502352963,171,144,144,False,0.02,False
7,True,evening,ACI,0.9316239316239316,62.8107242746965,117,141,141,False,0.02,False
7,True,night,ToD-ACI,0.8912280701754386,52.635026210501636,285,177,177,False,0.02,False
7,True,am_rush,ToD-ACI,0.8854166666666666,42.0138235273118,192,96,96,False,0.02,False
7,True,midday,ToD-ACI,0.9,95.01940613227512,250,202,202,False,0.02,False
7,True,pm_rush,ToD-ACI,0.9064327485380117,74.28416260910414,171,144,144,False,0.02,False
7,True,evening,ToD-ACI,0.8717948717948718,52.31027069843738,117,141,141,False,0.02,False
8,True,night,split-CP,0.775438596491228,57.28482633435441,285,177,177,False,0.005,False
8,True,am_rush,split-CP,0.65625,62.04396514688052,192,96,96,False,0.005,False
8,True,midday,split-CP,1.0,54.39470317989419,250,202,202,False,0.005,False
8,True,pm_rush,split-CP,0.9649122807017544,52.62706609888921,171,144,144,False,0.005,False
8,True,evening,split-CP,1.0,58.047468593135285,117,141,141,False,0.005,False
8,True,night,Mondrian-split-CP,1.0,80.08200713821594,285,177,177,False,0.005,False
8,True,am_rush,Mondrian-split-CP,1.0,86.37157295111335,192,96,96,False,0.005,False
8,True,midday,Mondrian-split-CP,1.0,31.606618735449743,250,202,202,False,0.005,False
8,True,pm_rush,Mondrian-split-CP,0.9590643274853801,30.76229474148334,171,144,144,False,0.005,False
8,True,evening,Mondrian-split-CP,1.0,30.90513953330619,117,141,141,False,0.005,False
8,True,night,ACI,0.9298245614035088,52.89822696092082,285,177,177,False,0.005,False
8,True,am_rush,ACI,0.953125,51.59583838321208,192,96,96,False,0.005,False
8,True,midday,ACI,0.94,34.777429243386244,250,202,202,False,0.005,False
8,True,pm_rush,ACI,0.8304093567251462,39.255352045236556,171,144,144,False,0.005,False
8,True,evening,ACI,1.0,49.52359535115091,117,141,141,False,0.005,False
8,True,night,ToD-ACI,1.0,68.82568971502833,285,177,177,False,0.005,False
8,True,am_rush,ToD-ACI,0.96875,71.46489967757937,192,96,96,False,0.005,False
8,True,midday,ToD-ACI,1.0,27.17564757671958,250,202,202,False,0.005,False
8,True,pm_rush,ToD-ACI,0.8654970760233918,28.238288108388268,171,144,144,False,0.005,False
8,True,evening,ToD-ACI,1.0,25.71170182697961,117,141,141,False,0.005,False
9,True,night,split-CP,1.0,6.781571428571624,285,177,177,False,0.02,False
9,True,am_rush,split-CP,0.9166666666666666,6.781571428571624,192,96,96,False,0.02,False
9,True,midday,split-CP,0.516,6.781571428571624,250,202,202,False,0.02,False
9,True,pm_rush,split-CP,0.5555555555555556,6.781571428571624,171,144,144,False,0.02,False
9,True,evening,split-CP,0.9743589743589743,6.781571428571624,117,141,141,False,0.02,False
9,True,night,Mondrian-split-CP,0.9298245614035088,0.7783730158730577,285,177,177,False,0.02,False
9,True,am_rush,Mondrian-split-CP,0.7395833333333334,4.528630952380809,192,96,96,False,0.02,False
9,True,midday,Mondrian-split-CP,0.62,8.232412698412645,250,202,202,False,0.02,False
9,True,pm_rush,Mondrian-split-CP,0.7192982456140351,9.819250000000011,171,144,144,False,0.02,False
9,True,evening,Mondrian-split-CP,0.8974358974358975,4.150916666666944,117,141,141,False,0.02,False
9,True,night,ACI,1.0,6.0887755128562135,285,177,177,False,0.02,False
9,True,am_rush,ACI,0.7552083333333334,4.73469292691298,192,96,96,False,0.02,False
9,True,midday,ACI,0.784,13.911010508417489,250,202,202,False,0.02,False
9,True,pm_rush,ACI,0.8771929824561403,15.730746348896917,171,144,144,False,0.02,False
9,True,evening,ACI,0.9829059829059829,10.739621263510138,117,141,141,False,0.02,False
9,True,night,ToD-ACI,0.9122807017543859,0.3934450338810102,285,177,177,False,0.02,False
9,True,am_rush,ToD-ACI,0.859375,10.658873044682947,192,96,96,False,0.02,False
9,True,midday,ToD-ACI,0.892,17.37971148100044,250,202,202,False,0.02,False
9,True,pm_rush,ToD-ACI,0.8421052631578947,16.221658212590985,171,144,144,False,0.02,False
9,True,evening,ToD-ACI,0.8974358974358975,4.313107123329343,117,141,141,False,0.02,False
10,False,night,split-CP,0.9929824561403509,4.83647222222222,285,177,177,False,0.05,False
10,False,am_rush,split-CP,0.9791666666666666,4.83647222222222,192,96,96,False,0.05,False
10,False,midday,split-CP,0.956,4.83647222222222,250,202,202,False,0.05,False
10,False,pm_rush,split-CP,0.9766081871345029,4.83647222222222,171,144,144,False,0.05,False
10,False,evening,split-CP,1.0,4.836472222222221,117,141,141,False,0.05,False
10,False,night,Mondrian-split-CP,0.9789473684210527,3.790365079365074,285,177,177,False,0.05,False
10,False,am_rush,Mondrian-split-CP,1.0,7.397507936507935,192,96,96,False,0.05,False
10,False,midday,Mondrian-split-CP,0.956,4.83647222222222,250,202,202,False,0.05,False
10,False,pm_rush,Mondrian-split-CP,0.9941520467836257,6.520309523809529,171,144,144,False,0.05,False
10,False,evening,Mondrian-split-CP,0.9487179487179487,3.15596296296296,117,141,141,False,0.05,False
10,False,night,ACI,0.9508771929824561,2.604896976025923,285,177,177,False,0.05,False
10,False,am_rush,ACI,0.7916666666666666,2.401444031084656,192,96,96,False,0.05,False
10,False,midday,ACI,0.872,3.7433402659932655,250,202,202,False,0.05,False
10,False,pm_rush,ACI,0.8538011695906432,3.4768415574570537,171,144,144,False,0.05,False
10,False,evening,ACI,0.9316239316239316,3.0625869747536405,117,141,141,False,0.05,False
10,False,night,ToD-ACI,0.9157894736842105,1.515586368699526,285,177,177,False,0.05,False
10,False,am_rush,ToD-ACI,0.8489583333333334,3.335570222938712,192,96,96,False,0.05,False
10,False,midday,ToD-ACI,0.892,4.020072177008176,250,202,202,False,0.05,False
10,False,pm_rush,ToD-ACI,0.8830409356725146,3.711631656301247,171,144,144,False,0.05,False
10,False,evening,ToD-ACI,0.8888888888888888,2.5847459834404263,117,141,141,False,0.05,False
11,True,night,split-CP,1.0,7.476373015873022,285,177,177,False,0.02,False
11,True,am_rush,split-CP,0.84375,6.700602354772934,192,96,96,False,0.02,False
11,True,midday,split-CP,0.888,5.661662034391537,250,202,202,False,0.02,False
11,True,pm_rush,split-CP,0.8421052631578947,7.170825988582574,171,144,144,False,0.02,False
11,True,evening,split-CP,1.0,7.4763730158730235,117,141,141,False,0.02,False
11,True,night,Mondrian-split-CP,0.8631578947368421,1.5215476190476238,285,177,177,False,0.02,False
11,True,am_rush,Mondrian-split-CP,0.921875,13.426055562444887,192,96,96,False,0.02,False
11,True,midday,Mondrian-split-CP,0.92,6.729484558201057,250,202,202,False,0.02,False
11,True,pm_rush,Mondrian-split-CP,0.9064327485380117,10.688903129737927,171,144,144,False,0.02,False
11,True,evening,Mondrian-split-CP,0.9829059829059829,6.292682539682546,117,141,141,False,0.02,False
11,True,night,ACI,1.0,4.55441995373048,285,177,177,False,0.02,False
11,True,am_rush,ACI,0.7083333333333334,3.973068228983593,192,96,96,False,0.02,False
11,True,midday,ACI,0.884,6.562161666259666,250,202,202,False,0.02,False
11,True,pm_rush,ACI,0.9005847953216374,10.457256636367747,171,144,144,False,0.02,False
11,True,evening,ACI,0.9572649572649573,6.493716117216116,117,141,141,False,0.02,False
11,True,night,ToD-ACI,0.8982456140350877,2.014606015037592,285,177,177,False,0.02,False
11,True,am_rush,ToD-ACI,0.890625,14.097774040316358,192,96,96,False,0.02,False
11,True,midday,ToD-ACI,0.892,6.362118380952382,250,202,202,False,0.02,False
11,True,pm_rush,ToD-ACI,0.8771929824561403,9.373023973157014,171,144,144,False,0.02,False
11,True,evening,ToD-ACI,0.9145299145299145,5.307362942612946,117,141,141,False,0.02,False
12,True,night,split-CP,1.0,13.802138888888921,285,177,177,False,0.02,False
12,True,am_rush,split-CP,0.9583333333333334,13.80213888888892,192,96,96,False,0.02,False
12,True,midday,split-CP,0.696,13.802138888888917,250,202,202,False,0.02,False
12,True,pm_rush,split-CP,0.5614035087719298,13.802138888888921,171,144,144,False,0.02,False
12,True,evening,split-CP,0.9145299145299145,13.802138888888921,117,141,141,False,0.02,False
12,True,night,Mondrian-split-CP,0.9368421052631579,2.9420370370370392,285,177,177,False,0.02,False
12,True,am_rush,Mondrian-split-CP,0.859375,7.018309523809535,192,96,96,False,0.02,False
12,True,midday,Mondrian-split-CP,0.704,13.885638888888876,250,202,202,False,0.02,False
12,True,pm_rush,Mondrian-split-CP,0.7660818713450293,22.232444444444464,171,144,144,False,0.02,False
12,True,evening,Mondrian-split-CP,0.9145299145299145,13.802138888888921,117,141,141,False,0.02,False
12,True,night,ACI,1.0,12.376422363146926,285,177,177,False,0.02,False
12,True,am_rush,ACI,0.8697916666666666,8.376701286897898,192,96,96,False,0.02,False
12,True,midday,ACI,0.756,17.302803097458096,250,202,202,False,0.02,False
12,True,pm_rush,ACI,0.8245614035087719,26.26085125801208,171,144,144,False,0.02,False
12,True,evening,ACI,0.9743589743589743,21.673067123759427,117,141,141,False,0.02,False
12,True,night,ToD-ACI,0.9157894736842105,2.3873975798080975,285,177,177,False,0.02,False
12,True,am_rush,ToD-ACI,0.9166666666666666,12.52221934937169,192,96,96,False,0.02,False
12,True,midday,ToD-ACI,0.9,25.47497717989418,250,202,202,False,0.02,False
12,True,pm_rush,ToD-ACI,0.8538011695906432,28.283205250781272,171,144,144,False,0.02,False
12,True,evening,ToD-ACI,0.9145299145299145,13.680232107398774,117,141,141,False,0.02,False
13,True,night,split-CP,1.0,23.477277777777772,285,177,177,False,0.1,False
13,True,am_rush,split-CP,0.8802083333333334,23.477277777777772,192,96,96,False,0.1,False
13,True,midday,split-CP,0.796,23.477277777777775,250,202,202,False,0.1,False
13,True,pm_rush,split-CP,0.8654970760233918,23.477277777777772,171,144,144,False,0.1,False
13,True,evening,split-CP,1.0,23.477277777777783,117,141,141,False,0.1,False
13,True,night,Mondrian-split-CP,0.8070175438596491,1.0378730158729468,285,177,177,False,0.1,False
13,True,am_rush,Mondrian-split-CP,0.8645833333333334,21.260071428571447,192,96,96,False,0.1,False
13,True,midday,Mondrian-split-CP,0.916,36.112873015872985,250,202,202,False,0.1,False
13,True,pm_rush,Mondrian-split-CP,0.8538011695906432,22.139042328042375,171,144,144,False,0.1,False
13,True,evening,Mondrian-split-CP,0.9487179487179487,2.8277287157286537,117,141,141,False,0.1,False
13,True,night,ACI,0.8982456140350877,3.4557112052015553,285,177,177,False,0.1,False
13,True,am_rush,ACI,0.8020833333333334,19.651471000305623,192,96,96,False,0.1,False
13,True,midday,ACI,0.812,28.427692162578154,250,202,202,False,0.1,False
13,True,pm_rush,ACI,0.9122807017543859,29.006655785788816,171,144,144,False,0.1,False
13,True,evening,ACI,0.9658119658119658,4.096192579025902,117,141,141,False,0.1,False
13,True,night,ToD-ACI,0.8491228070175438,1.2725578997999947,285,177,177,False,0.1,False
13,True,am_rush,ToD-ACI,0.8697916666666666,25.474619826113308,192,96,96,False,0.1,False
13,True,midday,ToD-ACI,0.864,33.796100148148135,250,202,202,False,0.1,False
13,True,pm_rush,ToD-ACI,0.847953216374269,27.214766760475822,171,144,144,False,0.1,False
13,True,evening,ToD-ACI,0.8803418803418803,2.3215201352145667,117,141,141,False,0.1,False
14,True,night,split-CP,0.9052631578947369,22.41163564213565,285,177,177,False,0.02,False
14,True,am_rush,split-CP,0.9739583333333334,22.41163564213565,192,96,96,False,0.02,False
14,True,midday,split-CP,0.816,22.411635642135654,250,202,202,False,0.02,False
14,True,pm_rush,split-CP,0.8596491228070176,22.411635642135654,171,144,144,False,0.02,False
14,True,evening,split-CP,0.8461538461538461,22.119630089046755,117,141,141,False,0.02,False
14,True,night,Mondrian-split-CP,0.7578947368421053,13.83247835497832,285,177,177,False,0.02,False
14,True,am_rush,Mondrian-split-CP,0.9322916666666666,13.12057936507938,192,96,96,False,0.02,False
14,True,midday,Mondrian-split-CP,0.856,25.836759259259246,250,202,202,False,0.02,False
14,True,pm_rush,Mondrian-split-CP,0.8947368421052632,24.444246031746044,171,144,144,False,0.02,False
14,True,evening,Mondrian-split-CP,0.9316239316239316,28.927658170533164,117,141,141,False,0.02,False
14,True,night,ACI,0.9473684210526315,25.01157060749517,285,177,177,False,0.02,False
14,True,am_rush,ACI,0.9739583333333334,19.459665814894986,192,96,96,False,0.02,False
14,True,midday,ACI,0.788,21.11935301731602,250,202,202,False,0.02,False
14,True,pm_rush,ACI,0.9298245614035088,30.271410551490963,171,144,144,False,0.02,False
14,True,evening,ACI,0.8461538461538461,26.395503597225826,117,141,141,False,0.02,False
14,True,night,ToD-ACI,0.9228070175438596,23.994430093330973,285,177,177,False,0.02,False
14,True,am_rush,ToD-ACI,0.9010416666666666,15.61572733410493,192,96,96,False,0.02,False
14,True,midday,ToD-ACI,0.9,32.854594386243384,250,202,202,False,0.02,False
14,True,pm_rush,ToD-ACI,0.9005847953216374,29.084159950240355,171,144,144,False,0.02,False
14,True,evening,ToD-ACI,0.9145299145299145,28.538702986314107,117,141,141,False,0.02,False
15,True,night,split-CP,0.9859649122807017,11.336150793650788,285,177,177,False,0.002,False
15,True,am_rush,split-CP,0.9583333333333334,11.336150793650788,192,96,96,False,0.002,False
15,True,midday,split-CP,0.672,9.87074657549857,250,202,202,False,0.002,False
15,True,pm_rush,split-CP,0.8654970760233918,11.334595307713721,171,144,144,False,0.002,False
15,True,evening,split-CP,0.9743589743589743,11.33615079365079,117,141,141,False,0.002,False
15,True,night,Mondrian-split-CP,0.8421052631578947,3.6161111111111097,285,177,177,False,0.002,False
15,True,am_rush,Mondrian-split-CP,0.84375,7.965710317460321,192,96,96,False,0.002,False
15,True,midday,Mondrian-split-CP,0.796,14.651585869149372,250,202,202,False,0.002,False
15,True,pm_rush,Mondrian-split-CP,0.8654970760233918,11.219203541260553,171,144,144,False,0.002,False
15,True,evening,Mondrian-split-CP,0.905982905982906,6.075769841269849,117,141,141,False,0.002,False
15,True,night,ACI,0.9964912280701754,10.985079123735265,285,177,177,False,0.002,False
15,True,am_rush,ACI,0.921875,10.223278782560032,192,96,96,False,0.002,False
15,True,midday,ACI,0.672,9.353484342546341,250,202,202,False,0.002,False
15,True,pm_rush,ACI,0.9181286549707602,11.962340513260836,171,144,144,False,0.002,False
15,True,evening,ACI,0.9658119658119658,11.218315131370687,117,141,141,False,0.002,False
15,True,night,ToD-ACI,0.8982456140350877,6.984403702437915,285,177,177,False,0.002,False
15,True,am_rush,ToD-ACI,0.9010416666666666,10.395956183862436,192,96,96,False,0.002,False
15,True,midday,ToD-ACI,0.868,17.323596237188735,250,202,202,False,0.002,False
15,True,pm_rush,ToD-ACI,0.8538011695906432,11.072641209505242,171,144,144,False,0.002,False
15,True,evening,ToD-ACI,0.8974358974358975,6.489642167503282,117,141,141,False,0.002,False
16,True,night,split-CP,0.9929824561403509,7.009287037037041,285,177,177,False,0.02,False
16,True,am_rush,split-CP,0.9427083333333334,7.0015060281635835,192,96,96,False,0.02,False
16,True,midday,split-CP,0.824,5.16440717989418,250,202,202,False,0.02,False
16,True,pm_rush,split-CP,0.7660818713450293,6.34750646537781,171,144,144,False,0.02,False
16,True,evening,split-CP,0.8632478632478633,6.843580356885911,117,141,141,False,0.02,False
16,True,night,Mondrian-split-CP,0.9543859649122807,4.146846320346326,285,177,177,False,0.02,False
16,True,am_rush,Mondrian-split-CP,0.96875,8.558164186507938,192,96,96,False,0.02,False
16,True,midday,Mondrian-split-CP,0.748,3.8706980158730158,250,202,202,False,0.02,False
16,True,pm_rush,Mondrian-split-CP,0.9532163742690059,8.831447488671174,171,144,144,False,0.02,False
16,True,evening,Mondrian-split-CP,0.9145299145299145,7.889740590685034,117,141,141,False,0.02,False
16,True,night,ACI,1.0,6.304888458941968,285,177,177,False,0.02,False
16,True,am_rush,ACI,0.8125,4.959717375891855,192,96,96,False,0.02,False
16,True,midday,ACI,0.864,5.373387391534392,250,202,202,False,0.02,False
16,True,pm_rush,ACI,0.8713450292397661,8.04328284199556,171,144,144,False,0.02,False
16,True,evening,ACI,0.9316239316239316,9.087220099345096,117,141,141,False,0.02,False
16,True,night,ToD-ACI,0.9122807017543859,3.236970776267267,285,177,177,False,0.02,False
16,True,am_rush,ToD-ACI,0.890625,6.528069940476191,192,96,96,False,0.02,False
16,True,midday,ToD-ACI,0.928,7.476473843915343,250,202,202,False,0.02,False
16,True,pm_rush,ToD-ACI,0.9122807017543859,8.380295952423147,171,144,144,False,0.02,False
16,True,evening,ToD-ACI,0.9316239316239316,7.8344897088508185,117,141,141,False,0.02,False
17,True,night,split-CP,0.9929824561403509,10.14752645502645,285,177,177,False,0.002,False
17,True,am_rush,split-CP,0.9583333333333334,10.120879536623674,192,96,96,False,0.002,False
17,True,midday,split-CP,0.84,8.335469997835494,250,202,202,False,0.002,False
17,True,pm_rush,split-CP,0.8538011695906432,9.901853986818894,171,144,144,False,0.002,False
17,True,evening,split-CP,0.8974358974358975,10.147526455026455,117,141,141,False,0.002,False
17,True,night,Mondrian-split-CP,0.7157894736842105,2.1711706349206428,285,177,177,False,0.002,False
17,True,am_rush,Mondrian-split-CP,0.9791666666666666,12.722267295662478,192,96,96,False,0.002,False
17,True,midday,Mondrian-split-CP,0.888,9.518830468734972,250,202,202,False,0.002,False
17,True,pm_rush,Mondrian-split-CP,0.9064327485380117,11.554909952350007,171,144,144,False,0.002,False
17,True,evening,Mondrian-split-CP,0.9230769230769231,10.918527777777788,117,141,141,False,0.002,False
17,True,night,ACI,0.9894736842105263,9.245342755035738,285,177,177,False,0.002,False
17,True,am_rush,ACI,0.8958333333333334,8.69353354759149,192,96,96,False,0.002,False
17,True,midday,ACI,0.812,7.590441757094758,250,202,202,False,0.002,False
17,True,pm_rush,ACI,0.8245614035087719,9.062245629505865,171,144,144,False,0.002,False
17,True,evening,ACI,0.8974358974358975,9.378242888798448,117,141,141,False,0.002,False
17,True,night,ToD-ACI,0.8736842105263158,5.0466338717163275,285,177,177,False,0.002,False
17,True,am_rush,ToD-ACI,0.9322916666666666,9.984427004106044,192,96,96,False,0.002,False
17,True,midday,ToD-ACI,0.872,9.284744521645022,250,202,202,False,0.002,False
17,True,pm_rush,ToD-ACI,0.8596491228070176,10.524754219654074,171,144,144,False,0.002,False
17,True,evening,ToD-ACI,0.9316239316239316,11.92789679148012,117,141,141,False,0.002,False
18,True,night,split-CP,1.0,11.27821031746031,285,177,177,False,0.005,False
18,True,am_rush,split-CP,0.8958333333333334,11.278210317460307,192,96,96,False,0.005,False
18,True,midday,split-CP,0.92,11.278210317460307,250,202,202,False,0.005,False
18,True,pm_rush,split-CP,0.9415204678362573,11.278210317460305,171,144,144,False,0.005,False
18,True,evening,split-CP,0.9914529914529915,11.278210317460307,117,141,141,False,0.005,False
18,True,night,Mondrian-split-CP,0.9543859649122807,2.461809523809535,285,177,177,False,0.005,False
18,True,am_rush,Mondrian-split-CP,0.984375,22.012973544973544,192,96,96,False,0.005,False
18,True,midday,Mondrian-split-CP,0.952,13.450126984126982,250,202,202,False,0.005,False
18,True,pm_rush,Mondrian-split-CP,0.935672514619883,10.200321428571442,171,144,144,False,0.005,False
18,True,evening,Mondrian-split-CP,0.9572649572649573,4.558063492063497,117,141,141,False,0.005,False
18,True,night,ACI,0.9964912280701754,7.782110851624007,285,177,177,False,0.005,False
18,True,am_rush,ACI,0.7447916666666666,7.131710857333253,192,96,96,False,0.005,False
18,True,midday,ACI,0.852,9.03333883261183,250,202,202,False,0.005,False
18,True,pm_rush,ACI,0.8947368421052632,8.92104891085739,171,144,144,False,0.005,False
18,True,evening,ACI,0.9743589743589743,8.146472527472529,117,141,141,False,0.005,False
18,True,night,ToD-ACI,0.9403508771929825,2.134051202079273,285,177,177,False,0.005,False
18,True,am_rush,ToD-ACI,0.890625,14.428085544808198,192,96,96,False,0.005,False
18,True,midday,ToD-ACI,0.9,11.225371888888889,250,202,202,False,0.005,False
18,True,pm_rush,ToD-ACI,0.8771929824561403,9.29946326464309,171,144,144,False,0.005,False
18,True,evening,ToD-ACI,0.8974358974358975,3.887975724892386,117,141,141,False,0.005,False
19,True,night,split-CP,0.9894736842105263,12.942392857142863,285,177,177,False,0.05,False
19,True,am_rush,split-CP,0.890625,12.255415061452823,192,96,96,False,0.05,False
19,True,midday,split-CP,0.868,10.789075716931217,250,202,202,False,0.05,False
19,True,pm_rush,split-CP,0.9064327485380117,12.898465416487348,171,144,144,False,0.05,False
19,True,evening,split-CP,0.9743589743589743,12.942392857142854,117,141,141,False,0.05,False
19,True,night,Mondrian-split-CP,0.9754385964912281,6.35855555555554,285,177,177,False,0.05,False
19,True,am_rush,Mondrian-split-CP,0.9895833333333334,20.712167510609564,192,96,96,False,0.05,False
19,True,midday,Mondrian-split-CP,0.868,10.792050137566138,250,202,202,False,0.05,False
19,True,pm_rush,Mondrian-split-CP,0.9415204678362573,15.713928449068797,171,144,144,False,0.05,False
19,True,evening,Mondrian-split-CP,0.8803418803418803,9.208634920634923,117,141,141,False,0.05,False
19,True,night,ACI,0.968421052631579,7.850801555656818,285,177,177,False,0.05,False
19,True,am_rush,ACI,0.75,10.647797148067982,192,96,96,False,0.05,False
19,True,midday,ACI,0.884,12.48753177128427,250,202,202,False,0.05,False
19,True,pm_rush,ACI,0.8830409356725146,13.848187110945153,171,144,144,False,0.05,False
19,True,evening,ACI,0.9401709401709402,11.687957732596626,117,141,141,False,0.05,False
19,True,night,ToD-ACI,0.887719298245614,4.67902228846527,285,177,177,False,0.05,False
19,True,am_rush,ToD-ACI,0.8854166666666666,12.330318100398829,192,96,96,False,0.05,False
19,True,midday,ToD-ACI,0.892,12.438127683982684,250,202,202,False,0.05,False
19,True,pm_rush,ToD-ACI,0.8713450292397661,13.130123066153038,171,144,144,False,0.05,False
19,True,evening,ToD-ACI,0.8888888888888888,9.634000286750284,117,141,141,False,0.05,False
20,True,night,split-CP,0.9964912280701754,11.140940476190474,285,177,177,False,0.01,False
20,True,am_rush,split-CP,0.9114583333333334,11.049125799162255,192,96,96,False,0.01,False
20,True,midday,split-CP,0.884,10.485108921596918,250,202,202,False,0.01,False
20,True,pm_rush,split-CP,0.9415204678362573,11.140940476190474,171,144,144,False,0.01,False
20,True,evening,split-CP,1.0,11.140940476190474,117,141,141,False,0.01,False
20,True,night,Mondrian-split-CP,0.9298245614035088,2.2765873015872984,285,177,177,False,0.01,False
20,True,am_rush,Mondrian-split-CP,0.9791666666666666,15.442360633627558,192,96,96,False,0.01,False
20,True,midday,Mondrian-split-CP,0.964,13.224452127946124,250,202,202,False,0.01,False
20,True,pm_rush,Mondrian-split-CP,0.9532163742690059,12.196285714285711,171,144,144,False,0.01,False
20,True,evening,Mondrian-split-CP,0.9743589743589743,5.163707671957668,117,141,141,False,0.01,False
20,True,night,ACI,0.9789473684210527,6.32900174425964,285,177,177,False,0.01,False
20,True,am_rush,ACI,0.78125,5.66753706688277,192,96,96,False,0.01,False
20,True,midday,ACI,0.82,8.961241671550672,250,202,202,False,0.01,False
20,True,pm_rush,ACI,0.935672514619883,9.092519554194991,171,144,144,False,0.01,False
20,True,evening,ACI,0.9487179487179487,5.998308129904285,117,141,141,False,0.01,False
20,True,night,ToD-ACI,0.9087719298245615,1.9084268676742349,285,177,177,False,0.01,False
20,True,am_rush,ToD-ACI,0.8854166666666666,10.158444861947467,192,96,96,False,0.01,False
20,True,midday,ToD-ACI,0.888,11.011039738816738,250,202,202,False,0.01,False
20,True,pm_rush,ToD-ACI,0.8713450292397661,8.59743737078386,171,144,144,False,0.01,False
20,True,evening,ToD-ACI,0.9658119658119658,4.475528241306021,117,141,141,False,0.01,False
21,True,night,split-CP,1.0,9.584777777777772,285,177,177,False,0.01,False
21,True,am_rush,split-CP,0.921875,9.584777777777774,192,96,96,False,0.01,False
21,True,midday,split-CP,0.852,9.584777777777774,250,202,202,False,0.01,False
21,True,pm_rush,split-CP,0.8362573099415205,9.114436206256377,171,144,144,False,0.01,False
21,True,evening,split-CP,0.9572649572649573,9.584777777777775,117,141,141,False,0.01,False
21,True,night,Mondrian-split-CP,0.9263157894736842,3.9464920634920593,285,177,177,False,0.01,False
21,True,am_rush,Mondrian-split-CP,0.8385416666666666,6.552144300144306,192,96,96,False,0.01,False
21,True,midday,Mondrian-split-CP,0.916,11.492863756613758,250,202,202,False,0.01,False
21,True,pm_rush,Mondrian-split-CP,0.9005847953216374,12.012532859927594,171,144,144,False,0.01,False
21,True,evening,Mondrian-split-CP,0.8974358974358975,6.4107804232804115,117,141,141,False,0.01,False
21,True,night,ACI,0.9859649122807017,8.470825311173556,285,177,177,False,0.01,False
21,True,am_rush,ACI,0.8333333333333334,7.137612285428691,192,96,96,False,0.01,False
21,True,midday,ACI,0.832,9.470832294853295,250,202,202,False,0.01,False
21,True,pm_rush,ACI,0.8596491228070176,11.070398316217029,171,144,144,False,0.01,False
21,True,evening,ACI,0.9829059829059829,10.250738075710299,117,141,141,False,0.01,False
21,True,night,ToD-ACI,0.8947368421052632,3.3002154877935577,285,177,177,False,0.01,False
21,True,am_rush,ToD-ACI,0.90625,8.897382836925807,192,96,96,False,0.01,False
21,True,midday,ToD-ACI,0.896,11.087306436267436,250,202,202,False,0.01,False
21,True,pm_rush,ToD-ACI,0.9239766081871345,23.72091829742707,171,144,144,False,0.01,False
21,True,evening,ToD-ACI,0.905982905982906,7.427327285882842,117,141,141,False,0.01,False
22,True,night,split-CP,1.0,15.81519841269841,285,177,177,False,0.01,False
22,True,am_rush,split-CP,0.9010416666666666,15.241242179984363,192,96,96,False,0.01,False
22,True,midday,split-CP,0.852,15.642672373015868,250,202,202,False,0.01,False
22,True,pm_rush,split-CP,0.9298245614035088,15.81519841269841,171,144,144,False,0.01,False
22,True,evening,split-CP,0.9572649572649573,15.81519841269841,117,141,141,False,0.01,False
22,True,night,Mondrian-split-CP,1.0,7.64192460317463,285,177,177,False,0.01,False
22,True,am_rush,Mondrian-split-CP,0.9375,18.554459121535295,192,96,96,False,0.01,False
22,True,midday,Mondrian-split-CP,0.936,24.966962759259246,250,202,202,False,0.01,False
22,True,pm_rush,Mondrian-split-CP,0.9298245614035088,14.733133597883581,171,144,144,False,0.01,False
22,True,evening,Mondrian-split-CP,0.905982905982906,6.112341269841295,117,141,141,False,0.01,False
22,True,night,ACI,0.9859649122807017,10.082990436950965,285,177,177,False,0.01,False
22,True,am_rush,ACI,0.7604166666666666,9.09194610205092,192,96,96,False,0.01,False
22,True,midday,ACI,0.872,17.752305128760128,250,202,202,False,0.01,False
22,True,pm_rush,ACI,0.9064327485380117,14.178840678219332,171,144,144,False,0.01,False
22,True,evening,ACI,0.9487179487179487,10.239454427259986,117,141,141,False,0.01,False
22,True,night,ToD-ACI,0.8982456140350877,3.6083416760951823,285,177,177,False,0.01,False
22,True,am_rush,ToD-ACI,0.8958333333333334,15.8938953042039,192,96,96,False,0.01,False
22,True,midday,ToD-ACI,0.92,20.13117003968254,250,202,202,False,0.01,False
22,True,pm_rush,ToD-ACI,0.8830409356725146,11.770173722746822,171,144,144,False,0.01,False
22,True,evening,ToD-ACI,0.8888888888888888,4.62117948717949,117,141,141,False,0.01,False
23,True,night,split-CP,1.0,8.766785714285705,285,177,177,False,0.02,False
23,True,am_rush,split-CP,0.859375,8.766785714285703,192,96,96,False,0.02,False
23,True,midday,split-CP,0.86,8.766785714285703,250,202,202,False,0.02,False
23,True,pm_rush,split-CP,0.9415204678362573,8.766785714285703,171,144,144,False,0.02,False
23,True,evening,split-CP,0.9572649572649573,8.766785714285708,117,141,141,False,0.02,False
23,True,night,Mondrian-split-CP,0.8807017543859649,2.5298845598845787,285,177,177,False,0.02,False
23,True,am_rush,Mondrian-split-CP,0.8958333333333334,10.330095238095225,192,96,96,False,0.02,False
23,True,midday,Mondrian-split-CP,0.972,13.52207936507935,250,202,202,False,0.02,False
23,True,pm_rush,Mondrian-split-CP,0.9064327485380117,7.433952380952349,171,144,144,False,0.02,False
23,True,evening,Mondrian-split-CP,0.9401709401709402,2.856793650793634,117,141,141,False,0.02,False
23,True,night,ACI,0.9578947368421052,4.7745967626915,285,177,177,False,0.02,False
23,True,am_rush,ACI,0.7552083333333334,5.763507793132796,192,96,96,False,0.02,False
23,True,midday,ACI,0.92,10.490829308654307,250,202,202,False,0.02,False
23,True,pm_rush,ACI,0.8830409356725146,8.906900986819114,171,144,144,False,0.02,False
23,True,evening,ACI,0.9487179487179487,5.723336785642343,117,141,141,False,0.02,False
23,True,night,ToD-ACI,0.8947368421052632,2.6894539961013617,285,177,177,False,0.02,False
23,True,am_rush,ToD-ACI,0.890625,10.827812906470461,192,96,96,False,0.02,False
23,True,midday,ToD-ACI,0.888,9.371680933510937,250,202,202,False,0.02,False
23,True,pm_rush,ToD-ACI,0.8888888888888888,7.543768600091699,171,144,144,False,0.02,False
23,True,evening,ToD-ACI,0.8803418803418803,2.334274046940711,117,141,141,False,0.02,False
24,True,night,split-CP,0.9263157894736842,7.002718253968255,285,177,177,False,0.02,False
24,True,am_rush,split-CP,0.75,7.002718253968254,192,96,96,False,0.02,False
24,True,midday,split-CP,0.924,7.002718253968254,250,202,202,False,0.02,False
24,True,pm_rush,split-CP,0.935672514619883,7.002718253968255,171,144,144,False,0.02,False
24,True,evening,split-CP,1.0,7.002718253968255,117,141,141,False,0.02,False
24,True,night,Mondrian-split-CP,0.8491228070175438,3.379753968253965,285,177,177,False,0.02,False
24,True,am_rush,Mondrian-split-CP,0.9375,11.800738095238103,192,96,96,False,0.02,False
24,True,midday,Mondrian-split-CP,0.924,7.285166666666669,250,202,202,False,0.02,False
24,True,pm_rush,Mondrian-split-CP,0.9883040935672515,8.794186507936514,171,144,144,False,0.02,False
24,True,evening,Mondrian-split-CP,0.7435897435897436,2.551277777777784,117,141,141,False,0.02,False
24,True,night,ACI,0.8736842105263158,4.399187737863175,285,177,177,False,0.02,False
24,True,am_rush,ACI,0.8541666666666666,9.192844122023809,192,96,96,False,0.02,False
24,True,midday,ACI,0.928,8.138317542568542,250,202,202,False,0.02,False
24,True,pm_rush,ACI,0.9064327485380117,6.10857224852254,171,144,144,False,0.02,False
24,True,evening,ACI,0.9316239316239316,4.510494833355945,117,141,141,False,0.02,False
24,True,night,ToD-ACI,0.887719298245614,5.400048111018288,285,177,177,False,0.02,False
24,True,am_rush,ToD-ACI,0.8854166666666666,11.173690524415782,192,96,96,False,0.02,False
24,True,midday,ToD-ACI,0.888,7.553615767195767,250,202,202,False,0.02,False
24,True,pm_rush,ToD-ACI,0.8888888888888888,5.797460510845015,171,144,144,False,0.02,False
24,True,evening,ToD-ACI,0.905982905982906,4.46779048523493,117,141,141,False,0.02,False
