facility_id,dynamic,horizon,level,method,PICP,MPIW,Winkler
1,False,y_t+5min,0.9,split-CP,1.0,0.0,0.0
1,False,y_t+5min,0.9,ACI,1.0,0.0,0.0
1,False,y_t+5min,0.95,split-CP,1.0,0.0,0.0
1,False,y_t+5min,0.95,ACI,1.0,0.0,0.0
1,False,y_t+15min,0.9,split-CP,1.0,0.0,0.0
1,False,y_t+15min,0.9,ACI,1.0,0.0,0.0
1,False,y_t+15min,0.95,split-CP,1.0,0.0,0.0
1,False,y_t+15min,0.95,ACI,1.0,0.0,0.0
1,False,y_t+30min,0.9,split-CP,1.0,0.0,0.0
1,False,y_t+30min,0.9,ACI,1.0,0.0,0.0
1,False,y_t+30min,0.95,split-CP,1.0,0.0,0.0
1,False,y_t+30min,0.95,ACI,1.0,0.0,0.0
2,True,y_t+5min,0.9,split-CP,0.9587426326129664,23.99621825396832,26.50000729982022
2,True,y_t+5min,0.9,ACI,0.899803536345776,14.669321376596912,19.69850191455202
2,True,y_t+5min,0.95,split-CP,0.9931237721021612,34.07542063492065,34.91288053658487
2,True,y_t+5min,0.95,ACI,0.949901768172888,19.317149203821355,24.65283173310904
2,True,y_t+15min,0.9,split-CP,0.9577603143418468,38.656067460317495,42.390307797310776
2,True,y_t+15min,0.9,ACI,0.899803536345776,23.5224963698166,30.98251688793633
2,True,y_t+15min,0.95,split-CP,0.9941060903732808,55.12562301587332,55.60851472178071
2,True,y_t+15min,0.95,ACI,0.949901768172888,30.167458844337283,38.9316171785447
2,True,y_t+30min,0.9,split-CP,0.949901768172888,57.468730158730175,64.67808590905757
2,True,y_t+30min,0.9,ACI,0.900785854616896,33.36217817092125,45.46258706678606
2,True,y_t+30min,0.95,split-CP,0.9852652259332024,75.15158465608475,78.70188878493994
2,True,y_t+30min,0.95,ACI,0.950884086444008,43.30352665369664,54.98125568724413
3,True,y_t+5min,0.9,split-CP,0.8330058939096268,14.04013888888889,24.03201659687906
3,True,y_t+5min,0.9,ACI,0.900785854616896,15.230179528232076,20.028039850984364
3,True,y_t+5min,0.95,split-CP,0.93713163064833,19.68431096681098,26.93703376264281
3,True,y_t+5min,0.95,ACI,0.950884086444008,20.303754132564297,24.69760001254477
3,True,y_t+15min,0.9,split-CP,0.8673870333988212,22.437724867724903,39.30331455045356
3,True,y_t+15min,0.9,ACI,0.8988212180746562,23.837027416791187,31.002980447424967
3,True,y_t+15min,0.95,split-CP,0.9322200392927308,30.031158730158744,49.23565586258315
3,True,y_t+15min,0.95,ACI,0.949901768172888,31.13122986153046,38.30579607044344
3,True,y_t+30min,0.9,split-CP,0.8585461689587426,31.931674603174542,58.157265647525534
3,True,y_t+30min,0.9,ACI,0.899803536345776,32.0125042158263,42.80190331876118
3,True,y_t+30min,0.95,split-CP,0.9292730844793712,41.77179365079364,74.38674623704534
3,True,y_t+30min,0.95,ACI,0.949901768172888,40.14681598930319,52.14192107577192
4,True,y_t+5min,0.9,split-CP,0.906679764243615,20.694480158729903,28.725200210071524
4,True,y_t+5min,0.9,ACI,0.8988212180746562,19.88763797106626,27.6575290761956
4,True,y_t+5min,0.95,split-CP,0.9548133595284872,25.485484126984204,34.98178504901196
4,True,y_t+5min,0.95,ACI,0.948919449901768,28.98184446190316,36.576153697017865
4,True,y_t+15min,0.9,split-CP,0.9273084479371316,37.64436507936489,47.80454417644489
4,True,y_t+15min,0.9,ACI,0.8988212180746562,32.303575245272455,43.79942548804067
4,True,y_t+15min,0.95,split-CP,0.948919449901768,43.63554100529103,56.67697664052818
4,True,y_t+15min,0.95,ACI,0.949901768172888,41.64341633391166,51.52706487375863
4,True,y_t+30min,0.9,split-CP,0.948919449901768,53.38786904761912,62.77783351004671
4,True,y_t+30min,0.9,ACI,0.8978388998035364,38.86068229977779,52.13304466459686
4,True,y_t+30min,0.95,split-CP,0.9833005893909628,76.49975396825393,81.29703746842546
4,True,y_t+30min,0.95,ACI,0.948919449901768,51.7150809016516,64.09598021662754
5,True,y_t+5min,0.9,split-CP,0.9047151277013752,16.085493386243343,25.92741122800652
5,True,y_t+5min,0.9,ACI,0.899803536345776,16.03198097768309,22.308049917384142
5,True,y_t+5min,0.95,split-CP,0.9390962671905696,21.10440476190477,33.18806133890123
5,True,y_t+5min,0.95,ACI,0.949901768172888,20.76468207687313,28.71187871582321
5,True,y_t+15min,0.9,split-CP,0.8899803536345776,25.67394841269834,41.62809204011808
5,True,y_t+15min,0.9,ACI,0.9017681728880156,26.7782780054116,34.30842818612659
5,True,y_t+15min,0.95,split-CP,0.9420432220039292,33.99253174603177,52.515554476957206
5,True,y_t+15min,0.95,ACI,0.950884086444008,32.55628159226169,42.11857314066815
5,True,y_t+30min,0.9,split-CP,0.8182711198428291,32.150507936508006,85.06103561270736
5,True,y_t+30min,0.9,ACI,0.9037328094302554,43.34898569963516,60.16091022817617
5,True,y_t+30min,0.95,split-CP,0.8732809430255403,42.71134126984125,115.74243802718908
5,True,y_t+30min,0.95,ACI,0.9528487229862476,59.23194674439224,75.52168553475278
6,True,y_t+5min,0.9,split-CP,0.862475442043222,6.682714285714312,14.95274286224581
6,True,y_t+5min,0.9,ACI,0.8988212180746562,8.537358411271482,11.489870595750766
6,True,y_t+5min,0.95,split-CP,0.9292730844793712,8.89736507936506,20.738426370544254
6,True,y_t+5min,0.95,ACI,0.949901768172888,12.014604641111276,15.432748888808574
6,True,y_t+15min,0.9,split-CP,0.8388998035363457,9.913867724867714,21.7682763340676
6,True,y_t+15min,0.9,ACI,0.899803536345776,13.909559931691314,17.076190891868446
6,True,y_t+15min,0.95,split-CP,0.9017681728880156,12.034079365079322,30.319754124177525
6,True,y_t+15min,0.95,ACI,0.949901768172888,18.55186314898446,21.76251700724145
6,True,y_t+30min,0.9,split-CP,0.8428290766208252,12.089478835978838,27.310608969435364
6,True,y_t+30min,0.9,ACI,0.899803536345776,16.46145166898082,20.265845862658523
6,True,y_t+30min,0.95,split-CP,0.899803536345776,15.16285714285714,37.843622406809935
6,True,y_t+30min,0.95,ACI,0.949901768172888,22.28288407879946,25.369123617209443
7,True,y_t+5min,0.9,split-CP,0.8644400785854617,37.144202380952606,65.07985299552729
7,True,y_t+5min,0.9,ACI,0.900785854616896,46.02050513732608,60.93767877282974
7,True,y_t+5min,0.95,split-CP,0.9282907662082516,50.01882142857141,79.68450273645801
7,True,y_t+5min,0.95,ACI,0.950884086444008,65.54975849724201,79.78424800595059
7,True,y_t+15min,0.9,split-CP,0.8359528487229863,59.93715079365063,118.65202238116989
7,True,y_t+15min,0.9,ACI,0.900785854616896,71.47184115691482,91.61627885884762
7,True,y_t+15min,0.95,split-CP,0.8870333988212181,77.84506349206367,145.76722007283965
7,True,y_t+15min,0.95,ACI,0.950884086444008,91.15084657620264,106.6945694585012
7,True,y_t+30min,0.9,split-CP,0.7583497053045186,68.39816402116378,166.21635328172584
7,True,y_t+30min,0.9,ACI,0.9017681728880156,93.95167629872078,115.3587997031402
7,True,y_t+30min,0.95,split-CP,0.8261296660117878,85.7454682539682,209.26284359467715
7,True,y_t+30min,0.95,ACI,0.9518664047151276,115.33380689455883,134.95476882937143
8,True,y_t+5min,0.9,split-CP,0.3212180746561886,21.64274999999997,403.4212690772447
8,True,y_t+5min,0.9,ACI,0.900785854616896,64.23321434135065,82.40046763133724
8,True,y_t+5min,0.95,split-CP,0.325147347740668,24.23598412698413,752.6247666760212
8,True,y_t+5min,0.95,ACI,0.950884086444008,68.239851476336,88.3919535594744
8,True,y_t+15min,0.9,split-CP,0.2475442043222004,31.067476190476206,478.3936157576325
8,True,y_t+15min,0.9,ACI,0.9027504911591356,77.71475140850927,91.65648052255176
8,True,y_t+15min,0.95,split-CP,0.9921414538310412,117.32500000000005,124.74561745719902
8,True,y_t+15min,0.95,ACI,0.9528487229862476,80.63061005992661,99.82394791504248
8,True,y_t+30min,0.9,split-CP,0.3005893909626719,62.93138888888891,356.3835716104822
8,True,y_t+30min,0.9,ACI,0.9017681728880156,87.51766735532895,104.0988281670669
8,True,y_t+30min,0.95,split-CP,0.9931237721021612,129.4,138.34727897838903
8,True,y_t+30min,0.95,ACI,0.9518664047151276,94.0888248316026,112.96794573471168
9,True,y_t+5min,0.9,split-CP,0.737721021611002,5.020373015872792,27.72391670304956
9,True,y_t+5min,0.9,ACI,0.8948919449901768,9.84515039321081,12.071933028006876
9,True,y_t+5min,0.95,split-CP,0.793713163064833,7.09555555555562,42.7488631874929
9,True,y_t+5min,0.95,ACI,0.944007858546169,12.26820028567083,14.961939124144434
9,True,y_t+15min,0.9,split-CP,0.7593320235756386,8.97184126984075,44.82581943912991
9,True,y_t+15min,0.9,ACI,0.8939096267190569,15.86097630942711,19.22700724158545
9,True,y_t+15min,0.95,split-CP,0.8241650294695482,12.819376984127755,68.82463901126367
9,True,y_t+15min,0.95,ACI,0.9420432220039292,19.55049303033633,23.384245143572794
9,True,y_t+30min,0.9,split-CP,0.7966601178781926,15.639960317459554,51.85504338869771
9,True,y_t+30min,0.9,ACI,0.8948919449901768,18.29918048818223,21.902294277209347
9,True,y_t+30min,0.95,split-CP,0.8673870333988212,24.32889682539781,67.32895400208268
9,True,y_t+30min,0.95,ACI,0.9430255402750491,23.95917453006478,27.88042460917641
10,False,y_t+5min,0.9,split-CP,1.0,50.419007936507946,50.419007936507946
10,False,y_t+5min,0.9,ACI,0.8948919449901768,4.165957766338663,5.027662405111081
10,False,y_t+5min,0.95,split-CP,1.0,57.458309523809525,57.458309523809525
10,False,y_t+5min,0.95,ACI,0.9420432220039292,6.592554414596901,7.567409587620051
10,False,y_t+15min,0.9,split-CP,1.0,53.71299999999999,53.71299999999999
10,False,y_t+15min,0.9,ACI,0.8988212180746562,5.167180226698646,6.455847444295137
10,False,y_t+15min,0.95,split-CP,1.0,60.00122222222221,60.00122222222221
10,False,y_t+15min,0.95,ACI,0.9479371316306484,7.852218410009915,9.18542973317703
10,False,y_t+30min,0.9,split-CP,1.0,55.98794444444445,55.98794444444445
10,False,y_t+30min,0.9,ACI,0.8939096267190569,5.918243873987453,7.5200697069702676
10,False,y_t+30min,0.95,split-CP,1.0,63.19931746031743,63.19931746031743
10,False,y_t+30min,0.95,ACI,0.944007858546169,8.650352604963135,10.262486877961424
11,True,y_t+5min,0.9,split-CP,0.9361493123772102,7.409298941798937,10.375720476587372
11,True,y_t+5min,0.9,ACI,0.8988212180746562,6.728695305567604,9.107573047104976
11,True,y_t+5min,0.95,split-CP,0.962671905697446,9.419126984126985,13.436622837978431
11,True,y_t+5min,0.95,ACI,0.948919449901768,9.694222863707637,12.18620937915682
11,True,y_t+15min,0.9,split-CP,0.9056974459724952,9.438777777777828,16.716666850703692
11,True,y_t+15min,0.9,ACI,0.899803536345776,9.464791560009887,13.295477251474065
11,True,y_t+15min,0.95,split-CP,0.9449901768172888,13.384313492063493,22.34650409252029
11,True,y_t+15min,0.95,ACI,0.949901768172888,13.776780080248658,18.02487719887621
11,True,y_t+30min,0.9,split-CP,0.869351669941061,12.51538888888889,27.83965645824529
11,True,y_t+30min,0.9,ACI,0.8988212180746562,14.849683691773151,19.996819598273195
11,True,y_t+30min,0.95,split-CP,0.9174852652259332,17.34986904761903,38.10993158256945
11,True,y_t+30min,0.95,ACI,0.949901768172888,19.579428703996545,25.59249364266222
12,True,y_t+5min,0.9,split-CP,0.8467583497053045,11.26872222222227,30.54560123075641
12,True,y_t+5min,0.9,ACI,0.8939096267190569,13.462588339560082,17.361020273267087
12,True,y_t+5min,0.95,split-CP,0.9017681728880156,15.25919444444446,43.80042639629514
12,True,y_t+5min,0.95,ACI,0.944007858546169,17.10922574255038,22.04671437430713
12,True,y_t+15min,0.9,split-CP,0.8477406679764243,18.920507936508216,47.54527465363699
12,True,y_t+15min,0.9,ACI,0.8919449901768173,19.99437596542656,25.403273868349498
12,True,y_t+15min,0.95,split-CP,0.8988212180746562,26.11158730158718,65.54542445929984
12,True,y_t+15min,0.95,ACI,0.9410609037328096,25.03353961863466,32.60653495699343
12,True,y_t+30min,0.9,split-CP,0.8467583497053045,24.607511904761903,70.88956252116733
12,True,y_t+30min,0.9,ACI,0.8939096267190569,29.232409980018915,34.82681106045152
12,True,y_t+30min,0.95,split-CP,0.8929273084479371,32.59256349206356,104.29191952991783
12,True,y_t+30min,0.95,ACI,0.9430255402750491,41.22761567341617,48.09200883386541
13,True,y_t+5min,0.9,split-CP,0.9027504911591356,21.5826626984125,37.18029412895919
13,True,y_t+5min,0.9,ACI,0.899803536345776,19.338914338208497,24.519342636534716
13,True,y_t+5min,0.95,split-CP,0.93811394891945,27.966765873016254,49.44044086080173
13,True,y_t+5min,0.95,ACI,0.949901768172888,31.15424113999944,36.89983316276236
13,True,y_t+15min,0.9,split-CP,0.8850687622789783,32.98394444444432,57.76957479522957
13,True,y_t+15min,0.9,ACI,0.900785854616896,27.55782182467719,33.16288637702072
13,True,y_t+15min,0.95,split-CP,0.93811394891945,44.74582395382413,74.78497356103833
13,True,y_t+15min,0.95,ACI,0.950884086444008,40.06337867152677,45.59746745438766
13,True,y_t+30min,0.9,split-CP,0.8831041257367387,41.56412962962963,76.04458689001417
13,True,y_t+30min,0.9,ACI,0.900785854616896,34.92708941730508,43.60672397842345
13,True,y_t+30min,0.95,split-CP,0.931237721021611,55.1999047619048,99.47137153459936
13,True,y_t+30min,0.95,ACI,0.950884086444008,53.10024274745639,61.66288404601151
14,True,y_t+5min,0.9,split-CP,0.8948919449901768,19.428734126984235,28.184832625280546
14,True,y_t+5min,0.9,ACI,0.899803536345776,17.71314047448404,24.629513972375225
14,True,y_t+5min,0.95,split-CP,0.9636542239685658,28.759023809523796,34.50983566538965
14,True,y_t+5min,0.95,ACI,0.949901768172888,24.21590978312417,30.23506582790893
14,True,y_t+15min,0.9,split-CP,0.9145383104125736,36.35440331890322,48.4048085452712
14,True,y_t+15min,0.9,ACI,0.900785854616896,31.16617946172832,39.7311617301512
14,True,y_t+15min,0.95,split-CP,0.974459724950884,55.161066137565975,59.94215783383456
14,True,y_t+15min,0.95,ACI,0.949901768172888,38.38366969748943,46.14645244355803
14,True,y_t+30min,0.9,split-CP,0.944007858546169,63.03398148148147,71.83261668868495
14,True,y_t+30min,0.9,ACI,0.899803536345776,44.93312665747717,53.82553551835738
14,True,y_t+30min,0.95,split-CP,0.9793713163064832,77.76158333333323,84.76127896586779
14,True,y_t+30min,0.95,ACI,0.949901768172888,55.571562548484,66.29396276886139
15,True,y_t+5min,0.9,split-CP,0.888015717092338,10.019519841269885,14.828091348984277
15,True,y_t+5min,0.9,ACI,0.8988212180746562,9.436600725422435,12.206716299017875
15,True,y_t+5min,0.95,split-CP,0.9420432220039292,13.1416948051948,17.71892300448587
15,True,y_t+5min,0.95,ACI,0.948919449901768,12.628412076372294,14.882656437846522
15,True,y_t+15min,0.9,split-CP,0.8889980353634578,15.8561428571429,24.731822532557302
15,True,y_t+15min,0.9,ACI,0.899803536345776,14.303793125260457,17.610736120324766
15,True,y_t+15min,0.95,split-CP,0.9322200392927308,20.480305555555542,30.045664968753854
15,True,y_t+15min,0.95,ACI,0.950884086444008,18.213251912898272,21.67865922533407
15,True,y_t+30min,0.9,split-CP,0.8762278978388998,24.17548412698411,39.91158997267741
15,True,y_t+30min,0.9,ACI,0.899803536345776,21.481190038923096,25.29959464247636
15,True,y_t+30min,0.95,split-CP,0.9096267190569745,29.733814407814407,49.53595312898553
15,True,y_t+30min,0.95,ACI,0.949901768172888,28.884544441942047,32.662293823192435
16,True,y_t+5min,0.9,split-CP,0.8722986247544204,5.733960317460316,9.110387655675474
16,True,y_t+5min,0.9,ACI,0.899803536345776,5.972848056767506,8.003485910418618
16,True,y_t+5min,0.95,split-CP,0.9361493123772102,7.443361111111102,11.095671073396517
16,True,y_t+5min,0.95,ACI,0.950884086444008,7.5741435175735266,9.42144663812321
16,True,y_t+15min,0.9,split-CP,0.8546168958742633,8.419650793650794,15.44127496642919
16,True,y_t+15min,0.9,ACI,0.9017681728880156,8.700927716502374,11.25255826915208
16,True,y_t+15min,0.95,split-CP,0.9194499017681728,11.18526984126984,19.19687677268522
16,True,y_t+15min,0.95,ACI,0.950884086444008,10.724755051677205,12.82833705706176
16,True,y_t+30min,0.9,split-CP,0.8379174852652259,11.80506084656085,23.344412923048
16,True,y_t+30min,0.9,ACI,0.899803536345776,12.653812892069991,15.185881584531952
16,True,y_t+30min,0.95,split-CP,0.9223968565815324,16.464980158730164,29.124360055556014
16,True,y_t+30min,0.95,ACI,0.950884086444008,16.754130152069727,18.482731423503395
17,True,y_t+5min,0.9,split-CP,0.9037328094302554,8.128507936507944,11.469178850037402
17,True,y_t+5min,0.9,ACI,0.8978388998035364,7.921860041508371,10.246622913704948
17,True,y_t+5min,0.95,split-CP,0.9528487229862476,10.709257936507948,13.90043135760768
17,True,y_t+5min,0.95,ACI,0.948919449901768,10.276697228815353,12.513863887558632
17,True,y_t+15min,0.9,split-CP,0.9145383104125736,12.452769841269845,16.30108050072245
17,True,y_t+15min,0.9,ACI,0.8988212180746562,10.922421453637318,14.447343566287822
17,True,y_t+15min,0.95,split-CP,0.9616895874263262,16.430195767195784,19.47712984036265
17,True,y_t+15min,0.95,ACI,0.949901768172888,14.189135061911095,16.737814491155355
17,True,y_t+30min,0.9,split-CP,0.9400785854616897,18.8183095238095,23.6726084396212
17,True,y_t+30min,0.9,ACI,0.8978388998035364,15.130696631703785,19.254213491314825
17,True,y_t+30min,0.95,split-CP,0.9587426326129664,22.308333333333337,28.42091797382563
17,True,y_t+30min,0.95,ACI,0.948919449901768,19.599112123813185,23.98425451468845
18,True,y_t+5min,0.9,split-CP,0.9508840864440079,10.64558333333332,12.746268047912935
18,True,y_t+5min,0.9,ACI,0.8988212180746562,6.207029296614749,9.184851165315791
18,True,y_t+5min,0.95,split-CP,0.9891944990176817,16.618718253968236,17.827569955094006
18,True,y_t+5min,0.95,ACI,0.949901768172888,8.546049492492507,11.98384444784639
18,True,y_t+15min,0.9,split-CP,0.9420432220039293,15.39485714285712,18.05794470171827
18,True,y_t+15min,0.9,ACI,0.9017681728880157,9.799470326451907,12.844352734119187
18,True,y_t+15min,0.95,split-CP,0.9862475442043221,22.628261904761903,23.6314016070519
18,True,y_t+15min,0.95,ACI,0.9508840864440079,12.38419417405886,16.139583021368132
18,True,y_t+30min,0.9,split-CP,0.9666011787819253,22.066151154401084,24.273377801544253
18,True,y_t+30min,0.9,ACI,0.9007858546168959,13.067607014003524,16.49175723324901
18,True,y_t+30min,0.95,split-CP,0.9901768172888016,30.461019841269827,31.435510460342968
18,True,y_t+30min,0.95,ACI,0.9508840864440079,16.41135890722227,20.040364582714865
19,True,y_t+5min,0.9,split-CP,0.9223968565815324,10.653650793650797,13.304447093963306
19,True,y_t+5min,0.9,ACI,0.8988212180746562,9.21857494571026,12.408361755713186
19,True,y_t+5min,0.95,split-CP,0.9715127701375246,14.026579365079357,16.12562479411005
19,True,y_t+5min,0.95,ACI,0.9489194499017681,12.329836867600129,15.431317496227125
19,True,y_t+15min,0.9,split-CP,0.9292730844793713,16.419646825396807,20.2172645653844
19,True,y_t+15min,0.9,ACI,0.8978388998035364,14.096150382815905,17.559512541922164
19,True,y_t+15min,0.95,split-CP,0.9705304518664047,20.887948412698417,24.17675433372928
19,True,y_t+15min,0.95,ACI,0.9489194499017681,18.560585474565087,21.78945354293708
19,True,y_t+30min,0.9,split-CP,0.9361493123772102,21.019178571428544,24.600595114635393
19,True,y_t+30min,0.9,ACI,0.8978388998035364,17.844431379434173,21.712353986592806
19,True,y_t+30min,0.95,split-CP,0.9774066797642437,26.170297619047663,29.19580706017696
19,True,y_t+30min,0.95,ACI,0.9489194499017681,21.88542609179989,25.7354660285259
20,True,y_t+5min,0.9,split-CP,0.9263261296660118,9.006646825396837,11.239492094440527
20,True,y_t+5min,0.9,ACI,0.8988212180746562,6.410380212452902,9.039248413123659
20,True,y_t+5min,0.95,split-CP,0.9646365422396856,11.503175925925923,13.339797795288458
20,True,y_t+5min,0.95,ACI,0.949901768172888,8.311551361330585,11.328736865922759
20,True,y_t+15min,0.9,split-CP,0.9577603143418467,15.006154761904751,16.38755207638901
20,True,y_t+15min,0.9,ACI,0.8978388998035364,8.850726390696183,11.640590700602242
20,True,y_t+15min,0.95,split-CP,0.9842829076620825,18.986658730158748,19.621050082639485
20,True,y_t+15min,0.95,ACI,0.9489194499017681,11.45744518035628,14.594397343015705
20,True,y_t+30min,0.9,split-CP,0.9587426326129665,20.25487301587301,23.07143230532286
20,True,y_t+30min,0.9,ACI,0.8968565815324165,11.303577244776738,15.209785667348402
20,True,y_t+30min,0.95,split-CP,0.9833005893909627,25.69724206349207,28.42478010883463
20,True,y_t+30min,0.95,ACI,0.9469548133595285,14.739774091089764,19.27355917872975
21,True,y_t+5min,0.9,split-CP,0.9263261296660118,7.610000000000042,11.048513702607522
21,True,y_t+5min,0.9,ACI,0.899803536345776,7.95222843353074,10.04308485181593
21,True,y_t+5min,0.95,split-CP,0.9587426326129665,9.36220634920636,14.21250684929565
21,True,y_t+5min,0.95,ACI,0.949901768172888,10.485469429773454,12.228593322361975
21,True,y_t+15min,0.9,split-CP,0.9174852652259332,11.849023809523816,18.092471933291193
21,True,y_t+15min,0.9,ACI,0.899803536345776,11.636405951648584,14.039006522328728
21,True,y_t+15min,0.95,split-CP,0.9567779960707269,15.281182539682515,23.695133965721386
21,True,y_t+15min,0.95,ACI,0.9508840864440079,15.093651751635546,17.775461551382477
21,True,y_t+30min,0.9,split-CP,0.9076620825147348,15.810152116402138,26.942426643882936
21,True,y_t+30min,0.9,ACI,0.9007858546168959,16.519662771748976,20.45682798519866
21,True,y_t+30min,0.95,split-CP,0.9548133595284872,22.05118253968255,35.91930155493562
21,True,y_t+30min,0.95,ACI,0.9508840864440079,23.020015064220967,27.211111939682795
22,True,y_t+5min,0.9,split-CP,0.8919449901768173,13.253484126984063,27.534226907724456
22,True,y_t+5min,0.9,ACI,0.9007858546168959,12.96084425743071,18.152932106640353
22,True,y_t+5min,0.95,split-CP,0.9273084479371316,18.128253968254057,38.31494085300562
22,True,y_t+5min,0.95,ACI,0.9508840864440079,18.06381256018413,23.591879394208707
22,True,y_t+15min,0.9,split-CP,0.9233791748526523,21.570051587301517,33.72763772206109
22,True,y_t+15min,0.9,ACI,0.9007858546168959,16.654974987393466,22.91828619975673
22,True,y_t+15min,0.95,split-CP,0.9508840864440079,29.125230158730176,44.224824101860435
22,True,y_t+15min,0.95,ACI,0.9518664047151277,22.871873093771192,27.52979824527688
22,True,y_t+30min,0.9,split-CP,0.9489194499017681,34.75326587301589,41.7140014210304
22,True,y_t+30min,0.9,ACI,0.9017681728880157,19.896318047266092,26.28526406422871
22,True,y_t+30min,0.95,split-CP,0.9823182711198428,43.04786916786911,51.89947550394009
22,True,y_t+30min,0.95,ACI,0.9508840864440079,26.36303903688243,33.76568812328453
23,True,y_t+5min,0.9,split-CP,0.9223968565815324,7.596960317460373,9.839591527115115
23,True,y_t+5min,0.9,ACI,0.899803536345776,5.634139193766645,7.223887159909499
23,True,y_t+5min,0.95,split-CP,0.9607072691552063,9.75983730158731,11.633202105487467
23,True,y_t+5min,0.95,ACI,0.949901768172888,7.5738839816681125,9.1697380339318
23,True,y_t+15min,0.9,split-CP,0.9194499017681729,9.984126984127045,13.348943540087955
23,True,y_t+15min,0.9,ACI,0.899803536345776,7.486269462210281,9.31696801382239
23,True,y_t+15min,0.95,split-CP,0.9616895874263262,13.776206349206378,16.01690823899961
23,True,y_t+15min,0.95,ACI,0.9508840864440079,8.707431173343506,10.72820884197482
23,True,y_t+30min,0.9,split-CP,0.8801571709233792,11.101938492063539,16.880449647037914
23,True,y_t+30min,0.9,ACI,0.9007858546168959,9.657588775099486,11.531125709114477
23,True,y_t+30min,0.95,split-CP,0.9410609037328095,14.332384920634809,20.01159833788609
23,True,y_t+30min,0.95,ACI,0.9508840864440079,11.577614904224834,14.009361830535298
24,True,y_t+5min,0.9,split-CP,0.949901768172888,13.67322222222224,17.998939418509174
24,True,y_t+5min,0.9,ACI,0.899803536345776,8.274939122708767,11.431570550656504
24,True,y_t+5min,0.95,split-CP,0.9882121807465619,25.553944444444426,28.541179218511225
24,True,y_t+5min,0.95,ACI,0.9508840864440079,11.79503594359144,15.688272524372232
24,True,y_t+15min,0.9,split-CP,0.9646365422396856,21.608777777777757,25.43628319612061
24,True,y_t+15min,0.9,ACI,0.9017681728880157,13.08247070811019,18.33126550068938
24,True,y_t+15min,0.95,split-CP,0.981335952848723,30.087400793650772,33.573034622820956
24,True,y_t+15min,0.95,ACI,0.9508840864440079,17.12836555528623,23.372361414807635
24,True,y_t+30min,0.9,split-CP,0.9449901768172888,23.046503968253955,29.5474301800397
24,True,y_t+30min,0.9,ACI,0.9017681728880157,16.113705172686572,23.254685520936327
24,True,y_t+30min,0.95,split-CP,0.9705304518664047,33.42375793650791,38.49861443488111
24,True,y_t+30min,0.95,ACI,0.9508840864440079,22.451005982877273,27.622437520763306
