facility_id,horizon,level,method,n_test,n_cal,PICP_corrected,MPIW_corrected,Winkler_corrected,PICP_legacy,MPIW_legacy,Winkler_legacy,d_PICP,d_MPIW,d_Winkler,rel_MPIW,rel_Winkler,arm_role,gate,gamma_held,gamma_legacy_would_select
2,y_t+15min,0.9,split-CP,1015,760,0.934975369458128,22.070281746031696,26.596532078348563,0.934975369458128,22.070281746031696,26.596532078348563,0.0,0.0,0.0,0.0,0.0,negative-control,N/A-mechanism-arm,,
2,y_t+15min,0.9,CQR,1015,760,0.9103448275862068,16.045712541627385,21.64316392978546,0.9103448275862068,16.045712541627385,21.64316392978546,0.0,0.0,0.0,0.0,0.0,negative-control,N/A-mechanism-arm,,
2,y_t+15min,0.9,ACI,1015,760,0.8886699507389163,15.94900199342712,25.020959179645388,0.8886699507389163,16.088645363084282,25.070428660520285,0.0,0.139643369657163,0.0494694808748974,0.0087556180452364,0.0019771216810561,treated,N/A-mechanism-arm,0.05,0.002
2,y_t+15min,0.9,ACQR,1015,760,0.8886699507389163,16.375418287470165,22.565361379572938,0.8886699507389163,16.501160762908743,22.63044896193978,0.0,0.125742475438578,0.0650875823668428,0.0076787336501072,0.0028844023932079,treated,N/A-mechanism-arm,0.05,0.002
3,y_t+15min,0.9,split-CP,1015,760,0.9004926108374385,16.435103194242355,27.415201607414662,0.9004926108374385,16.435103194242355,27.415201607414662,0.0,0.0,0.0,0.0,0.0,negative-control,N/A-mechanism-arm,,
3,y_t+15min,0.9,CQR,1015,760,0.8817733990147784,13.494300006783837,25.349882616313288,0.8817733990147784,13.494300006783837,25.349882616313288,0.0,0.0,0.0,0.0,0.0,negative-control,N/A-mechanism-arm,,
3,y_t+15min,0.9,ACI,1015,760,0.8876847290640394,15.11788203045814,23.694048554957178,0.8876847290640394,15.204197911115523,23.86552757770874,0.0,0.0863158806573842,0.1714790227515621,0.0057095220404209,0.0072372191841265,treated,N/A-mechanism-arm,0.05,0.02
3,y_t+15min,0.9,ACQR,1015,760,0.8886699507389163,16.067873081649207,24.783859147917283,0.8886699507389163,16.24959179214758,24.87671856719588,0.0,0.181718710498373,0.0928594192785929,0.0113094439802309,0.0037467699733274,treated,N/A-mechanism-arm,0.05,0.02
4,y_t+15min,0.9,split-CP,1015,760,0.9586206896551724,27.18944717927576,33.83328625973553,0.9586206896551724,27.18944717927576,33.83328625973553,0.0,0.0,0.0,0.0,0.0,negative-control,N/A-mechanism-arm,,
4,y_t+15min,0.9,CQR,1015,760,0.9270935960591132,19.0514673363069,28.23807538060837,0.9270935960591132,19.0514673363069,28.23807538060837,0.0,0.0,0.0,0.0,0.0,negative-control,N/A-mechanism-arm,,
4,y_t+15min,0.9,ACI,1015,760,0.8906403940886699,20.662698053369727,33.090625700708706,0.8906403940886699,20.88754583839805,33.197243079398255,0.0,0.2248477850283237,0.106617378689549,0.0108818211662176,0.0032219813446218,treated,N/A-mechanism-arm,0.05,0.002
4,y_t+15min,0.9,ACQR,1015,760,0.8896551724137931,21.19535347530156,31.7810370839707,0.8896551724137931,21.04382129085057,31.78867518461355,0.0,-0.1515321844509927,0.0076381006428505,-0.0071493115048809,0.0002403351603243,treated,N/A-mechanism-arm,0.05,0.005
5,y_t+15min,0.9,split-CP,1015,760,0.8945812807881773,15.060436507936402,27.580129305013543,0.8945812807881773,15.060436507936402,27.580129305013543,0.0,0.0,0.0,0.0,0.0,negative-control,N/A-mechanism-arm,,
5,y_t+15min,0.9,CQR,1015,760,0.9339901477832512,16.285559527822606,24.268642364026803,0.9339901477832512,16.285559527822606,24.268642364026803,0.0,0.0,0.0,0.0,0.0,negative-control,N/A-mechanism-arm,,
5,y_t+15min,0.9,ACI,1015,760,0.8837438423645321,15.38673305883133,27.5220916410446,0.8847290640394089,15.62058593253125,27.787784732454195,0.0009852216748768,0.2338528736999201,0.2656930914095987,0.0151983447562118,0.0096538117405786,treated,N/A-mechanism-arm,0.05,0.05
5,y_t+15min,0.9,ACQR,1015,760,0.8896551724137931,16.661709370791616,25.67146138149503,0.8906403940886699,16.764121147649742,25.748963431646573,0.0009852216748768,0.1024117768581263,0.0775020501515442,0.006146534822991,0.0030189964256343,treated,N/A-mechanism-arm,0.05,0.02
6,y_t+15min,0.9,split-CP,1015,760,0.8945812807881773,8.478773809523801,14.968359711944684,0.8945812807881773,8.478773809523801,14.968359711944684,0.0,0.0,0.0,0.0,0.0,negative-control,N/A-mechanism-arm,,
6,y_t+15min,0.9,CQR,1015,760,0.8926108374384236,8.163745723297184,13.781341861408505,0.8926108374384236,8.163745723297184,13.781341861408505,0.0,0.0,0.0,0.0,0.0,negative-control,N/A-mechanism-arm,,
6,y_t+15min,0.9,ACI,1015,760,0.8876847290640394,9.319353210737448,13.943467931721628,0.8896551724137931,9.178761716093614,13.80841589807292,0.0019704433497537,-0.1405914946438322,-0.1350520336487086,-0.0150859712540831,-0.0096856846740015,treated,N/A-mechanism-arm,0.05,0.02
6,y_t+15min,0.9,ACQR,1015,760,0.8916256157635468,9.873405738997176,14.9707131037271,0.8916256157635468,9.922813897340111,15.032901838280022,0.0,0.0494081583429348,0.0621887345529224,0.0050041657001683,0.0041540262058351,treated,N/A-mechanism-arm,0.05,0.02
7,y_t+15min,0.9,split-CP,1015,760,0.8364532019704434,47.248472222222176,90.93409319976686,0.8364532019704434,47.248472222222176,90.93409319976686,0.0,0.0,0.0,0.0,0.0,negative-control,N/A-mechanism-arm,,
7,y_t+15min,0.9,CQR,1015,760,0.8384236453201971,44.96671479418433,74.18462903908338,0.8384236453201971,44.96671479418433,74.18462903908338,0.0,0.0,0.0,0.0,0.0,negative-control,N/A-mechanism-arm,,
7,y_t+15min,0.9,ACI,1015,760,0.8837438423645321,61.34972485725368,83.39631109495322,0.8837438423645321,60.55914677433496,84.24275904292752,0.0,-0.7905780829187208,0.8464479479742977,-0.0128864161128384,0.0101497049073375,treated,N/A-mechanism-arm,0.05,0.02
7,y_t+15min,0.9,ACQR,1015,760,0.8837438423645321,54.87039376315635,71.6414882541941,0.8837438423645321,55.272910887102256,71.71686443778877,0.0,0.4025171239459055,0.0753761835946704,0.0073357797591782,0.0010521303427872,treated,N/A-mechanism-arm,0.05,0.02
9,y_t+15min,0.9,split-CP,1015,760,0.787192118226601,6.781571428571624,21.11459201325928,0.787192118226601,6.781571428571624,21.11459201325928,0.0,0.0,0.0,0.0,0.0,negative-control,N/A-mechanism-arm,,
9,y_t+15min,0.9,CQR,1015,760,0.8266009852216749,6.822321766711271,17.193908204239374,0.8266009852216749,6.822321766711271,17.193908204239374,0.0,0.0,0.0,0.0,0.0,negative-control,N/A-mechanism-arm,,
9,y_t+15min,0.9,ACI,1015,760,0.8669950738916257,9.11811874101086,14.36732677727305,0.8679802955665025,9.234395504304114,14.415886666216446,0.0009852216748768,0.1162767632932535,0.0485598889433962,0.0127522756169287,0.0033798833767886,treated,N/A-mechanism-arm,0.05,0.02
9,y_t+15min,0.9,ACQR,1015,760,0.8699507389162562,9.02768648009104,13.40534310322604,0.8699507389162562,8.940451080242914,13.483818025533406,0.0,-0.0872353998481259,0.0784749223073664,-0.0096630958596654,0.0058540032659426,treated,N/A-mechanism-arm,0.05,0.02
11,y_t+15min,0.9,split-CP,1015,760,0.916256157635468,6.831176706544692,11.930219295227673,0.916256157635468,6.831176706544692,11.930219295227673,0.0,0.0,0.0,0.0,0.0,negative-control,N/A-mechanism-arm,,
11,y_t+15min,0.9,CQR,1015,760,0.916256157635468,5.446614041686219,10.10833767057918,0.916256157635468,5.446614041686219,10.10833767057918,0.0,0.0,0.0,0.0,0.0,negative-control,N/A-mechanism-arm,,
11,y_t+15min,0.9,ACI,1015,760,0.8827586206896552,5.574192798858684,9.976448681819004,0.8827586206896552,5.660505608435534,10.010106932490062,0.0,0.0863128095768495,0.0336582506710598,0.0154843602816397,0.0033737707419272,treated,N/A-mechanism-arm,0.05,0.01
11,y_t+15min,0.9,ACQR,1015,760,0.8837438423645321,5.852203759427921,10.162109944440704,0.8837438423645321,5.9406939843044695,10.23112837609246,0.0,0.0884902248765486,0.0690184316517577,0.0151208379807334,0.0067917422689876,treated,N/A-mechanism-arm,0.05,0.02
12,y_t+15min,0.9,split-CP,1015,760,0.8334975369458129,13.80213888888892,32.05158695924581,0.8334975369458129,13.80213888888892,32.05158695924581,0.0,0.0,0.0,0.0,0.0,negative-control,N/A-mechanism-arm,,
12,y_t+15min,0.9,CQR,1015,760,0.8729064039408867,11.440122955769128,21.79118684073218,0.8729064039408867,11.440122955769128,21.79118684073218,0.0,0.0,0.0,0.0,0.0,negative-control,N/A-mechanism-arm,,
12,y_t+15min,0.9,ACI,1015,760,0.8758620689655172,15.127735243483029,24.74880043982655,0.8758620689655172,15.232894502168149,24.76815619905546,0.0,0.1051592586851182,0.0193557592289117,0.006951421147486,0.0007820887834936,treated,N/A-mechanism-arm,0.05,0.02
12,y_t+15min,0.9,ACQR,1015,760,0.8817733990147784,14.057500463874764,20.77927722145589,0.8817733990147784,14.226129639180398,20.83462803917414,0.0,0.1686291753056341,0.0553508177182529,0.0119956727541272,0.0026637508671908,treated,N/A-mechanism-arm,0.05,0.002
13,y_t+15min,0.9,split-CP,1015,760,0.9044334975369458,23.47727777777777,36.013641294483655,0.9044334975369458,23.47727777777777,36.013641294483655,0.0,0.0,0.0,0.0,0.0,negative-control,N/A-mechanism-arm,,
13,y_t+15min,0.9,CQR,1015,760,0.90935960591133,17.333565809757573,28.781182979029523,0.90935960591133,17.333565809757573,28.781182979029523,0.0,0.0,0.0,0.0,0.0,negative-control,N/A-mechanism-arm,,
13,y_t+15min,0.9,ACI,1015,760,0.8807881773399014,18.77165355051808,28.33126697422264,0.8827586206896552,18.85348505901141,28.2893125077896,0.0019704433497537,0.0818315084933303,-0.0419544664330366,0.0043593127410489,-0.0014808538732563,treated,N/A-mechanism-arm,0.05,0.1
13,y_t+15min,0.9,ACQR,1015,760,0.8788177339901477,19.48192251766788,28.67065344820596,0.8788177339901477,19.708936469157216,28.76655101482452,0.0,0.2270139514893401,0.0958975666185644,0.0116525435969404,0.0033447987780189,treated,N/A-mechanism-arm,0.05,0.05
14,y_t+15min,0.9,split-CP,1015,760,0.8817733990147784,22.3779758887254,33.20723929454053,0.8817733990147784,22.3779758887254,33.20723929454053,0.0,0.0,0.0,0.0,0.0,negative-control,N/A-mechanism-arm,,
14,y_t+15min,0.9,CQR,1015,760,0.9182266009852216,22.13288314082114,31.752546154050908,0.9182266009852216,22.13288314082114,31.752546154050908,0.0,0.0,0.0,0.0,0.0,negative-control,N/A-mechanism-arm,,
14,y_t+15min,0.9,ACI,1015,760,0.8935960591133005,23.554119478090783,32.94058994868932,0.8935960591133005,23.643004097685747,33.01592027446646,0.0,0.0888846195949639,0.0753303257771378,0.0037736337237161,0.0022868541788255,treated,N/A-mechanism-arm,0.05,0.02
14,y_t+15min,0.9,ACQR,1015,760,0.8896551724137931,22.256716952785496,31.357952535283093,0.8886699507389163,22.43958296972731,31.443463314917583,-0.0009852216748768,0.1828660169418157,0.0855107796344896,0.0082162170337044,0.0027269248379107,treated,N/A-mechanism-arm,0.05,0.02
15,y_t+15min,0.9,split-CP,1015,760,0.8817733990147784,10.97495173686922,18.751106085257565,0.8817733990147784,10.97495173686922,18.751106085257565,0.0,0.0,0.0,0.0,0.0,negative-control,N/A-mechanism-arm,,
15,y_t+15min,0.9,CQR,1015,760,0.8798029556650246,8.449225309219456,14.940634909775692,0.8798029556650246,8.449225309219456,14.940634909775692,0.0,0.0,0.0,0.0,0.0,negative-control,N/A-mechanism-arm,,
15,y_t+15min,0.9,ACI,1015,760,0.8798029556650246,10.483600919059048,15.553059686163133,0.8807881773399014,10.44391569543848,15.507281051848167,0.0009852216748768,-0.0396852236205695,-0.0457786343149653,-0.0037854572991635,-0.0029433844683109,treated,N/A-mechanism-arm,0.05,0.002
15,y_t+15min,0.9,ACQR,1015,760,0.8847290640394089,9.511288140092168,14.353991598508047,0.8847290640394089,9.53514850828926,14.456049599031584,0.0,0.0238603681970914,0.1020580005235363,0.0025086368792166,0.0071100780450605,treated,N/A-mechanism-arm,0.05,0.01
16,y_t+15min,0.9,split-CP,1015,760,0.8886699507389163,6.422817995341643,9.533438131727788,0.8886699507389163,6.422817995341643,9.533438131727788,0.0,0.0,0.0,0.0,0.0,negative-control,N/A-mechanism-arm,,
16,y_t+15min,0.9,CQR,1015,760,0.8935960591133005,5.1193213696438695,7.391212959713287,0.8935960591133005,5.1193213696438695,7.391212959713287,0.0,0.0,0.0,0.0,0.0,negative-control,N/A-mechanism-arm,,
16,y_t+15min,0.9,ACI,1015,760,0.8935960591133005,6.217788774147764,8.955711198011075,0.8935960591133005,6.27797719056623,8.976642224674613,0.0,0.060188416418466,0.020931026663538,0.009680035556807,0.0023371707953452,treated,N/A-mechanism-arm,0.05,0.02
16,y_t+15min,0.9,ACQR,1015,760,0.8896551724137931,5.65939572529689,7.727314674486094,0.8896551724137931,5.684199105525359,7.82103734114164,0.0,0.0248033802284686,0.0937226666555455,0.0043826905613968,0.0121287498443666,treated,N/A-mechanism-arm,0.05,0.02
17,y_t+15min,0.9,split-CP,1015,760,0.9142857142857144,9.65477737650964,13.23077037001495,0.9142857142857144,9.65477737650964,13.23077037001495,0.0,0.0,0.0,0.0,0.0,negative-control,N/A-mechanism-arm,,
17,y_t+15min,0.9,CQR,1015,760,0.8945812807881773,7.152567760586978,10.98557124143152,0.8945812807881773,7.152567760586978,10.98557124143152,0.0,0.0,0.0,0.0,0.0,negative-control,N/A-mechanism-arm,,
17,y_t+15min,0.9,ACI,1015,760,0.8847290640394089,8.733352378049792,12.462079841518635,0.8857142857142857,8.765930251672248,12.474285828316004,0.0009852216748768,0.032577873622456,0.0122059867973671,0.0037302827381998,0.0009794502163837,treated,N/A-mechanism-arm,0.05,0.002
17,y_t+15min,0.9,ACQR,1015,760,0.8866995073891626,7.85049026244999,11.172447042598348,0.8876847290640394,7.9431190537428655,11.182373773743697,0.0009852216748768,0.0926287912928751,0.0099267311453488,0.0117991091251882,0.0008885010694165,treated,N/A-mechanism-arm,0.05,0.02
18,y_t+15min,0.9,split-CP,1015,760,0.9497536945812808,11.278210317460308,13.137564345661632,0.9497536945812808,11.278210317460308,13.137564345661632,0.0,0.0,0.0,0.0,0.0,negative-control,N/A-mechanism-arm,,
18,y_t+15min,0.9,CQR,1015,760,0.9320197044334976,7.473051444649143,9.395005164994188,0.9320197044334976,7.473051444649143,9.395005164994188,0.0,0.0,0.0,0.0,0.0,negative-control,N/A-mechanism-arm,,
18,y_t+15min,0.9,ACI,1015,760,0.8866995073891626,7.654283484149493,10.531252887306088,0.8876847290640394,7.740680066084252,10.528582163530686,0.0009852216748768,0.0863965819347587,-0.0026707237754024,0.0112873506858831,-0.0002535998141894,treated,N/A-mechanism-arm,0.05,0.005
18,y_t+15min,0.9,ACQR,1015,760,0.8876847290640394,7.064100540223098,9.515362071978794,0.8886699507389163,7.085013629123361,9.511740266424315,0.0009852216748769,0.0209130889002633,-0.0036218055544789,0.0029604744130103,-0.0003806271928573,treated,N/A-mechanism-arm,0.05,0.02
19,y_t+15min,0.9,split-CP,1015,760,0.9251231527093596,12.274668114110852,15.77329140306419,0.9251231527093596,12.274668114110852,15.77329140306419,0.0,0.0,0.0,0.0,0.0,negative-control,N/A-mechanism-arm,,
19,y_t+15min,0.9,CQR,1015,760,0.9083743842364532,9.83719074504612,14.184902688855829,0.9083743842364532,9.83719074504612,14.184902688855829,0.0,0.0,0.0,0.0,0.0,negative-control,N/A-mechanism-arm,,
19,y_t+15min,0.9,ACI,1015,760,0.8886699507389163,10.974649743150485,15.454308641540909,0.8886699507389163,11.054629131509795,15.46365552256082,0.0,0.0799793883593125,0.0093468810199102,0.0072876483743118,0.0006048074512234,treated,N/A-mechanism-arm,0.05,0.05
19,y_t+15min,0.9,ACQR,1015,760,0.8866995073891626,10.83391264571376,15.125639217581474,0.8866995073891626,10.943993140569884,15.16192325746018,0.0,0.110080494856124,0.0362840398787049,0.010160733103167,0.0023988434046826,treated,N/A-mechanism-arm,0.05,0.05
20,y_t+15min,0.9,split-CP,1015,760,0.9438423645320198,10.962037711030073,12.758789982750327,0.9438423645320198,10.962037711030073,12.758789982750327,0.0,0.0,0.0,0.0,0.0,negative-control,N/A-mechanism-arm,,
20,y_t+15min,0.9,CQR,1015,760,0.9399014778325124,7.860854644611132,9.730607089320497,0.9399014778325124,7.860854644611132,9.730607089320497,0.0,0.0,0.0,0.0,0.0,negative-control,N/A-mechanism-arm,,
20,y_t+15min,0.9,ACI,1015,760,0.8866995073891626,6.647764923591278,10.013764512763284,0.8866995073891626,6.705228557959099,10.02133676411164,0.0,0.0574636343678216,0.0075722513483587,0.0086440533063823,0.000756184284013,treated,N/A-mechanism-arm,0.05,0.01
20,y_t+15min,0.9,ACQR,1015,760,0.8926108374384236,6.787958836614794,9.638647561552848,0.8926108374384236,6.859247012240785,9.683527256916582,0.0,0.0712881756259911,0.0448796953637344,0.0105021520227048,0.0046562233007411,treated,N/A-mechanism-arm,0.05,0.002
21,y_t+15min,0.9,split-CP,1015,760,0.916256157635468,9.505537966220968,14.97662806377166,0.916256157635468,9.505537966220968,14.97662806377166,0.0,0.0,0.0,0.0,0.0,negative-control,N/A-mechanism-arm,,
21,y_t+15min,0.9,CQR,1015,760,0.9113300492610836,7.807026538071263,13.07759345879264,0.9113300492610836,7.807026538071263,13.07759345879264,0.0,0.0,0.0,0.0,0.0,negative-control,N/A-mechanism-arm,,
21,y_t+15min,0.9,ACI,1015,760,0.8847290640394089,8.946029353587482,14.02202277951933,0.8866995073891626,9.055615620075963,13.869145674312914,0.0019704433497537,0.109586266488483,-0.1528771052064161,0.012249710140347,-0.0109026427649019,treated,N/A-mechanism-arm,0.05,0.01
21,y_t+15min,0.9,ACQR,1015,760,0.8876847290640394,8.750337511019614,13.03335653661215,0.8876847290640394,8.824775569914983,13.086954098616031,0.0,0.0744380588953692,0.0535975620038833,0.0085068785977257,0.004112337589578,treated,N/A-mechanism-arm,0.05,0.005
22,y_t+15min,0.9,split-CP,1015,760,0.92807881773399,15.664133283041528,24.67414174675444,0.92807881773399,15.664133283041528,24.67414174675444,0.0,0.0,0.0,0.0,0.0,negative-control,N/A-mechanism-arm,,
22,y_t+15min,0.9,CQR,1015,760,0.9152709359605912,9.910070953383386,16.12235613853005,0.9152709359605912,9.910070953383386,16.12235613853005,0.0,0.0,0.0,0.0,0.0,negative-control,N/A-mechanism-arm,,
22,y_t+15min,0.9,ACI,1015,760,0.8896551724137931,12.47249425902505,20.492278707472057,0.8896551724137931,12.668196461839566,20.59231267421686,0.0,0.1957022028145161,0.1000339667448031,0.0156907029781077,0.0048815443208044,treated,N/A-mechanism-arm,0.05,0.01
22,y_t+15min,0.9,ACQR,1015,760,0.8896551724137931,11.111429341727511,16.951468344740213,0.8906403940886699,11.499079841194774,17.267641610184338,0.0009852216748768,0.3876504994672629,0.3161732654441245,0.0348875457463867,0.0186516742393132,treated,N/A-mechanism-arm,0.05,0.01
23,y_t+15min,0.9,split-CP,1015,760,0.9241379310344828,8.766785714285703,12.193985311714371,0.9241379310344828,8.766785714285703,12.193985311714371,0.0,0.0,0.0,0.0,0.0,negative-control,N/A-mechanism-arm,,
23,y_t+15min,0.9,CQR,1015,760,0.9004926108374385,6.100965070511003,8.966517318456138,0.9004926108374385,6.100965070511003,8.966517318456138,0.0,0.0,0.0,0.0,0.0,negative-control,N/A-mechanism-arm,,
23,y_t+15min,0.9,ACI,1015,760,0.8886699507389163,6.969561730424292,10.726528012636878,0.8886699507389163,7.151061338989419,10.76464213285346,0.0,0.1814996085651268,0.0381141202165817,0.0260417534968985,0.0035532578828563,treated,N/A-mechanism-arm,0.05,0.02
23,y_t+15min,0.9,ACQR,1015,760,0.8876847290640394,6.4598817387928085,8.753564312661819,0.8886699507389163,6.480212046118948,8.811327773034334,0.0009852216748769,0.0203303073261391,0.0577634603725147,0.0031471640113861,0.0065988502865011,treated,N/A-mechanism-arm,0.05,0.02
24,y_t+15min,0.9,split-CP,1015,760,0.9024630541871921,7.002718253968254,11.77019856256679,0.9024630541871921,7.002718253968254,11.77019856256679,0.0,0.0,0.0,0.0,0.0,negative-control,N/A-mechanism-arm,,
24,y_t+15min,0.9,CQR,1015,760,0.8857142857142857,5.212180379015468,10.264456918950396,0.8857142857142857,5.212180379015468,10.264456918950396,0.0,0.0,0.0,0.0,0.0,negative-control,N/A-mechanism-arm,,
24,y_t+15min,0.9,ACI,1015,760,0.8847290640394089,6.485420507562133,11.485813110580354,0.8857142857142857,6.509117318031357,11.523858384572918,0.0009852216748768017,0.02369681046922345,0.03804527399256408,0.0036538587500367144,0.0033123709768112125,treated,N/A-mechanism-arm,0.05,0.05
24,y_t+15min,0.9,ACQR,1015,760,0.8837438423645321,5.883136137899641,10.311947513297467,0.8857142857142857,5.961101900439797,10.266092888051075,0.0019704433497536034,0.0779657625401553,-0.045854625246391834,0.013252415159644789,-0.004446747346925628,treated,N/A-mechanism-arm,0.05,0.02
