facility_id,dynamic,horizon,model,MAE,RMSE,n_test
1,False,y_t+5min,RF-delta,0.0,0.0,1017
1,False,y_t+5min,persistence,0.0,0.0,1017
1,False,y_t+5min,RF-absolute,0.0,0.0,1017
1,False,y_t+15min,RF-delta,0.0,0.0,1015
1,False,y_t+15min,persistence,0.0,0.0,1015
1,False,y_t+15min,RF-absolute,0.0,0.0,1015
1,False,y_t+30min,RF-delta,0.0,0.0,1012
1,False,y_t+30min,persistence,0.0,0.0,1012
1,False,y_t+30min,RF-absolute,0.0,0.0,1012
2,True,y_t+5min,RF-delta,1.6188472903284856,2.501024245677232,1017
2,True,y_t+5min,persistence,2.1897738446411013,3.660023480535714,1017
2,True,y_t+5min,RF-absolute,3.408864253990476,4.997731262120082,1017
2,True,y_t+15min,RF-delta,3.453946651774608,5.285835163581012,1015
2,True,y_t+15min,persistence,5.850410509031199,9.647366214508876,1015
2,True,y_t+15min,RF-absolute,5.595907471619795,8.15606053617524,1015
2,True,y_t+30min,RF-delta,5.171716348586364,7.753017674160676,1012
2,True,y_t+30min,persistence,11.02619651142808,17.977279553931837,1012
2,True,y_t+30min,RF-absolute,8.452182775605133,12.4131727650749,1012
3,True,y_t+5min,RF-delta,1.6136282004031512,2.5442396790845194,1017
3,True,y_t+5min,persistence,1.9927892494264177,3.221620328282726,1017
3,True,y_t+5min,RF-absolute,3.676374497893668,5.09294644720427,1017
3,True,y_t+15min,RF-delta,3.442110320171526,5.505188914575864,1015
3,True,y_t+15min,persistence,5.132019704433498,8.18405541277994,1015
3,True,y_t+15min,RF-absolute,5.72661177568555,8.178153838519119,1015
3,True,y_t+30min,RF-delta,5.416717467629255,8.676389750255163,1012
3,True,y_t+30min,persistence,9.644115183021135,14.980050095956903,1012
3,True,y_t+30min,RF-absolute,8.40142611531953,12.012302401457434,1012
4,True,y_t+5min,RF-delta,1.9718807655844284,3.231650716328536,1017
4,True,y_t+5min,persistence,2.678138315306457,4.431809720370964,1017
4,True,y_t+5min,RF-absolute,4.031038169008059,6.028283402195545,1017
4,True,y_t+15min,RF-delta,4.242822640135818,6.816697051388228,1015
4,True,y_t+15min,persistence,7.061576354679803,11.586457801190276,1015
4,True,y_t+15min,RF-absolute,6.570995187921907,9.679898849983193,1015
4,True,y_t+30min,RF-delta,6.694741538973337,10.352859247583195,1012
4,True,y_t+30min,persistence,13.433202655095377,21.72583032706532,1012
4,True,y_t+30min,RF-absolute,9.15120989666695,13.052519823018288,1012
5,True,y_t+5min,RF-delta,1.3975500865262431,2.542991040132732,1017
5,True,y_t+5min,persistence,1.7433628318584071,3.6163905133768393,1017
5,True,y_t+5min,RF-absolute,3.092356842468324,5.172019778774482,1017
5,True,y_t+15min,RF-delta,3.3245240166055434,5.717253621024933,1015
5,True,y_t+15min,persistence,4.637766830870278,9.521464818105994,1015
5,True,y_t+15min,RF-absolute,5.541027499220348,8.579074625412382,1015
5,True,y_t+30min,RF-delta,5.842761283165144,9.41353959299466,1012
5,True,y_t+30min,persistence,8.63595405854385,17.500065073112495,1012
5,True,y_t+30min,RF-absolute,9.155891174765555,14.915786466082064,1012
6,True,y_t+5min,RF-delta,0.9732264871404496,1.5160714513311533,1017
6,True,y_t+5min,persistence,0.9308423467715502,1.5286334423356651,1017
6,True,y_t+5min,RF-absolute,1.914929976120243,3.249528722831502,1017
6,True,y_t+15min,RF-delta,2.099750476853925,3.330676047913936,1015
6,True,y_t+15min,persistence,2.0760262725779968,3.409752104529074,1015
6,True,y_t+15min,RF-absolute,2.9008658064340334,4.777488097951301,1015
6,True,y_t+30min,RF-delta,2.9795210456210888,4.887198504062425,1012
6,True,y_t+30min,persistence,3.202739588703672,5.292380764056796,1012
6,True,y_t+30min,RF-absolute,3.614974823212873,5.8644200381864975,1012
7,True,y_t+5min,RF-delta,4.9294191890586925,7.360696569965779,1017
7,True,y_t+5min,persistence,5.893805309734513,8.922815050634966,1017
7,True,y_t+5min,RF-absolute,8.878105021808192,13.390709155705466,1017
7,True,y_t+15min,RF-delta,12.521545496662611,18.134386764767346,1015
7,True,y_t+15min,persistence,16.211494252873564,23.13062310515265,1015
7,True,y_t+15min,RF-absolute,16.12646123550779,23.25536230942453,1015
7,True,y_t+30min,RF-delta,20.082023448615285,28.70352448029288,1012
7,True,y_t+30min,persistence,29.112986910694847,40.20679226355199,1012
7,True,y_t+30min,RF-absolute,22.4362382975898,31.011100322915844,1012
8,True,y_t+5min,RF-delta,4.7718542138148825,9.128686398732606,1017
8,True,y_t+5min,persistence,0.2143559488692232,4.833714764727572,1017
8,True,y_t+5min,RF-absolute,28.00918378244448,34.009504771423224,1017
8,True,y_t+15min,RF-delta,10.61688631766883,18.1936694853028,1015
8,True,y_t+15min,persistence,0.6443349753694582,8.380484014379535,1015
8,True,y_t+15min,RF-absolute,35.608267465530275,40.591594080165855,1015
8,True,y_t+30min,RF-delta,14.977639132385578,22.920116330733315,1012
8,True,y_t+30min,persistence,1.2924901185770752,11.869348041274264,1012
8,True,y_t+30min,RF-absolute,40.55376452935148,45.18175833849229,1012
9,True,y_t+5min,RF-delta,0.912648560155565,1.6057407357490665,1017
9,True,y_t+5min,persistence,1.0039331366764996,1.8701131735764152,1017
9,True,y_t+5min,RF-absolute,2.222315734249384,4.492304639457625,1017
9,True,y_t+15min,RF-delta,2.090286194101464,3.6873301882956975,1015
9,True,y_t+15min,persistence,2.5050903119868657,4.737845625526345,1015
9,True,y_t+15min,RF-absolute,3.693404069311486,7.650653514336104,1015
9,True,y_t+30min,RF-delta,3.675076374720577,6.325230442343026,1012
9,True,y_t+30min,persistence,4.696956808157188,8.685625153108187,1012
9,True,y_t+30min,RF-absolute,4.810321576161016,8.696573397711509,1012
10,False,y_t+5min,RF-delta,0.2542268759136998,0.4654528927034022,1017
10,False,y_t+5min,persistence,0.1878072763028514,0.4209627751186756,1017
10,False,y_t+5min,RF-absolute,0.8601884812445282,1.6485667559359536,1017
10,False,y_t+15min,RF-delta,0.5690464278013537,0.9202795091833236,1015
10,False,y_t+15min,persistence,0.4633825944170771,0.8422023933555619,1015
10,False,y_t+15min,RF-absolute,1.0703760047697242,1.7904817404068107,1015
10,False,y_t+30min,RF-delta,0.8636395713739109,1.2873925438425342,1012
10,False,y_t+30min,persistence,0.739459815546772,1.2183408446334876,1012
10,False,y_t+30min,RF-absolute,1.3184910687747555,2.0879100754246886,1012
11,True,y_t+5min,RF-delta,0.6810831929824064,1.1464771770858622,1017
11,True,y_t+5min,persistence,0.6447066535562112,1.2955773630294911,1017
11,True,y_t+5min,RF-absolute,1.3116824086271004,2.0834461003881013,1017
11,True,y_t+15min,RF-delta,1.3842364557582536,2.46556928413466,1015
11,True,y_t+15min,persistence,1.5267651888341542,3.1588573658350265,1015
11,True,y_t+15min,RF-absolute,2.1613616154553363,3.4455269333369443,1015
11,True,y_t+30min,RF-delta,2.287346146863421,4.349875581039631,1012
11,True,y_t+30min,persistence,2.766822764507075,5.697256802722381,1012
11,True,y_t+30min,RF-absolute,3.297277224280841,5.450692765660533,1012
12,True,y_t+5min,RF-delta,1.5239961455065931,2.5893705020761377,1017
12,True,y_t+5min,persistence,1.40396591281547,2.4049561430592115,1017
12,True,y_t+5min,RF-absolute,3.238743763433664,6.063270920443935,1017
12,True,y_t+15min,RF-delta,3.478488632877796,5.9775753577444055,1015
12,True,y_t+15min,persistence,3.3195402298850576,5.603838898430444,1015
12,True,y_t+15min,RF-absolute,5.08998969029967,9.17384767551361,1015
12,True,y_t+30min,RF-delta,5.881912064590858,10.102154462606364,1012
12,True,y_t+30min,persistence,5.551289239273644,9.35990583246067,1012
12,True,y_t+30min,RF-absolute,7.222541772665491,12.994482085960186,1012
13,True,y_t+5min,RF-delta,1.699786781756793,3.008777796165655,1017
13,True,y_t+5min,persistence,3.078334972140281,6.1000615221145456,1017
13,True,y_t+5min,RF-absolute,3.6158016775187263,7.16866546063572,1017
13,True,y_t+15min,RF-delta,3.869966092368676,7.028076063917092,1015
13,True,y_t+15min,persistence,8.804597701149424,17.35400434728552,1015
13,True,y_t+15min,RF-absolute,5.70274110644419,10.981585812993462,1015
13,True,y_t+30min,RF-delta,6.3360037571279975,11.213590350534572,1012
13,True,y_t+30min,persistence,17.067510167840982,33.368531226126,1012
13,True,y_t+30min,RF-absolute,7.719953349073876,14.586890123447992,1012
14,True,y_t+5min,RF-delta,2.252305887928306,3.1821823929368733,1017
14,True,y_t+5min,persistence,2.6083251392985907,3.830535652734184,1017
14,True,y_t+5min,RF-absolute,4.534023938560075,6.162045995584763,1017
14,True,y_t+15min,RF-delta,5.254297550214791,7.219669936598496,1015
14,True,y_t+15min,persistence,6.958949096880131,9.78343494602921,1015
14,True,y_t+15min,RF-absolute,7.490197402383235,10.334352992003224,1015
14,True,y_t+30min,RF-delta,9.193299324971084,12.126122575566775,1012
14,True,y_t+30min,persistence,13.187529715873287,18.099309456396764,1012
14,True,y_t+30min,RF-absolute,11.780121177997597,15.402899804002285,1012
15,True,y_t+5min,RF-delta,1.1247943826130893,1.765090222733959,1017
15,True,y_t+5min,persistence,1.045886594559161,1.819777961130428,1017
15,True,y_t+5min,RF-absolute,2.013564029700954,3.035919546549854,1017
15,True,y_t+15min,RF-delta,2.430262626813982,3.796239897979392,1015
15,True,y_t+15min,persistence,2.546469622331692,4.262924261839334,1015
15,True,y_t+15min,RF-absolute,3.1585289915931534,4.93855168641339,1015
15,True,y_t+30min,RF-delta,4.015018943136366,6.256726824076141,1012
15,True,y_t+30min,persistence,4.593795110843787,7.562420205615055,1012
15,True,y_t+30min,RF-absolute,4.983043542407387,7.875082663641485,1012
16,True,y_t+5min,RF-delta,0.6985266514822808,1.0406604956076544,1017
16,True,y_t+5min,persistence,0.6524090462143559,1.075676366765441,1017
16,True,y_t+5min,RF-absolute,1.283930858604777,1.8915749847849617,1017
16,True,y_t+15min,RF-delta,1.492233496885344,2.158369174662193,1015
16,True,y_t+15min,persistence,1.4737274220032843,2.378054887197593,1015
16,True,y_t+15min,RF-absolute,2.1036438344860757,3.107443443883362,1015
16,True,y_t+30min,RF-delta,2.305674293776272,3.29998806760114,1012
16,True,y_t+30min,persistence,2.550108480838632,3.995645693222042,1012
16,True,y_t+30min,RF-absolute,3.2462888860593075,4.714504548251217,1012
17,True,y_t+5min,RF-delta,0.9315095608896002,1.409912441709911,1017
17,True,y_t+5min,persistence,0.9019993444772206,1.4983876399322718,1017
17,True,y_t+5min,RF-absolute,1.6596008865447172,2.416672503676052,1017
17,True,y_t+15min,RF-delta,2.0148879693605064,2.899905704620533,1015
17,True,y_t+15min,persistence,2.0691297208538586,3.3408249147644824,1015
17,True,y_t+15min,RF-absolute,2.5268635269537976,3.545663453608549,1015
17,True,y_t+30min,RF-delta,3.1660396547179426,4.526120491852957,1012
17,True,y_t+30min,persistence,3.4937252964426877,5.556431982362037,1012
17,True,y_t+30min,RF-absolute,3.4571605945464863,4.932401302974412,1012
18,True,y_t+5min,RF-delta,0.7925679135906519,1.327171142968607,1017
18,True,y_t+5min,persistence,0.7740085217961323,1.3086768896764605,1017
18,True,y_t+5min,RF-absolute,1.4906390446701403,2.398110194976353,1017
18,True,y_t+15min,RF-delta,1.6365514505837166,2.574269271062793,1015
18,True,y_t+15min,persistence,1.8169129720853865,2.9396455818156992,1015
18,True,y_t+15min,RF-absolute,2.219862672585579,3.421572297526104,1015
18,True,y_t+30min,RF-delta,2.4483750362784025,3.875909587363955,1012
18,True,y_t+30min,persistence,3.060573838574784,5.010589058461423,1012
18,True,y_t+30min,RF-absolute,2.852569736537664,4.237303616934406,1012
19,True,y_t+5min,RF-delta,1.1875292047576953,1.7363501206218497,1017
19,True,y_t+5min,persistence,1.2043592264831204,1.854824719622378,1017
19,True,y_t+5min,RF-absolute,2.007562980616202,2.841526688136858,1017
19,True,y_t+15min,RF-delta,2.3691490545852614,3.4359231968254065,1015
19,True,y_t+15min,persistence,2.73136288998358,4.1088101373012735,1015
19,True,y_t+15min,RF-absolute,3.0683629043097023,4.315584187081539,1015
19,True,y_t+30min,RF-delta,3.3751730540979765,4.7238558610142025,1012
19,True,y_t+30min,persistence,4.653461720226843,6.828889317607424,1012
19,True,y_t+30min,RF-absolute,4.050650087072236,5.500921758887217,1012
20,True,y_t+5min,RF-delta,0.7611692870433039,1.283253540044642,1017
20,True,y_t+5min,persistence,0.729760734185513,1.380782636943264,1017
20,True,y_t+5min,RF-absolute,1.3444710123901369,2.137908099364551,1017
20,True,y_t+15min,RF-delta,1.5059723984827431,2.413843082715173,1015
20,True,y_t+15min,persistence,1.5436781609195405,2.7950470306717943,1015
20,True,y_t+15min,RF-absolute,1.9791248862431128,3.022550289464402,1015
20,True,y_t+30min,RF-delta,2.048010439353706,3.114044867060364,1012
20,True,y_t+30min,persistence,2.3847478805063878,4.315922979645135,1012
20,True,y_t+30min,RF-absolute,2.661289876948649,4.234288658726436,1012
21,True,y_t+5min,RF-delta,0.9194957138576852,1.4214191263239129,1017
21,True,y_t+5min,persistence,0.8321861684693542,1.415757801272088,1017
21,True,y_t+5min,RF-absolute,1.549581743596,2.4029931880609383,1017
21,True,y_t+15min,RF-delta,1.943264613825328,3.206391916114752,1015
21,True,y_t+15min,persistence,1.829064039408867,3.2339663863202004,1015
21,True,y_t+15min,RF-absolute,2.423947785857638,3.840816369354444,1015
21,True,y_t+30min,RF-delta,2.9772363939338864,5.199679692910957,1012
21,True,y_t+30min,persistence,2.875999599014722,5.235715950792666,1012
21,True,y_t+30min,RF-absolute,3.351146492396956,5.629992987592384,1012
22,True,y_t+5min,RF-delta,1.3781486581174387,2.873531273941347,1017
22,True,y_t+5min,persistence,1.3493936414290395,2.7079926291511143,1017
22,True,y_t+5min,RF-absolute,2.986048455655022,5.431446288857506,1017
22,True,y_t+15min,RF-delta,2.8147943564326563,5.321056270793746,1015
22,True,y_t+15min,persistence,3.478653530377668,6.457695688634299,1015
22,True,y_t+15min,RF-absolute,4.123275486965148,6.921190677704217,1015
22,True,y_t+30min,RF-delta,4.020151432396835,6.947224425179896,1012
22,True,y_t+30min,persistence,6.484461104428023,11.333882989148552,1012
22,True,y_t+30min,RF-absolute,5.05324823717238,8.179190603282995,1012
23,True,y_t+5min,RF-delta,0.7583919022954172,1.451646362007591,1017
23,True,y_t+5min,persistence,0.7568010488364472,1.431890838479045,1017
23,True,y_t+5min,RF-absolute,1.1970639150672353,1.8925796115512108,1017
23,True,y_t+15min,RF-delta,1.4424810838449995,2.417036641101568,1015
23,True,y_t+15min,persistence,1.809523809523809,3.273560969815283,1015
23,True,y_t+15min,RF-absolute,1.6504745811386214,2.5974313638559563,1015
23,True,y_t+30min,RF-delta,1.957732434011612,3.163205450900892,1012
23,True,y_t+30min,persistence,3.242964140459414,5.729180590812584,1012
23,True,y_t+30min,RF-absolute,2.290390743687471,3.4519822168589744,1012
24,True,y_t+5min,RF-delta,0.5773155792957906,1.1276075308768048,1017
24,True,y_t+5min,persistence,0.47984267453294,1.1757036336579207,1017
24,True,y_t+5min,RF-absolute,2.0553479407669406,3.4449801918880985,1017
24,True,y_t+15min,RF-delta,1.4143627407668047,2.398719271447244,1015
24,True,y_t+15min,persistence,1.2356321839080457,2.5683486694361024,1015
24,True,y_t+15min,RF-absolute,3.528751176200186,5.013138819701221,1015
24,True,y_t+30min,RF-delta,2.2182747410755677,3.4656737322796265,1012
24,True,y_t+30min,persistence,2.224280374634817,4.251678944085116,1012
24,True,y_t+30min,RF-absolute,4.3991872437174635,6.22588217126236,1012
