facility_id,dynamic,base,level,method,PICP,MPIW,Winkler,MAE,gamma,gamma_calB_picp,n_cal_b,degenerate,cal_score_max,n_test,n_cal
1,False,RandomForest,0.9,split-CP,1.0,0.0,0.0,0.0,,,,True,0.0,1015,760
1,False,RandomForest,0.9,ACI,1.0,0.0,0.0,0.0,0.002,1.0,380.0,True,0.0,1015,760
1,False,RandomForest,0.95,split-CP,1.0,0.0,0.0,0.0,,,,True,0.0,1015,760
1,False,RandomForest,0.95,ACI,1.0,0.0,0.0,0.0,0.002,1.0,380.0,True,0.0,1015,760
1,False,GradBoost,0.9,split-CP,1.0,0.0,0.0,0.0,,,,True,0.0,1015,760
1,False,GradBoost,0.9,ACI,1.0,0.0,0.0,0.0,0.002,1.0,380.0,True,0.0,1015,760
1,False,GradBoost,0.95,split-CP,1.0,0.0,0.0,0.0,,,,True,0.0,1015,760
1,False,GradBoost,0.95,ACI,1.0,0.0,0.0,0.0,0.002,1.0,380.0,True,0.0,1015,760
1,False,Ridge(linear),0.9,split-CP,1.0,0.0,0.0,0.0,,,,True,0.0,1015,760
1,False,Ridge(linear),0.9,ACI,1.0,0.0,0.0,0.0,0.002,1.0,380.0,True,0.0,1015,760
1,False,Ridge(linear),0.95,split-CP,1.0,0.0,0.0,0.0,,,,True,0.0,1015,760
1,False,Ridge(linear),0.95,ACI,1.0,0.0,0.0,0.0,0.002,1.0,380.0,True,0.0,1015,760
2,True,RandomForest,0.9,split-CP,0.9349753694581281,22.070281746031696,26.596532078348563,3.453946651774608,,,,False,28.087940295815315,1015,760
2,True,RandomForest,0.9,ACI,0.8847290640394089,17.666486975668015,26.361809674862624,3.453946651774608,0.002,0.9026315789473685,380.0,False,28.087940295815315,1015,760
2,True,RandomForest,0.95,split-CP,0.967487684729064,27.3464166666667,31.490574562775308,3.453946651774608,,,,False,28.087940295815315,1015,760
2,True,RandomForest,0.95,ACI,0.9477832512315271,22.474362761440347,30.91197978317066,3.453946651774608,0.02,0.95,380.0,False,28.087940295815315,1015,760
2,True,GradBoost,0.9,split-CP,0.9467980295566503,24.057341050704846,28.301474254526028,3.743757348363254,,,,False,28.163070606640247,1015,760
2,True,GradBoost,0.9,ACI,0.8857142857142857,17.909222192885803,27.921864150990473,3.743757348363254,0.002,0.9026315789473685,380.0,False,28.163070606640247,1015,760
2,True,GradBoost,0.95,split-CP,0.9802955665024631,31.662827943031402,35.205901356591376,3.743757348363254,,,,False,28.163070606640247,1015,760
2,True,GradBoost,0.95,ACI,0.9448275862068966,23.744256668766564,34.66251068653456,3.743757348363254,0.002,0.9526315789473684,380.0,False,28.163070606640247,1015,760
2,True,Ridge(linear),0.9,split-CP,0.948768472906404,25.135167127587064,28.912883602750785,3.817572592607019,,,,False,33.17755584464601,1015,760
2,True,Ridge(linear),0.9,ACI,0.8876847290640394,18.63296344811503,28.683942812412454,3.817572592607019,0.002,0.9026315789473685,380.0,False,33.17755584464601,1015,760
2,True,Ridge(linear),0.95,split-CP,0.9733990147783251,31.302542359216773,34.278847651558614,3.817572592607019,,,,False,33.17755584464601,1015,760
2,True,Ridge(linear),0.95,ACI,0.9467980295566503,24.510421170040757,32.53788610382823,3.817572592607019,0.02,0.95,380.0,False,33.17755584464601,1015,760
3,True,RandomForest,0.9,split-CP,0.9004926108374385,16.435103194242355,27.415201607414662,3.4421103201715266,,,,False,22.46863492063492,1015,760
3,True,RandomForest,0.9,ACI,0.8916256157635468,16.656566528440543,26.581122878950097,3.4421103201715266,0.02,0.9,380.0,False,22.46863492063492,1015,760
3,True,RandomForest,0.95,split-CP,0.9389162561576355,21.802280487880118,34.56795815121294,3.4421103201715266,,,,False,22.46863492063492,1015,760
3,True,RandomForest,0.95,ACI,0.9477832512315271,26.376634600138054,35.26085891459389,3.4421103201715266,0.005,0.95,380.0,False,22.46863492063492,1015,760
3,True,GradBoost,0.9,split-CP,0.8995073891625616,16.968573449284175,27.969592231374158,3.6987227604246127,,,,False,22.45907062877579,1015,760
3,True,GradBoost,0.9,ACI,0.8945812807881773,17.006670351226397,27.189657260249938,3.6987227604246127,0.02,0.9,380.0,False,22.45907062877579,1015,760
3,True,GradBoost,0.95,split-CP,0.9339901477832512,21.675140556437448,35.3071719941563,3.6987227604246127,,,,False,22.45907062877579,1015,760
3,True,GradBoost,0.95,ACI,0.9458128078817734,24.087365095580832,34.12213732288602,3.6987227604246127,0.01,0.9526315789473684,380.0,False,22.45907062877579,1015,760
3,True,Ridge(linear),0.9,split-CP,0.8738916256157635,16.079367341493082,28.40200703623441,3.864690318616883,,,,False,21.044428056284467,1015,760
3,True,Ridge(linear),0.9,ACI,0.8935960591133005,18.346348599958297,28.46017414222392,3.864690318616883,0.002,0.8973684210526316,380.0,False,21.044428056284467,1015,760
3,True,Ridge(linear),0.95,split-CP,0.929064039408867,21.656946697132604,34.78772580565986,3.864690318616883,,,,False,21.044428056284467,1015,760
3,True,Ridge(linear),0.95,ACI,0.9497536945812808,26.534626918422287,35.02792506750957,3.864690318616883,0.002,0.9473684210526315,380.0,False,21.044428056284467,1015,760
4,True,RandomForest,0.9,split-CP,0.9586206896551724,27.189447179275753,33.83328625973553,4.242822640135818,,,,False,45.60462896825397,1015,760
4,True,RandomForest,0.9,ACI,0.896551724137931,19.629275536564325,32.70979830826445,4.242822640135818,0.02,0.9,380.0,False,45.60462896825397,1015,760
4,True,RandomForest,0.95,split-CP,0.9802955665024631,35.89348251889057,44.107904991327786,4.242822640135818,,,,False,45.60462896825397,1015,760
4,True,RandomForest,0.95,ACI,0.948768472906404,27.42424668577636,42.12429522417465,4.242822640135818,0.002,0.9526315789473684,380.0,False,45.60462896825397,1015,760
4,True,GradBoost,0.9,split-CP,0.9517241379310345,28.13709159480632,35.758263031722805,4.533084850828612,,,,False,49.93123171712745,1015,760
4,True,GradBoost,0.9,ACI,0.8985221674876848,21.274076596522956,34.94720170144065,4.533084850828612,0.02,0.8973684210526316,380.0,False,49.93123171712745,1015,760
4,True,GradBoost,0.95,split-CP,0.9773399014778326,39.5199800525651,46.77649147012331,4.533084850828612,,,,False,49.93123171712745,1015,760
4,True,GradBoost,0.95,ACI,0.948768472906404,29.38164882112891,47.30466770920363,4.533084850828612,0.02,0.9473684210526315,380.0,False,49.93123171712745,1015,760
4,True,Ridge(linear),0.9,split-CP,0.9261083743842364,24.727435698681802,33.782662861698725,4.88680676150106,,,,False,42.32691638916541,1015,760
4,True,Ridge(linear),0.9,ACI,0.8857142857142857,21.429299725641922,34.2190580874665,4.88680676150106,0.05,0.9,380.0,False,42.32691638916541,1015,760
4,True,Ridge(linear),0.95,split-CP,0.9684729064039409,33.33774252159222,42.73766580661468,4.88680676150106,,,,False,42.32691638916541,1015,760
4,True,Ridge(linear),0.95,ACI,0.9349753694581281,28.19819973752186,45.34934012519743,4.88680676150106,0.05,0.9447368421052632,380.0,False,42.32691638916541,1015,760
5,True,RandomForest,0.9,split-CP,0.8945812807881773,15.060436507936402,27.580129305013546,3.3245240166055434,,,,False,39.21140873015872,1015,760
5,True,RandomForest,0.9,ACI,0.896551724137931,16.282685829669322,28.22647239586722,3.3245240166055434,0.01,0.9,380.0,False,39.21140873015872,1015,760
5,True,RandomForest,0.95,split-CP,0.9330049261083744,19.301645502645545,37.24452073633352,3.3245240166055434,,,,False,39.21140873015872,1015,760
5,True,RandomForest,0.95,ACI,0.941871921182266,24.506938623272365,39.99570598727124,3.3245240166055434,0.02,0.9473684210526315,380.0,False,39.21140873015872,1015,760
5,True,GradBoost,0.9,split-CP,0.896551724137931,17.862821829956488,29.50587815229448,3.797034815686676,,,,False,26.299453462506946,1015,760
5,True,GradBoost,0.9,ACI,0.8857142857142857,17.709817732332294,28.202172562107737,3.797034815686676,0.05,0.8973684210526316,380.0,False,26.299453462506946,1015,760
5,True,GradBoost,0.95,split-CP,0.9477832512315271,25.05425487953869,38.10441621313282,3.797034815686676,,,,False,26.299453462506946,1015,760
5,True,GradBoost,0.95,ACI,0.9330049261083744,23.411224558236803,39.38553479045814,3.797034815686676,0.05,0.95,380.0,False,26.299453462506946,1015,760
5,True,Ridge(linear),0.9,split-CP,0.9211822660098522,22.142915715670256,35.564144990781315,4.5147020046205215,,,,False,41.31812804137253,1015,760
5,True,Ridge(linear),0.9,ACI,0.8926108374384236,20.590931201561503,33.4235194899728,4.5147020046205215,0.02,0.9,380.0,False,41.31812804137253,1015,760
5,True,Ridge(linear),0.95,split-CP,0.9527093596059113,31.133510126458013,47.257124871168955,4.5147020046205215,,,,False,41.31812804137253,1015,760
5,True,Ridge(linear),0.95,ACI,0.9399014778325123,28.306179306938684,44.52122733569939,4.5147020046205215,0.02,0.9421052631578948,380.0,False,41.31812804137253,1015,760
6,True,RandomForest,0.9,split-CP,0.8945812807881773,8.478773809523801,14.968359711944684,2.0997504768539255,,,,False,8.924736111111116,1015,760
6,True,RandomForest,0.9,ACI,0.8935960591133005,9.508412317521923,15.180987951885736,2.0997504768539255,0.02,0.8947368421052632,380.0,False,8.924736111111116,1015,760
6,True,RandomForest,0.95,split-CP,0.9349753694581281,10.664665255297516,20.03145350372123,2.0997504768539255,,,,False,8.924736111111116,1015,760
6,True,RandomForest,0.95,ACI,0.9399014778325123,12.77764738920995,20.32834256048639,2.0997504768539255,0.02,0.9421052631578948,380.0,False,8.924736111111116,1015,760
6,True,GradBoost,0.9,split-CP,0.8807881773399014,8.96363308564942,15.806490889475167,2.2576750032721646,,,,False,10.903531302074558,1015,760
6,True,GradBoost,0.9,ACI,0.8926108374384236,9.680758784795952,15.114109627060836,2.2576750032721646,0.02,0.9,380.0,False,10.903531302074558,1015,760
6,True,GradBoost,0.95,split-CP,0.9241379310344827,10.708193894707666,21.116526913776248,2.2576750032721646,,,,False,10.903531302074558,1015,760
6,True,GradBoost,0.95,ACI,0.9428571428571428,12.435495943936434,19.890342025820534,2.2576750032721646,0.02,0.9447368421052632,380.0,False,10.903531302074558,1015,760
6,True,Ridge(linear),0.9,split-CP,0.903448275862069,9.206474480225145,15.032769866708541,2.135733048382347,,,,False,9.844557618185348,1015,760
6,True,Ridge(linear),0.9,ACI,0.8896551724137931,9.938389690811164,15.243715735649726,2.135733048382347,0.05,0.8921052631578947,380.0,False,9.844557618185348,1015,760
6,True,Ridge(linear),0.95,split-CP,0.9399014778325123,10.902179109523164,20.073502612288216,2.135733048382347,,,,False,9.844557618185348,1015,760
6,True,Ridge(linear),0.95,ACI,0.9408866995073891,13.57007425016247,20.969270836133024,2.135733048382347,0.02,0.9421052631578948,380.0,False,9.844557618185348,1015,760
7,True,RandomForest,0.9,split-CP,0.8364532019704434,47.24847222222223,90.93409319976685,12.521545496662615,,,,False,62.702277777777766,1015,760
7,True,RandomForest,0.9,ACI,0.8926108374384236,65.08852865045009,87.34360891473972,12.521545496662615,0.02,0.8947368421052632,380.0,False,62.702277777777766,1015,760
7,True,RandomForest,0.95,split-CP,0.8817733990147784,57.54719047619051,114.86490090205355,12.521545496662615,,,,False,62.702277777777766,1015,760
7,True,RandomForest,0.95,ACI,0.9467980295566503,81.05978184483826,103.00835835116351,12.521545496662615,0.01,0.9473684210526315,380.0,False,62.702277777777766,1015,760
7,True,GradBoost,0.9,split-CP,0.7862068965517242,44.49520161499612,99.6104720556324,13.386155662337003,,,,False,67.25031443069497,1015,760
7,True,GradBoost,0.9,ACI,0.896551724137931,62.83626984850307,87.76657112299021,13.386155662337003,0.02,0.8947368421052632,380.0,False,67.25031443069497,1015,760
7,True,GradBoost,0.95,split-CP,0.8768472906403941,59.435264414919516,120.0310918682142,13.386155662337003,,,,False,67.25031443069497,1015,760
7,True,GradBoost,0.95,ACI,0.948768472906404,83.2610659133005,110.2169740909199,13.386155662337003,0.01,0.9473684210526315,380.0,False,67.25031443069497,1015,760
7,True,Ridge(linear),0.9,split-CP,0.8827586206896552,59.08571673157303,90.62986902866395,14.165486294144767,,,,False,63.52828135134229,1015,760
7,True,Ridge(linear),0.9,ACI,0.8975369458128079,62.75366681529429,91.48608247741794,14.165486294144767,0.002,0.8921052631578947,380.0,False,63.52828135134229,1015,760
7,True,Ridge(linear),0.95,split-CP,0.9201970443349754,70.74931694934844,111.39867156664769,14.165486294144767,,,,False,63.52828135134229,1015,760
7,True,Ridge(linear),0.95,ACI,0.9467980295566503,81.49388478114203,111.08991483602269,14.165486294144767,0.002,0.95,380.0,False,63.52828135134229,1015,760
8,True,RandomForest,0.9,split-CP,0.8660098522167488,56.776428312091134,87.73966343602577,10.61688631766883,,,,False,49.9036388888889,1015,760
8,True,RandomForest,0.9,ACI,0.9280788177339901,45.501161399119034,61.74701146558241,10.61688631766883,0.005,0.9026315789473685,380.0,False,49.9036388888889,1015,760
8,True,RandomForest,0.95,split-CP,0.994088669950739,79.32239804910472,92.84747345244611,10.61688631766883,,,,False,49.9036388888889,1015,760
8,True,RandomForest,0.95,ACI,0.9655172413793104,57.3170780221284,80.44179355891782,10.61688631766883,0.005,0.9473684210526315,380.0,False,49.9036388888889,1015,760
8,True,GradBoost,0.9,split-CP,0.8561576354679803,41.955631822283166,79.12429736041179,9.34412574060351,,,,False,41.50524727654683,1015,760
8,True,GradBoost,0.9,ACI,0.8945812807881773,23.49258705594154,39.35744580699078,9.34412574060351,0.05,0.9078947368421053,380.0,False,41.50524727654683,1015,760
8,True,GradBoost,0.95,split-CP,0.9310344827586207,56.63841571597979,84.82171144377388,9.34412574060351,,,,False,41.50524727654683,1015,760
8,True,GradBoost,0.95,ACI,0.9665024630541872,53.67238027875644,78.49659585594209,9.34412574060351,0.005,0.95,380.0,False,41.50524727654683,1015,760
8,True,Ridge(linear),0.9,split-CP,0.43645320197044335,7.79608961032549,50.233890813463,5.507862942119922,,,,False,42.97045905525492,1015,760
8,True,Ridge(linear),0.9,ACI,0.8423645320197044,26.566029092064053,42.317755342860984,5.507862942119922,0.1,0.8973684210526316,380.0,False,42.97045905525492,1015,760
8,True,Ridge(linear),0.95,split-CP,0.774384236453202,12.697690483904289,44.62841164038017,5.507862942119922,,,,False,42.97045905525492,1015,760
8,True,Ridge(linear),0.95,ACI,0.9024630541871921,23.15537797879383,52.58020960759113,5.507862942119922,0.1,0.9526315789473684,380.0,False,42.97045905525492,1015,760
9,True,RandomForest,0.9,split-CP,0.787192118226601,6.781571428571624,21.11459201325928,2.0902861941014637,,,,False,7.572908730158815,1015,760
9,True,RandomForest,0.9,ACI,0.8778325123152709,9.919810841111078,15.099078924241232,2.0902861941014637,0.02,0.9052631578947369,380.0,False,7.572908730158815,1015,760
9,True,RandomForest,0.95,split-CP,0.8344827586206897,8.36858333333339,31.0434496839138,2.0902861941014637,,,,False,7.572908730158815,1015,760
9,True,RandomForest,0.95,ACI,0.9369458128078818,13.077139238976661,19.661446458485894,2.0902861941014637,0.01,0.95,380.0,False,7.572908730158815,1015,760
9,True,GradBoost,0.9,split-CP,0.819704433497537,8.075408135037378,20.519263333394807,2.122336240744956,,,,False,8.504853775031506,1015,760
9,True,GradBoost,0.9,ACI,0.8827586206896552,10.830848337603607,16.060890958508942,2.122336240744956,0.02,0.9,380.0,False,8.504853775031506,1015,760
9,True,GradBoost,0.95,split-CP,0.8679802955665025,10.399704386181838,27.92486914335544,2.122336240744956,,,,False,8.504853775031506,1015,760
9,True,GradBoost,0.95,ACI,0.9339901477832512,14.192565603874304,20.58324046910993,2.122336240744956,0.01,0.9473684210526315,380.0,False,8.504853775031506,1015,760
9,True,Ridge(linear),0.9,split-CP,0.7980295566502463,6.459141731490036,19.738958409876446,2.104424256029928,,,,False,9.59264200385519,1015,760
9,True,Ridge(linear),0.9,ACI,0.8817733990147784,9.465653802647557,14.718144200642245,2.104424256029928,0.02,0.8921052631578947,380.0,False,9.59264200385519,1015,760
9,True,Ridge(linear),0.95,split-CP,0.8522167487684729,8.234037716256353,28.584747337806476,2.104424256029928,,,,False,9.59264200385519,1015,760
9,True,Ridge(linear),0.95,ACI,0.9261083743842364,11.85652897511351,18.338470154994386,2.104424256029928,0.02,0.9394736842105263,380.0,False,9.59264200385519,1015,760
10,False,RandomForest,0.9,split-CP,0.9793103448275862,4.836472222222221,5.265397047533745,0.5690464278013537,,,,False,6.464941798941798,1015,760
10,False,RandomForest,0.9,ACI,0.8827586206896552,3.046473439414079,4.3993539558142984,0.5690464278013537,0.05,0.9078947368421053,380.0,False,6.464941798941798,1015,760
10,False,RandomForest,0.95,split-CP,0.994088669950739,6.735146825396825,7.175411517829004,0.5690464278013537,,,,False,6.464941798941798,1015,760
10,False,RandomForest,0.95,ACI,0.9339901477832512,3.818257153164296,5.712068849769096,0.5690464278013537,0.05,0.95,380.0,False,6.464941798941798,1015,760
10,False,GradBoost,0.9,split-CP,0.9684729064039409,4.835520460686766,5.342362637925268,0.6383545996807213,,,,False,6.5930095034268685,1015,760
10,False,GradBoost,0.9,ACI,0.8847290640394089,3.179192137330597,4.874307101299536,0.6383545996807213,0.05,0.9105263157894737,380.0,False,6.5930095034268685,1015,760
10,False,GradBoost,0.95,split-CP,0.9921182266009853,7.215961861098093,7.569542308056589,0.6383545996807213,,,,False,6.5930095034268685,1015,760
10,False,GradBoost,0.95,ACI,0.9359605911330049,4.2483161640805935,6.081655498762754,0.6383545996807213,0.05,0.9526315789473684,380.0,False,6.5930095034268685,1015,760
10,False,Ridge(linear),0.9,split-CP,0.9773399014778326,4.637653105576533,4.9749472510226,0.5117912599615906,,,,False,8.63033041119526,1015,760
10,False,Ridge(linear),0.9,ACI,0.8669950738916257,2.759518086029081,4.280020622330839,0.5117912599615906,0.1,0.8947368421052632,380.0,False,8.63033041119526,1015,760
10,False,Ridge(linear),0.95,split-CP,0.9921182266009853,6.107734273143365,6.413368309917377,0.5117912599615906,,,,False,8.63033041119526,1015,760
10,False,Ridge(linear),0.95,ACI,0.9123152709359605,3.345753960607269,5.627037115609828,0.5117912599615906,0.1,0.9473684210526315,380.0,False,8.63033041119526,1015,760
11,True,RandomForest,0.9,split-CP,0.916256157635468,6.831176706544692,11.930219295227673,1.3842364557582536,,,,False,11.631934523809523,1015,760
11,True,RandomForest,0.9,ACI,0.8945812807881773,6.156980171306525,11.45364010141473,1.3842364557582536,0.02,0.9026315789473685,380.0,False,11.631934523809523,1015,760
11,True,RandomForest,0.95,split-CP,0.9448275862068966,9.500773490239006,15.64376600985221,1.3842364557582536,,,,False,11.631934523809523,1015,760
11,True,RandomForest,0.95,ACI,0.9458128078817734,8.966733599838403,16.039866995725482,1.3842364557582536,0.01,0.9473684210526315,380.0,False,11.631934523809523,1015,760
11,True,GradBoost,0.9,split-CP,0.9221674876847291,7.9424705308399295,12.819216868680929,1.4888989265295942,,,,False,11.538635639890394,1015,760
11,True,GradBoost,0.9,ACI,0.8945812807881773,5.849277690625474,12.007413223619718,1.4888989265295942,0.02,0.9026315789473685,380.0,False,11.538635639890394,1015,760
11,True,GradBoost,0.95,split-CP,0.9477832512315271,10.255647422770684,16.59589904759648,1.4888989265295942,,,,False,11.538635639890394,1015,760
11,True,GradBoost,0.95,ACI,0.9448275862068966,9.514028273040127,16.857052455250145,1.4888989265295942,0.01,0.9473684210526315,380.0,False,11.538635639890394,1015,760
11,True,Ridge(linear),0.9,split-CP,0.903448275862069,7.374348074208823,12.586036814038037,1.5847741842439118,,,,False,11.253167072247667,1015,760
11,True,Ridge(linear),0.9,ACI,0.8847290640394089,5.9073700953985515,9.301505116137381,1.5847741842439118,0.05,0.8973684210526316,380.0,False,11.253167072247667,1015,760
11,True,Ridge(linear),0.95,split-CP,0.941871921182266,9.859597182075413,16.09736618242335,1.5847741842439118,,,,False,11.253167072247667,1015,760
11,True,Ridge(linear),0.95,ACI,0.9408866995073891,8.876386980952201,14.639441435500181,1.5847741842439118,0.02,0.95,380.0,False,11.253167072247667,1015,760
12,True,RandomForest,0.9,split-CP,0.8334975369458129,13.802138888888921,32.05158695924581,3.478488632877796,,,,False,30.956888888888898,1015,760
12,True,RandomForest,0.9,ACI,0.8827586206896552,16.244002180833217,25.09502828928051,3.478488632877796,0.02,0.9026315789473685,380.0,False,30.956888888888898,1015,760
12,True,RandomForest,0.95,split-CP,0.8935960591133005,18.229480158730098,42.90874244142106,3.478488632877796,,,,False,30.956888888888898,1015,760
12,True,RandomForest,0.95,ACI,0.9359605911330049,21.342621308631163,31.978881407955303,3.478488632877796,0.02,0.95,380.0,False,30.956888888888898,1015,760
12,True,GradBoost,0.9,split-CP,0.8600985221674877,16.25523911973619,31.930985712301837,3.7651686531387107,,,,False,24.574239932984597,1015,760
12,True,GradBoost,0.9,ACI,0.8857142857142857,16.69646107295644,25.77110981811454,3.7651686531387107,0.02,0.9,380.0,False,24.574239932984597,1015,760
12,True,GradBoost,0.95,split-CP,0.9054187192118227,20.061740596100037,42.86873815534824,3.7651686531387107,,,,False,24.574239932984597,1015,760
12,True,GradBoost,0.95,ACI,0.9339901477832512,21.450078947381407,32.63093405344472,3.7651686531387107,0.02,0.95,380.0,False,24.574239932984597,1015,760
12,True,Ridge(linear),0.9,split-CP,0.8482758620689655,13.221480503731755,26.918004477070873,3.220039522825527,,,,False,29.519028369703193,1015,760
12,True,Ridge(linear),0.9,ACI,0.8876847290640394,16.4180696238302,24.55028531129524,3.220039522825527,0.01,0.9052631578947369,380.0,False,29.519028369703193,1015,760
12,True,Ridge(linear),0.95,split-CP,0.9172413793103448,18.15577722149362,34.20736758821907,3.220039522825527,,,,False,29.519028369703193,1015,760
12,True,Ridge(linear),0.95,ACI,0.9399014778325123,20.03611807823132,30.90498756216254,3.220039522825527,0.02,0.95,380.0,False,29.519028369703193,1015,760
13,True,RandomForest,0.9,split-CP,0.9044334975369458,23.477277777777772,36.013641294483655,3.8699660923686765,,,,False,35.813324735449726,1015,760
13,True,RandomForest,0.9,ACI,0.8689655172413793,17.048547622957223,28.61013127794482,3.8699660923686765,0.1,0.8921052631578947,380.0,False,35.813324735449726,1015,760
13,True,RandomForest,0.95,split-CP,0.9536945812807882,32.87126190476193,45.314231890805765,3.8699660923686765,,,,False,35.813324735449726,1015,760
13,True,RandomForest,0.95,ACI,0.9192118226600985,21.079852415191073,36.5640430904162,3.8699660923686765,0.1,0.9473684210526315,380.0,False,35.813324735449726,1015,760
13,True,GradBoost,0.9,split-CP,0.8866995073891626,23.899003238115256,38.155889054476184,4.07142257708359,,,,False,40.69530349417221,1015,760
13,True,GradBoost,0.9,ACI,0.8935960591133005,22.888958906574995,38.42186306668632,4.07142257708359,0.01,0.9052631578947369,380.0,False,40.69530349417221,1015,760
13,True,GradBoost,0.95,split-CP,0.9379310344827586,30.879486654228455,47.254112341840504,4.07142257708359,,,,False,40.69530349417221,1015,760
13,True,GradBoost,0.95,ACI,0.9428571428571428,32.11294511037674,48.17738147405363,4.07142257708359,0.002,0.95,380.0,False,40.69530349417221,1015,760
13,True,Ridge(linear),0.9,split-CP,0.9044334975369458,30.713599239294126,48.799051754734016,5.721275989059861,,,,False,41.87658219656453,1015,760
13,True,Ridge(linear),0.9,ACI,0.8660098522167488,25.107367803735062,40.12778479484956,5.721275989059861,0.1,0.8947368421052632,380.0,False,41.87658219656453,1015,760
13,True,Ridge(linear),0.95,split-CP,0.9458128078817734,41.18994899610766,61.41998103451062,5.721275989059861,,,,False,41.87658219656453,1015,760
13,True,Ridge(linear),0.95,ACI,0.9201970443349754,29.469129189942368,50.93280763696777,5.721275989059861,0.1,0.9447368421052632,380.0,False,41.87658219656453,1015,760
14,True,RandomForest,0.9,split-CP,0.8817733990147784,22.377975888725402,33.20723929454052,5.254297550214791,,,,False,31.169474867724873,1015,760
14,True,RandomForest,0.9,ACI,0.8985221674876848,24.048351565621022,33.78540995031241,5.254297550214791,0.02,0.881578947368421,380.0,False,31.169474867724873,1015,760
14,True,RandomForest,0.95,split-CP,0.9556650246305419,30.584950768889954,39.50424391854269,5.254297550214791,,,,False,31.169474867724873,1015,760
14,True,RandomForest,0.95,ACI,0.948768472906404,29.06474694155963,40.470980252856975,5.254297550214791,0.01,0.9368421052631579,380.0,False,31.169474867724873,1015,760
14,True,GradBoost,0.9,split-CP,0.8866995073891626,25.143249138639256,36.39109259560337,6.078612083249835,,,,False,34.45168564244602,1015,760
14,True,GradBoost,0.9,ACI,0.8945812807881773,26.606819399501095,36.8793275837146,6.078612083249835,0.01,0.8921052631578947,380.0,False,34.45168564244602,1015,760
14,True,GradBoost,0.95,split-CP,0.9527093596059113,34.14169064588706,43.003791833942536,6.078612083249835,,,,False,34.45168564244602,1015,760
14,True,GradBoost,0.95,ACI,0.9477832512315271,33.297508922717526,43.861751878926526,6.078612083249835,0.01,0.9421052631578948,380.0,False,34.45168564244602,1015,760
14,True,Ridge(linear),0.9,split-CP,0.903448275862069,21.654143112636774,29.482308211331816,4.619901769071899,,,,False,31.641156949391643,1015,760
14,True,Ridge(linear),0.9,ACI,0.8975369458128079,21.588121757154003,29.669450524045615,4.619901769071899,0.01,0.8789473684210526,380.0,False,31.641156949391643,1015,760
14,True,Ridge(linear),0.95,split-CP,0.9665024630541872,29.490823709074476,35.34798097808083,4.619901769071899,,,,False,31.641156949391643,1015,760
14,True,Ridge(linear),0.95,ACI,0.9477832512315271,25.85724356870171,35.7748296045729,4.619901769071899,0.01,0.9368421052631579,380.0,False,31.641156949391643,1015,760
15,True,RandomForest,0.9,split-CP,0.8817733990147784,10.97495173686922,18.751106085257565,2.430262626813982,,,,False,18.846329365079367,1015,760
15,True,RandomForest,0.9,ACI,0.8857142857142857,10.630631783537572,18.932148749512667,2.430262626813982,0.002,0.8973684210526316,380.0,False,18.846329365079367,1015,760
15,True,RandomForest,0.95,split-CP,0.9310344827586207,14.343157575871501,23.695327786248583,2.430262626813982,,,,False,18.846329365079367,1015,760
15,True,RandomForest,0.95,ACI,0.9438423645320198,14.957002789511163,21.132539398496043,2.430262626813982,0.01,0.95,380.0,False,18.846329365079367,1015,760
15,True,GradBoost,0.9,split-CP,0.8886699507389163,11.70509546073316,20.216063598672392,2.672362830149322,,,,False,23.538900677793308,1015,760
15,True,GradBoost,0.9,ACI,0.8906403940886699,11.609808292189314,15.96603165295503,2.672362830149322,0.02,0.8973684210526316,380.0,False,23.538900677793308,1015,760
15,True,GradBoost,0.95,split-CP,0.929064039408867,15.340293508024379,25.414160742578535,2.672362830149322,,,,False,23.538900677793308,1015,760
15,True,GradBoost,0.95,ACI,0.9408866995073891,14.77789800258575,20.10750859919824,2.672362830149322,0.02,0.9473684210526315,380.0,False,23.538900677793308,1015,760
15,True,Ridge(linear),0.9,split-CP,0.8827586206896552,10.319672416096344,17.495393466156017,2.2972740132947025,,,,False,16.540765221247835,1015,760
15,True,Ridge(linear),0.9,ACI,0.8935960591133005,10.221565247596839,15.549662381934851,2.2972740132947025,0.02,0.9,380.0,False,16.540765221247835,1015,760
15,True,Ridge(linear),0.95,split-CP,0.9320197044334976,14.047049041119015,21.225840163149275,2.2972740132947025,,,,False,16.540765221247835,1015,760
15,True,Ridge(linear),0.95,ACI,0.941871921182266,13.596895734956668,18.746268179672906,2.2972740132947025,0.02,0.9447368421052632,380.0,False,16.540765221247835,1015,760
16,True,RandomForest,0.9,split-CP,0.8886699507389163,6.422817995341643,9.533438131727788,1.4922334968853441,,,,False,11.72098611111111,1015,760
16,True,RandomForest,0.9,ACI,0.9014778325123153,6.434593017199914,9.243300034594123,1.4922334968853441,0.02,0.881578947368421,380.0,False,11.72098611111111,1015,760
16,True,RandomForest,0.95,split-CP,0.9458128078817734,8.298470517336161,11.137844889725303,1.4922334968853441,,,,False,11.72098611111111,1015,760
16,True,RandomForest,0.95,ACI,0.948768472906404,8.455201138170349,10.971804372010036,1.4922334968853441,0.02,0.9394736842105263,380.0,False,11.72098611111111,1015,760
16,True,GradBoost,0.9,split-CP,0.8886699507389163,6.4413447157846475,9.605475098666684,1.4974203631364364,,,,False,12.23898032274338,1015,760
16,True,GradBoost,0.9,ACI,0.9004926108374385,6.867859745550626,9.439181644231232,1.4974203631364364,0.02,0.8842105263157894,380.0,False,12.23898032274338,1015,760
16,True,GradBoost,0.95,split-CP,0.9586206896551724,8.809170676430888,11.184396826689378,1.4974203631364364,,,,False,12.23898032274338,1015,760
16,True,GradBoost,0.95,ACI,0.9497536945812808,8.556762801485359,11.321226031499885,1.4974203631364364,0.02,0.9394736842105263,380.0,False,12.23898032274338,1015,760
16,True,Ridge(linear),0.9,split-CP,0.9261083743842364,6.487846985520592,8.782123770449061,1.384164051113464,,,,False,12.147019182249917,1015,760
16,True,Ridge(linear),0.9,ACI,0.8985221674876848,5.894383212753205,8.968059240901102,1.384164051113464,0.02,0.8842105263157894,380.0,False,12.147019182249917,1015,760
16,True,Ridge(linear),0.95,split-CP,0.9596059113300492,8.123809509775544,10.666068520287865,1.384164051113464,,,,False,12.147019182249917,1015,760
16,True,Ridge(linear),0.95,ACI,0.948768472906404,8.161158375758358,11.25856324228322,1.384164051113464,0.02,0.9394736842105263,380.0,False,12.147019182249917,1015,760
17,True,RandomForest,0.9,split-CP,0.9142857142857143,9.65477737650964,13.23077037001495,2.0148879693605064,,,,False,11.793408730158724,1015,760
17,True,RandomForest,0.9,ACI,0.8896551724137931,8.717822646533362,13.35727011796359,2.0148879693605064,0.002,0.8973684210526316,380.0,False,11.793408730158724,1015,760
17,True,RandomForest,0.95,split-CP,0.9576354679802955,12.827836470913683,15.883776888460014,2.0148879693605064,,,,False,11.793408730158724,1015,760
17,True,RandomForest,0.95,ACI,0.9448275862068966,11.14821334569007,15.477272406862426,2.0148879693605064,0.02,0.9473684210526315,380.0,False,11.793408730158724,1015,760
17,True,GradBoost,0.9,split-CP,0.9241379310344827,10.61620555789934,14.106700582507054,2.130752269895243,,,,False,14.281400307642961,1015,760
17,True,GradBoost,0.9,ACI,0.8886699507389163,9.10114212437065,14.15693888371837,2.130752269895243,0.002,0.9,380.0,False,14.281400307642961,1015,760
17,True,GradBoost,0.95,split-CP,0.9517241379310345,13.019098862961087,16.828147259141662,2.130752269895243,,,,False,14.281400307642961,1015,760
17,True,GradBoost,0.95,ACI,0.9448275862068966,11.841465924960676,15.735884821448467,2.130752269895243,0.02,0.95,380.0,False,14.281400307642961,1015,760
17,True,Ridge(linear),0.9,split-CP,0.9083743842364532,9.320274175433589,13.384225580229161,1.8855656888189718,,,,False,13.152983207337591,1015,760
17,True,Ridge(linear),0.9,ACI,0.8955665024630541,8.79131719055533,13.02803862698298,1.8855656888189718,0.02,0.9,380.0,False,13.152983207337591,1015,760
17,True,Ridge(linear),0.95,split-CP,0.9408866995073891,11.59818065594868,16.067930354466853,1.8855656888189718,,,,False,13.152983207337591,1015,760
17,True,Ridge(linear),0.95,ACI,0.9448275862068966,11.226937718830774,15.727213192459475,1.8855656888189718,0.02,0.95,380.0,False,13.152983207337591,1015,760
18,True,RandomForest,0.9,split-CP,0.9497536945812808,11.278210317460308,13.137564345661632,1.6365514505837166,,,,False,14.4773253968254,1015,760
18,True,RandomForest,0.9,ACI,0.8935960591133005,8.20114427088146,12.532967304170016,1.6365514505837166,0.005,0.9026315789473685,380.0,False,14.4773253968254,1015,760
18,True,RandomForest,0.95,split-CP,0.9842364532019704,14.925317460317459,16.261302734120463,1.6365514505837166,,,,False,14.4773253968254,1015,760
18,True,RandomForest,0.95,ACI,0.9438423645320198,10.235443406620746,14.119840070894252,1.6365514505837166,0.02,0.95,380.0,False,14.4773253968254,1015,760
18,True,GradBoost,0.9,split-CP,0.9438423645320198,11.861397863072582,13.720214465491688,1.7787540707271325,,,,False,14.649585102773415,1015,760
18,True,GradBoost,0.9,ACI,0.8935960591133005,8.980801053978794,12.827399575454152,1.7787540707271325,0.005,0.8973684210526316,380.0,False,14.649585102773415,1015,760
18,True,GradBoost,0.95,split-CP,0.9822660098522168,15.537937082893507,16.821411110224517,1.7787540707271325,,,,False,14.649585102773415,1015,760
18,True,GradBoost,0.95,ACI,0.9477832512315271,11.09700862644651,14.93325827585375,1.7787540707271325,0.01,0.9473684210526315,380.0,False,14.649585102773415,1015,760
18,True,Ridge(linear),0.9,split-CP,0.9339901477832512,10.514642354940635,13.247507446267598,1.786569152478933,,,,False,16.50054230560955,1015,760
18,True,Ridge(linear),0.9,ACI,0.8945812807881773,7.86534641553148,11.713085905967253,1.786569152478933,0.02,0.9,380.0,False,16.50054230560955,1015,760
18,True,Ridge(linear),0.95,split-CP,0.9743842364532019,14.679033121346322,16.34343463944671,1.786569152478933,,,,False,16.50054230560955,1015,760
18,True,Ridge(linear),0.95,ACI,0.941871921182266,10.144441750386363,14.20418653486382,1.786569152478933,0.02,0.95,380.0,False,16.50054230560955,1015,760
19,True,RandomForest,0.9,split-CP,0.9251231527093596,12.274668114110852,15.77329140306419,2.3691490545852614,,,,False,16.064385582010583,1015,760
19,True,RandomForest,0.9,ACI,0.8886699507389163,10.974649743150483,15.454308641540909,2.3691490545852614,0.05,0.9026315789473685,380.0,False,16.064385582010583,1015,760
19,True,RandomForest,0.95,split-CP,0.9645320197044335,16.002584025571217,18.85795690756971,2.3691490545852614,,,,False,16.064385582010583,1015,760
19,True,RandomForest,0.95,ACI,0.9477832512315271,14.088618274523323,19.249536030549454,2.3691490545852614,0.02,0.95,380.0,False,16.064385582010583,1015,760
19,True,GradBoost,0.9,split-CP,0.9172413793103448,12.896841541138551,16.46846103149884,2.5144272385211597,,,,False,16.44064491128972,1015,760
19,True,GradBoost,0.9,ACI,0.8935960591133005,11.585822132588284,16.662262345306587,2.5144272385211597,0.005,0.9,380.0,False,16.44064491128972,1015,760
19,True,GradBoost,0.95,split-CP,0.9704433497536946,17.11003718794575,19.73770305959025,2.5144272385211597,,,,False,16.44064491128972,1015,760
19,True,GradBoost,0.95,ACI,0.9477832512315271,14.623723943872426,19.69525726488024,2.5144272385211597,0.02,0.95,380.0,False,16.44064491128972,1015,760
19,True,Ridge(linear),0.9,split-CP,0.9142857142857143,12.095803006016158,16.41036136928469,2.474182529368731,,,,False,13.71071553456264,1015,760
19,True,Ridge(linear),0.9,ACI,0.8837438423645321,11.000590979401654,15.397960530691988,2.474182529368731,0.05,0.9026315789473685,380.0,False,13.71071553456264,1015,760
19,True,Ridge(linear),0.95,split-CP,0.9566502463054187,15.334024297868455,19.577651315118704,2.474182529368731,,,,False,13.71071553456264,1015,760
19,True,Ridge(linear),0.95,ACI,0.9428571428571428,14.850953019814376,19.474271910985443,2.474182529368731,0.02,0.9552631578947368,380.0,False,13.71071553456264,1015,760
20,True,RandomForest,0.9,split-CP,0.9438423645320198,10.962037711030073,12.758789982750327,1.5059723984827431,,,,False,12.761498015873016,1015,760
20,True,RandomForest,0.9,ACI,0.8916256157635468,7.279670863851528,11.533431114730005,1.5059723984827431,0.01,0.9026315789473685,380.0,False,12.761498015873016,1015,760
20,True,RandomForest,0.95,split-CP,0.9783251231527094,14.130776147306442,15.091686721497801,1.5059723984827431,,,,False,12.761498015873016,1015,760
20,True,RandomForest,0.95,ACI,0.9448275862068966,10.046794344626365,12.951715671429463,1.5059723984827431,0.02,0.9526315789473684,380.0,False,12.761498015873016,1015,760
20,True,GradBoost,0.9,split-CP,0.941871921182266,11.554567945371135,13.823676889813608,1.7054322811014304,,,,False,14.67530724127306,1015,760
20,True,GradBoost,0.9,ACI,0.8906403940886699,8.031257220832043,12.296083797172267,1.7054322811014304,0.01,0.9026315789473685,380.0,False,14.67530724127306,1015,760
20,True,GradBoost,0.95,split-CP,0.9684729064039409,14.523559504484133,16.41625302326973,1.7054322811014304,,,,False,14.67530724127306,1015,760
20,True,GradBoost,0.95,ACI,0.9408866995073891,10.98142855567382,15.924866068385144,1.7054322811014304,0.005,0.95,380.0,False,14.67530724127306,1015,760
20,True,Ridge(linear),0.9,split-CP,0.948768472906404,11.774140004113892,13.882827095214319,1.6337406806892594,,,,False,14.464697852552582,1015,760
20,True,Ridge(linear),0.9,ACI,0.8926108374384236,7.12084528829093,10.673494134105608,1.6337406806892594,0.02,0.9026315789473685,380.0,False,14.464697852552582,1015,760
20,True,Ridge(linear),0.95,split-CP,0.9793103448275862,16.039387248823697,17.249573806358548,1.6337406806892594,,,,False,14.464697852552582,1015,760
20,True,Ridge(linear),0.95,ACI,0.9399014778325123,10.938918907542082,16.458214647298213,1.6337406806892594,0.002,0.95,380.0,False,14.464697852552582,1015,760
21,True,RandomForest,0.9,split-CP,0.916256157635468,9.505537966220967,14.97662806377166,1.9432646138253278,,,,False,16.14331746031746,1015,760
21,True,RandomForest,0.9,ACI,0.8975369458128079,9.108068288799323,14.983040284145703,1.9432646138253278,0.01,0.9,380.0,False,16.14331746031746,1015,760
21,True,RandomForest,0.95,split-CP,0.9576354679802955,12.130989381499726,19.79720422285249,1.9432646138253278,,,,False,16.14331746031746,1015,760
21,True,RandomForest,0.95,ACI,0.9458128078817734,12.319385244066279,18.52026377841279,1.9432646138253278,0.01,0.95,380.0,False,16.14331746031746,1015,760
21,True,GradBoost,0.9,split-CP,0.9054187192118227,9.820352605472648,15.383968751889663,2.1434203231825966,,,,False,12.621973661331015,1015,760
21,True,GradBoost,0.9,ACI,0.9014778325123153,9.918263690856527,15.53843797439264,2.1434203231825966,0.002,0.9026315789473685,380.0,False,12.621973661331015,1015,760
21,True,GradBoost,0.95,split-CP,0.954679802955665,12.816765929989817,19.869967739012314,2.1434203231825966,,,,False,12.621973661331015,1015,760
21,True,GradBoost,0.95,ACI,0.948768472906404,12.88554521237703,18.68388382236977,2.1434203231825966,0.01,0.9473684210526315,380.0,False,12.621973661331015,1015,760
21,True,Ridge(linear),0.9,split-CP,0.903448275862069,8.843180685825567,14.42163591440055,1.833095495266217,,,,False,18.081422124784496,1015,760
21,True,Ridge(linear),0.9,ACI,0.8995073891625616,8.909434425317043,14.707003524426101,1.833095495266217,0.002,0.9026315789473685,380.0,False,18.081422124784496,1015,760
21,True,Ridge(linear),0.95,split-CP,0.948768472906404,11.223559172515607,19.16477419300311,1.833095495266217,,,,False,18.081422124784496,1015,760
21,True,Ridge(linear),0.95,ACI,0.9566502463054187,12.549452956744135,19.410432113904115,1.833095495266217,0.002,0.95,380.0,False,18.081422124784496,1015,760
22,True,RandomForest,0.9,split-CP,0.9280788177339901,15.664133283041528,24.674141746754433,2.8147943564326563,,,,False,21.596675925925922,1015,760
22,True,RandomForest,0.9,ACI,0.8975369458128079,12.49259126332981,22.821289867134332,2.8147943564326563,0.01,0.9078947368421053,380.0,False,21.596675925925922,1015,760
22,True,RandomForest,0.95,split-CP,0.9684729064039409,23.100477677964246,34.005776476410816,2.8147943564326563,,,,False,21.596675925925922,1015,760
22,True,RandomForest,0.95,ACI,0.9507389162561576,21.619989946734524,35.01032434158614,2.8147943564326563,0.005,0.95,380.0,False,21.596675925925922,1015,760
22,True,GradBoost,0.9,split-CP,0.9458128078817734,17.825579758805805,24.857179765081952,2.9514079952917194,,,,False,21.505609168057727,1015,760
22,True,GradBoost,0.9,ACI,0.8876847290640394,13.073159370674231,21.218382648006312,2.9514079952917194,0.05,0.8973684210526316,380.0,False,21.505609168057727,1015,760
22,True,GradBoost,0.95,split-CP,0.9793103448275862,24.379520494919447,33.986529084532656,2.9514079952917194,,,,False,21.505609168057727,1015,760
22,True,GradBoost,0.95,ACI,0.9458128078817734,16.97171743487395,30.884955569967612,2.9514079952917194,0.02,0.95,380.0,False,21.505609168057727,1015,760
22,True,Ridge(linear),0.9,split-CP,0.9054187192118227,13.167661219107611,22.657758978379317,2.9343779073025695,,,,False,24.918118417732813,1015,760
22,True,Ridge(linear),0.9,ACI,0.8975369458128079,12.560886663361904,21.25798404197995,2.9343779073025695,0.01,0.9,380.0,False,24.918118417732813,1015,760
22,True,Ridge(linear),0.95,split-CP,0.9497536945812808,17.73657990312592,30.717347940551836,2.9343779073025695,,,,False,24.918118417732813,1015,760
22,True,Ridge(linear),0.95,ACI,0.9467980295566503,15.47862106282994,26.62605269952035,2.9343779073025695,0.02,0.95,380.0,False,24.918118417732813,1015,760
23,True,RandomForest,0.9,split-CP,0.9241379310344827,8.766785714285703,12.193985311714371,1.4424810838449997,,,,False,17.54995238095239,1015,760
23,True,RandomForest,0.9,ACI,0.896551724137931,7.175144210323521,11.13263995076261,1.4424810838449997,0.02,0.9,380.0,False,17.54995238095239,1015,760
23,True,RandomForest,0.95,split-CP,0.9684729064039409,12.276071428571441,15.588350001303203,1.4424810838449997,,,,False,17.54995238095239,1015,760
23,True,RandomForest,0.95,ACI,0.9458128078817734,9.723002350204073,14.973130348460144,1.4424810838449997,0.02,0.9447368421052632,380.0,False,17.54995238095239,1015,760
23,True,GradBoost,0.9,split-CP,0.9320197044334976,10.015195610653251,12.126341975202399,1.543970427036762,,,,False,16.282355166310907,1015,760
23,True,GradBoost,0.9,ACI,0.896551724137931,7.333453900489596,10.839978392244301,1.543970427036762,0.02,0.9,380.0,False,16.282355166310907,1015,760
23,True,GradBoost,0.95,split-CP,0.9793103448275862,13.900615348586458,15.110900001287265,1.543970427036762,,,,False,16.282355166310907,1015,760
23,True,GradBoost,0.95,ACI,0.9467980295566503,10.101352049936226,14.171169722340803,1.543970427036762,0.01,0.9421052631578948,380.0,False,16.282355166310907,1015,760
23,True,Ridge(linear),0.9,split-CP,0.9300492610837439,9.439425055019285,13.055023859036035,1.629697649888676,,,,False,17.965578360053314,1015,760
23,True,Ridge(linear),0.9,ACI,0.8945812807881773,7.5882150435853,11.555253705588667,1.629697649888676,0.02,0.8973684210526316,380.0,False,17.965578360053314,1015,760
23,True,Ridge(linear),0.95,split-CP,0.9733990147783251,13.830063724231081,17.050791131403667,1.629697649888676,,,,False,17.965578360053314,1015,760
23,True,Ridge(linear),0.95,ACI,0.9428571428571428,9.51793607709643,15.123641329106999,1.629697649888676,0.02,0.9447368421052632,380.0,False,17.965578360053314,1015,760
24,True,RandomForest,0.9,split-CP,0.9024630541871921,7.002718253968254,11.77019856256679,1.4143627407668047,,,,False,13.71438492063492,1015,760
24,True,RandomForest,0.9,ACI,0.8955665024630541,6.527751440750456,10.94894676485711,1.4143627407668047,0.02,0.9,380.0,False,13.71438492063492,1015,760
24,True,RandomForest,0.95,split-CP,0.9497536945812808,9.828833333333336,15.443676062762265,1.4143627407668047,,,,False,13.71438492063492,1015,760
24,True,RandomForest,0.95,ACI,0.9428571428571428,8.210310811374358,14.833026817316963,1.4143627407668047,0.02,0.9447368421052632,380.0,False,13.71438492063492,1015,760
24,True,GradBoost,0.9,split-CP,0.9024630541871921,6.579799315700299,10.919133411781232,1.4304122874554415,,,,False,13.995912938060663,1015,760
24,True,GradBoost,0.9,ACI,0.8896551724137931,6.396081383770881,10.751853738368277,1.4304122874554415,0.005,0.9,380.0,False,13.995912938060663,1015,760
24,True,GradBoost,0.95,split-CP,0.9428571428571428,8.295398559120997,14.340298051623938,1.4304122874554415,,,,False,13.995912938060663,1015,760
24,True,GradBoost,0.95,ACI,0.9458128078817734,8.686632008785912,14.234938524560475,1.4304122874554415,0.01,0.9473684210526315,380.0,False,13.995912938060663,1015,760
24,True,Ridge(linear),0.9,split-CP,0.9339901477832512,7.348439521237793,12.061958885409314,1.3329161078489418,,,,False,12.678714963720587,1015,760
24,True,Ridge(linear),0.9,ACI,0.8788177339901477,5.040729272001564,11.907038795663532,1.3329161078489418,0.002,0.9,380.0,False,12.678714963720587,1015,760
24,True,Ridge(linear),0.95,split-CP,0.9517241379310345,9.401388759719055,16.561745009676603,1.3329161078489418,,,,False,12.678714963720587,1015,760
24,True,Ridge(linear),0.95,ACI,0.9389162561576355,7.760433269091066,16.511693425543523,1.3329161078489418,0.002,0.9473684210526315,380.0,False,12.678714963720587,1015,760
