facility_id,dynamic,method,commit_target,commit_rate,MAE_cars,MAE_pct,committed_PICP,committed_MPIW,gamma,n_cal_b,n_test,degenerate,abst_lift_night,abst_lift_am_rush,abst_lift_midday,abst_lift_pm_rush,abst_lift_evening
1,False,commit-all,1.0,1.0,0.0,0.0,1.0,0.0,0.002,380,1015,True,,,,,
1,False,width-ACQR,0.1,1.0,0.0,0.0,1.0,0.0,0.002,380,1015,True,,,,,
1,False,random,0.1,1.0,0.0,0.0,1.0,0.0,0.002,380,1015,True,,,,,
1,False,width-ACQR,0.2,1.0,0.0,0.0,1.0,0.0,0.002,380,1015,True,,,,,
1,False,random,0.2,1.0,0.0,0.0,1.0,0.0,0.002,380,1015,True,,,,,
1,False,width-ACQR,0.3,1.0,0.0,0.0,1.0,0.0,0.002,380,1015,True,,,,,
1,False,random,0.3,1.0,0.0,0.0,1.0,0.0,0.002,380,1015,True,,,,,
1,False,width-ACQR,0.4,1.0,0.0,0.0,1.0,0.0,0.002,380,1015,True,,,,,
1,False,random,0.4,1.0,0.0,0.0,1.0,0.0,0.002,380,1015,True,,,,,
1,False,width-ACQR,0.5,1.0,0.0,0.0,1.0,0.0,0.002,380,1015,True,,,,,
1,False,random,0.5,1.0,0.0,0.0,1.0,0.0,0.002,380,1015,True,,,,,
1,False,width-ACQR,0.6,1.0,0.0,0.0,1.0,0.0,0.002,380,1015,True,,,,,
1,False,random,0.6,1.0,0.0,0.0,1.0,0.0,0.002,380,1015,True,,,,,
1,False,width-ACQR,0.7,1.0,0.0,0.0,1.0,0.0,0.002,380,1015,True,,,,,
1,False,random,0.7,1.0,0.0,0.0,1.0,0.0,0.002,380,1015,True,,,,,
1,False,width-ACQR,0.8,1.0,0.0,0.0,1.0,0.0,0.002,380,1015,True,,,,,
1,False,random,0.8,1.0,0.0,0.0,1.0,0.0,0.002,380,1015,True,,,,,
1,False,width-ACQR,0.9,1.0,0.0,0.0,1.0,0.0,0.002,380,1015,True,,,,,
1,False,random,0.9,1.0,0.0,0.0,1.0,0.0,0.002,380,1015,True,,,,,
1,False,width-ACQR,1.0,1.0,0.0,0.0,1.0,0.0,0.002,380,1015,True,,,,,
1,False,random,1.0,1.0,0.0,0.0,1.0,0.0,0.002,380,1015,True,,,,,
2,True,commit-all,1.0,1.0,3.7677711419379283,1.154549584154012,0.8926108374384236,15.112155306606281,0.005,380,1015,False,,,,,
2,True,width-ACQR,0.1,0.2857142857142857,1.3056976347731675,0.4001019712898137,0.9379310344827586,6.482371563102134,0.005,380,1015,False,0.5599999999999999,0.896875,1.3552,1.2198830409356725,1.1606837606837606
2,True,random,0.1,0.2857142857142857,3.6789416897542075,1.127329776151928,0.8937931034482759,15.053872352023879,0.005,380,1015,False,,,,,
2,True,width-ACQR,0.2,0.44532019704433495,1.7131498954951045,0.524956645434689,0.9203539823008849,7.738044328464957,0.005,380,1015,False,0.30363653360755355,1.0140985790408525,1.5937122557726464,1.2229804825859794,1.078623369919995
2,True,random,0.2,0.44532019704433495,3.7930636514325555,1.1622999105987901,0.8926991150442479,15.0725957078225,0.005,380,1015,False,,,,,
2,True,width-ACQR,0.3,0.5517241379310345,2.061728754770268,0.6317708764110485,0.9142857142857143,8.6915721233883,0.005,380,1015,False,0.21133603238866397,1.0224358974358974,1.7846153846153845,1.174089068825911,0.9533201840894148
2,True,random,0.3,0.5517241379310345,3.7806929788076102,1.1585091933824865,0.8908928571428569,15.122974599405126,0.005,380,1015,False,,,,,
2,True,width-ACQR,0.4,0.6295566502463055,2.3399427816516805,0.7170233710401502,0.9092331768388107,9.492789664402485,0.005,380,1015,False,0.11366181410974244,1.1950770168439715,1.9760106382978724,1.1366181410974243,0.5537370430987452
2,True,random,0.4,0.6295566502463055,3.754614424953561,1.1505180011435534,0.894600938967136,15.104159454298733,0.005,380,1015,False,,,,,
2,True,width-ACQR,0.5,0.69064039408867,2.6334257314363962,0.8069546871593019,0.8958630527817404,10.174545636705908,0.005,380,1015,False,0.022684098781986815,1.2963608014861996,2.13343949044586,1.0396878608410622,0.41442103544014375
2,True,random,0.5,0.69064039408867,3.748126451302775,1.148529906060723,0.896718972895863,15.123265566951137,0.005,380,1015,False,,,,,
2,True,width-ACQR,0.6,0.7546798029556651,2.851118641031689,0.8736618327841946,0.8929503916449086,10.969718434168078,0.005,380,1015,False,0.0,1.5286144578313252,2.250120481927711,0.7151412668216727,0.3135619400679641
2,True,random,0.6,0.7546798029556651,3.795447695991073,1.1630304479775082,0.8917101827676241,15.171539336043082,0.005,380,1015,False,,,,,
2,True,width-ACQR,0.7,0.7911330049261084,2.9526034776520578,0.9047596015987089,0.8941469489414695,11.48593493113725,0.005,380,1015,False,0.0,1.7704648191823897,2.202358490566038,0.615966015668101,0.16368327689082404
2,True,random,0.7,0.7911330049261084,3.774234553644019,1.1565301527757157,0.8919676214196762,15.096897338593005,0.005,380,1015,False,,,,,
2,True,width-ACQR,0.8,0.8600985221674877,3.147932628357898,0.9646138711986909,0.8957617411225659,12.570383862032527,0.005,380,1015,False,0.0,2.1220290492957745,2.0585915492957745,0.5016061279960464,0.061093054050800524
2,True,random,0.8,0.8600985221674877,3.741278987906744,1.1464316533488208,0.8946162657502864,15.084914386871557,0.005,380,1015,False,,,,,
2,True,width-ACQR,0.9,0.9172413793103448,3.3870195675287293,1.0378767408894334,0.8925886143931256,13.529088173978652,0.005,380,1015,False,0.0,2.2026909722222223,1.9816666666666667,0.5653021442495126,0.0
2,True,random,0.9,0.9172413793103448,3.757737813411931,1.1514750940002887,0.8932330827067669,15.119068974169204,0.005,380,1015,False,,,,,
2,True,width-ACQR,1.0,1.0,3.7677711419379283,1.154549584154012,0.8926108374384236,15.112155306606281,0.005,380,1015,False,,,,,
2,True,random,1.0,1.0,3.7677711419379287,1.154549584154012,0.8926108374384235,15.11215530660628,0.005,380,1015,False,,,,,
3,True,commit-all,1.0,1.0,3.8280938156896775,2.739220094062301,0.8985221674876848,15.593075678827482,0.02,380,1015,False,,,,,
3,True,width-ACQR,0.1,0.15862068965517243,1.3195609335040626,0.9442213274866483,0.9316770186335404,4.022123426994958,0.02,380,1015,False,0.6714121368996261,1.0028176229508194,1.1695081967213115,1.1885245901639345,1.1580496006725516
3,True,random,0.1,0.15862068965517243,3.9213928879566637,2.805980917024278,0.8996894409937889,15.633697048139917,0.02,380,1015,False,,,,,
3,True,width-ACQR,0.2,0.2561576354679803,1.357701535680826,0.9715131100061956,0.9307692307692308,4.954487370685416,0.02,380,1015,False,0.5518996165911467,0.9592646247240617,1.1722913907284769,1.3443708609271523,1.2869191147336843
3,True,random,0.2,0.2561576354679803,3.899215086226112,2.790111431304396,0.8923076923076924,15.555843817645307,0.02,380,1015,False,,,,,
3,True,width-ACQR,0.3,0.3960591133004926,1.7512288376900562,1.2531044045579984,0.9203980099502488,6.231106611424597,0.02,380,1015,False,0.412495349303111,0.7761521207177813,1.1656769983686786,1.6557911908646004,1.4859664533400259
3,True,random,0.3,0.3960591133004926,3.8713823372591833,2.7701955073709943,0.9003731343283581,15.694310318564627,0.02,380,1015,False,,,,,
3,True,width-ACQR,0.4,0.5408866995073892,2.1977264509387227,1.5725989867306813,0.9052823315118397,7.807918898489898,0.02,380,1015,False,0.25984489119795195,0.714692864806867,1.2284549356223176,1.9870491679843385,1.3403763618355893
3,True,random,0.4,0.5408866995073892,3.771150646371088,2.6984739992362603,0.8998178506375227,15.526156325728536,0.02,380,1015,False,,,,,
3,True,width-ACQR,0.5,0.587192118226601,2.3802586719139844,1.7032112317754589,0.9043624161073825,8.4487927746238,0.02,380,1015,False,0.21249424276682158,0.7443938941925219,1.211217183770883,1.96911331630588,1.470024274320217
3,True,random,0.5,0.587192118226601,3.8234584661815645,2.7359032363448685,0.8980704697986577,15.49247839251321,0.02,380,1015,False,,,,,
3,True,width-ACQR,0.6,0.6285714285714286,2.5073376021130778,1.7941434753131171,0.8981191222570533,9.050873537750775,0.02,380,1015,False,0.12280701754385966,0.7572115384615384,1.1953846153846153,2.015294646873594,1.6337935568704798
3,True,random,0.6,0.6285714285714286,3.824856645164794,2.736903713383927,0.897962382445141,15.510026675853918,0.02,380,1015,False,,,,,
3,True,width-ACQR,0.7,0.7103448275862069,2.8323391360322248,2.0267006630872646,0.8932038834951457,10.226791710284859,0.02,380,1015,False,0.03634085213032581,0.7012648809523809,1.2152380952380952,2.0593149540517963,1.8294668294668295
3,True,random,0.7,0.7103448275862069,3.8323950543655405,2.742297876367947,0.8991678224687935,15.601836145345075,0.02,380,1015,False,,,,,
3,True,width-ACQR,0.8,0.8098522167487685,3.0884359366263925,2.209952572781183,0.8929440389294404,11.67158206555741,0.02,380,1015,False,0.0,0.8491202504317789,1.114922279792746,1.9990606914522921,1.977768920774102
3,True,random,0.8,0.8098522167487685,3.842894945765368,2.7498111492637154,0.8974452554744525,15.65473109447355,0.02,380,1015,False,,,,,
3,True,width-ACQR,0.9,0.8955665024630541,3.3663067861665916,2.4087850599827916,0.8954895489548955,13.048758135265187,0.02,380,1015,False,0.0,1.3465507075471697,0.8426415094339623,2.0158887785501487,1.7186744073536526
3,True,random,0.9,0.8955665024630541,3.8424028337238796,2.749459014948968,0.8971397139713971,15.639104694262022,0.02,380,1015,False,,,,,
3,True,width-ACQR,1.0,0.994088669950739,3.759719098897127,2.6902940731282423,0.8979187314172448,15.362684841377954,0.02,380,1015,False,0.0,0.0,0.0,5.935672514619883,0.0
3,True,random,1.0,0.994088669950739,3.8329312159515583,2.742681530651461,0.8984142715559962,15.592906439095533,0.02,380,1015,False,,,,,
4,True,commit-all,1.0,1.0,4.752335815405828,1.9830515463879979,0.9004926108374385,16.76280075142538,0.002,380,1015,False,,,,,
4,True,width-ACQR,0.1,0.1793103448275862,1.8460157812724574,0.7703042444605492,0.9395604395604396,5.507082536753759,0.002,380,1015,False,0.8251511130768097,1.1613707983193275,0.8236974789915966,1.2184873949579833,1.218487394957983
4,True,random,0.1,0.1793103448275862,4.6901237431596465,1.957091734021233,0.9016483516483517,16.985392095695573,0.002,380,1015,False,,,,,
4,True,width-ACQR,0.2,0.2738916256157635,2.0753631953853113,0.8660061817567766,0.9388489208633094,6.5687400797949325,0.002,380,1015,False,0.594372634435478,1.1763625056535503,0.8979375848032564,1.369151054932673,1.377204884667571
4,True,random,0.2,0.2738916256157635,4.728830409071585,1.9732432259766977,0.9005395683453239,16.886788111047906,0.002,380,1015,False,,,,,
4,True,width-ACQR,0.3,0.43349753694581283,2.26724990486531,0.9460765409961353,0.9340909090909091,8.471842381491836,0.002,380,1015,False,0.45833714721586577,0.9377717391304347,1.1014956521739132,1.6826341215357234,1.2069862504645112
4,True,random,0.3,0.43349753694581283,4.735267896907329,1.9759294566437609,0.9024999999999999,16.705904380176992,0.002,380,1015,False,,,,,
4,True,width-ACQR,0.4,0.6029556650246305,2.7222801054347276,1.135951242183549,0.9215686274509803,10.281415566632583,0.002,380,1015,False,0.25627965695877414,1.0494210090984284,1.14848635235732,2.0620202284039295,0.8610633920807618
4,True,random,0.4,0.6029556650246305,4.750949222857629,1.9824729499664229,0.9006535947712418,16.865699308285137,0.002,380,1015,False,,,,,
4,True,width-ACQR,0.5,0.7458128078817734,3.2815653915371006,1.369329436519475,0.9062087186261559,12.045973275539644,0.002,380,1015,False,0.2898816809465525,1.454800549095607,1.1644961240310077,1.7024797134956253,0.6052474657125819
4,True,random,0.5,0.7458128078817734,4.793984951702637,2.0004308704398395,0.8986789960369881,16.779781490057495,0.002,380,1015,False,,,,,
4,True,width-ACQR,0.6,0.8049261083743843,3.4664229903719512,1.446466693117096,0.9082007343941249,12.909632269044984,0.002,380,1015,False,0.32376395534290275,1.8155513468013467,1.2097979797979797,1.4089727686218914,0.26288526288526287
4,True,random,0.6,0.8049261083743843,4.747739500342162,1.981133599077721,0.9008567931456547,16.7357776540154,0.002,380,1015,False,,,,,
4,True,width-ACQR,0.7,0.8522167487684729,3.6103131746841135,1.5065090940739652,0.9098265895953758,13.642971958980796,0.002,380,1015,False,0.37988304093567254,2.1850694444444443,1.0014666666666667,1.2662768031189084,0.1735042735042735
4,True,random,0.7,0.8522167487684729,4.78207871982618,1.995462645875885,0.899942196531792,16.82838531601629,0.002,380,1015,False,,,,,
4,True,width-ACQR,0.8,0.8817733990147784,3.8555314572048616,1.6088336168442174,0.9050279329608939,14.15102903339379,0.002,380,1015,False,0.47485380116959064,2.511067708333333,0.812,1.0387426900584795,0.14458689458689458
4,True,random,0.8,0.8817733990147784,4.7636777145797655,1.9877842865750321,0.8998882681564246,16.80312061523082,0.002,380,1015,False,,,,,
4,True,width-ACQR,0.9,0.9596059113300492,4.337111907886842,1.809787188841229,0.9004106776180698,15.68650621979542,0.002,380,1015,False,1.3898160034231921,2.4498221544715446,0.0,0.8686350021394951,0.0
4,True,random,0.9,0.9596059113300492,4.758365708232931,1.9855676960793933,0.9009753593429158,16.774809631507402,0.002,380,1015,False,,,,,
4,True,width-ACQR,1.0,1.0,4.752335815405828,1.9830515463879979,0.9004926108374385,16.76280075142538,0.002,380,1015,False,,,,,
4,True,random,1.0,1.0,4.752335815405828,1.9830515463879979,0.9004926108374386,16.762800751425385,0.002,380,1015,False,,,,,
5,True,commit-all,1.0,1.0,3.72235773795817,1.4338883742040585,0.896551724137931,15.009447802389351,0.02,380,1015,False,,,,,
5,True,width-ACQR,0.1,0.13497536945812807,0.556502873039038,0.21437031474023277,0.8759124087591241,1.806155720950583,0.02,380,1015,False,0.6733405267154219,1.0476580296127562,1.1560364464692483,1.1560364464692483,1.1560364464692483
5,True,random,0.1,0.13497536945812807,3.5977428882844222,1.3858855231136666,0.9098540145985401,15.281566038470112,0.02,380,1015,False,,,,,
5,True,width-ACQR,0.2,0.28472906403940884,0.6645585494529449,0.2559944113703557,0.889273356401384,2.5789152787110816,0.02,380,1015,False,0.26489778164419314,1.0922434573002755,1.3980716253443526,1.3980716253443526,1.2068823432459794
5,True,random,0.2,0.28472906403940884,3.7028092998467885,1.4263581258735654,0.8961937716262975,15.079403146450982,0.02,380,1015,False,,,,,
5,True,width-ACQR,0.3,0.41970443349753694,1.1573679422897007,0.4458293785690742,0.8896713615023474,3.799921270638212,0.02,380,1015,False,0.030232627408929798,0.9424076825127333,1.6267572156196943,1.6325618800822088,1.1930259892908448
5,True,random,0.3,0.41970443349753694,3.765431840595723,1.4504809371303555,0.8938967136150234,15.07317619640212,0.02,380,1015,False,,,,,
5,True,width-ACQR,0.4,0.5300492610837438,1.6149295387573421,0.6220865520714488,0.8773234200743495,5.069116089920149,0.02,380,1015,False,0.03733127367685461,0.8090386967155835,1.8640251572327045,1.5305822207510391,1.0366607536418857
5,True,random,0.4,0.5300492610837438,3.7384013254208313,1.4400685200048364,0.8963754646840147,14.943732473689598,0.02,380,1015,False,,,,,
5,True,width-ACQR,0.5,0.5842364532019705,1.7870462597014074,0.6883875855941415,0.8785834738617201,5.780514453423347,0.02,380,1015,False,0.03375737923006569,0.7015205371248026,1.9722748815165878,1.505016490673762,1.0278689188641794
5,True,random,0.5,0.5842364532019705,3.7462601026670557,1.443095797370983,0.8962900505902193,15.074808473185815,0.02,380,1015,False,,,,,
5,True,width-ACQR,0.6,0.6640394088669951,2.0270953163380243,0.7808568149860223,0.8827893175074184,6.97769120333985,0.02,380,1015,False,0.03133199567834543,0.713129276637341,1.9883284457478005,1.4795664625885339,1.0176203724590822
5,True,random,0.6,0.6640394088669951,3.7052891158292534,1.4273133750886429,0.8986646884272996,14.920508925913367,0.02,380,1015,False,,,,,
5,True,width-ACQR,0.7,0.7497536945812808,2.2582466705854083,0.8698985629504875,0.885676741130092,8.272965004207435,0.02,380,1015,False,0.0,0.7700746391076114,1.774251968503937,1.6124464705069763,1.2637122282791573
5,True,random,0.7,0.7497536945812808,3.711164933985657,1.4295767973431694,0.8946123521681997,14.860480555552963,0.02,380,1015,False,,,,,
5,True,width-ACQR,0.8,0.8078817733990148,2.4228869482203637,0.9333195978550975,0.8914634146341464,9.301041869442647,0.02,380,1015,False,0.0,0.8675213675213674,1.624,1.704603388813915,1.2901599824676746
5,True,random,0.8,0.8078817733990148,3.7272326912408245,1.4357662535829008,0.8967682926829268,15.043997572334556,0.02,380,1015,False,,,,,
5,True,width-ACQR,0.9,0.896551724137931,3.0258287277719638,1.1655786306731468,0.8868131868131868,11.119692382767404,0.02,380,1015,False,0.0,1.2586805555555554,1.4306666666666668,1.7524366471734893,0.9914529914529914
5,True,random,0.9,0.896551724137931,3.7127844432545265,1.4302006480517855,0.8963186813186812,15.011495624846045,0.02,380,1015,False,,,,,
5,True,width-ACQR,1.0,0.9970443349753695,3.682072426047722,1.4183700805670634,0.8962450592885376,14.713154020414796,0.02,380,1015,False,0.0,0.0,4.06,0.0,0.0
5,True,random,1.0,0.9970443349753695,3.7228616178760823,1.4340824736450988,0.8963932806324113,15.008338921059764,0.02,380,1015,False,,,,,
6,True,commit-all,1.0,1.0,2.1041941198347915,4.237613158000622,0.8935960591133005,9.164139547733415,0.02,380,1015,False,,,,,
6,True,width-ACQR,0.1,0.1438423645320197,0.9503196256350526,1.9138381349594806,0.910958904109589,4.266843091953414,0.02,380,1015,False,0.762279692326328,0.936840717299578,1.1680092059838896,1.1680092059838896,1.078162343985129
6,True,random,0.1,0.1438423645320197,2.1721573947565864,4.3744836422181255,0.883904109589041,9.2484467814292,0.02,380,1015,False,,,,,
6,True,width-ACQR,0.2,0.2620689655172414,1.1101116968256544,2.235641611662776,0.8909774436090225,4.816315392828243,0.02,380,1015,False,0.5800950975569766,0.8751947040498441,1.3009345794392524,1.355140186915888,1.0655803179167664
6,True,random,0.2,0.2620689655172414,2.1369621826036065,4.303604395521152,0.8862781954887218,9.160654852137212,0.02,380,1015,False,,,,,
6,True,width-ACQR,0.3,0.3605911330049261,1.362444105052574,2.743811044897545,0.8770491803278688,5.215616829521895,0.02,380,1015,False,0.40058930067850673,0.8389910760143809,1.3825269645608629,1.563944530046225,1.0827308284935402
6,True,random,0.3,0.3605911330049261,2.127630302474162,4.284811025816021,0.8934426229508198,9.23015361250702,0.02,380,1015,False,,,,,
6,True,width-ACQR,0.4,0.44729064039408867,1.4109723412383188,2.841541520549392,0.8788546255506607,5.608272188903965,0.02,380,1015,False,0.311067329643181,0.678475935828877,1.4257040998217467,1.7775275979610343,1.1597879244938067
6,True,random,0.4,0.44729064039408867,2.0968461119221096,4.222815086509804,0.8935022026431717,9.146197318436554,0.02,380,1015,False,,,,,
6,True,width-ACQR,0.5,0.5527093596059113,1.5188222680669499,3.058739289857052,0.8841354723707665,6.117771683361191,0.02,380,1015,False,0.15689002241286035,0.512343979441997,1.4934361233480178,2.0264961228327794,1.2993712112654843
6,True,random,0.5,0.5527093596059113,2.1034831366777467,4.236181316920462,0.8932263814616755,9.106358259616933,0.02,380,1015,False,,,,,
6,True,width-ACQR,0.6,0.6216748768472906,1.69393390645325,3.411394672718351,0.8748019017432647,6.45648012159392,0.02,380,1015,False,0.12056834795321637,0.4543050130208333,1.5436458333333332,2.0867598684210527,1.2877270299145298
6,True,random,0.6,0.6216748768472906,2.091809156979402,4.212671218916851,0.8940570522979396,9.12173272986179,0.02,380,1015,False,,,,,
6,True,width-ACQR,0.7,0.6650246305418719,1.7661659446393538,3.556861971843143,0.8725925925925926,6.679942764595231,0.02,380,1015,False,0.10474716202270382,0.3887101715686274,1.516529411764706,2.2346061231510146,1.2757667169431874
6,True,random,0.7,0.6650246305418719,2.113142677146765,4.255634558142791,0.8940000000000001,9.138715289161421,0.02,380,1015,False,,,,,
6,True,width-ACQR,0.8,0.7408866995073892,1.8337041271495251,3.692876367176127,0.8789893617021277,7.0986657792314825,0.02,380,1015,False,0.08124874924954974,0.3819114385297845,1.4665399239543726,2.527738865541547,1.0225537031620682
6,True,random,0.8,0.7408866995073892,2.1143597598346764,4.258085627444834,0.89375,9.201711712394546,0.02,380,1015,False,,,,,
6,True,width-ACQR,0.9,0.8315270935960591,1.9207682987216583,3.868213934925562,0.8827014218009479,7.607817780294559,0.02,380,1015,False,0.020826921103929415,0.40189449317738785,1.51953216374269,2.707499743510824,0.7609836557204978
6,True,random,0.9,0.8315270935960591,2.1133934326333383,4.256139551831028,0.8917654028436021,9.142702825014736,0.02,380,1015,False,,,,,
6,True,width-ACQR,1.0,0.9586206896551724,2.0638925436891804,4.156450261596266,0.8890030832476875,8.430423895126765,0.02,380,1015,False,0.0,0.0,1.0633333333333335,4.381091617933723,0.0
6,True,random,1.0,0.9586206896551724,2.1095266196363496,4.248352220100982,0.8924974306269272,9.167439606776489,0.02,380,1015,False,,,,,
7,True,commit-all,1.0,1.0,12.69189948096503,3.433953961658164,0.896551724137931,55.21821197597265,0.02,380,1015,False,,,,,
7,True,width-ACQR,0.1,0.029556650246305417,1.3967040938014672,0.3778959613859976,0.9333333333333333,11.632766955933306,0.02,380,1015,False,0.9509128150325051,0.9875211505922165,1.030456852791878,1.0304568527918783,1.030456852791878
7,True,random,0.1,0.029556650246305417,12.393913360870181,3.353330047235148,0.9083333333333332,55.77071404749951,0.02,380,1015,False,,,,,
7,True,width-ACQR,0.2,0.10541871921182266,3.502593601628845,0.9476710079866927,0.9345794392523364,16.906955799143574,0.02,380,1015,False,0.9178066311152331,0.7918043318649045,1.1178414096916298,1.1178414096916298,1.1178414096916298
7,True,random,0.2,0.10541871921182266,12.604782218444365,3.410383284218564,0.9023364485981309,55.28391325502686,0.02,380,1015,False,,,,,
7,True,width-ACQR,0.3,0.21576354679802956,5.312517049311616,1.4373686929383922,0.9041095890410958,23.911924515359686,0.02,380,1015,False,0.8679802521378824,0.5578674623115577,1.259824120603015,1.2602118781039702,1.11164798350728
7,True,random,0.3,0.21576354679802956,12.524779677652107,3.388737584746368,0.8981735159817351,54.725482167671615,0.02,380,1015,False,,,,,
7,True,width-ACQR,0.4,0.2916256157635468,5.813663359220779,1.5729601667649793,0.8986486486486487,27.4031447747083,0.02,380,1015,False,0.703364809799185,0.5220285697728326,1.366509040333797,1.3456392487942155,1.2186322408853703
7,True,random,0.4,0.2916256157635468,12.604126304909098,3.410205818514056,0.8969594594594594,55.28911713674127,0.02,380,1015,False,,,,,
7,True,width-ACQR,0.5,0.3586206896551724,6.290000760063303,1.701839276401984,0.9038461538461539,29.889550054167916,0.02,380,1015,False,0.563478588945482,0.45474910394265233,1.490537634408602,1.3950198075834748,1.3325981067916552
7,True,random,0.5,0.3586206896551724,12.593247231726464,3.407262347640315,0.8972527472527471,55.22505373587247,0.02,380,1015,False,,,,,
7,True,width-ACQR,0.6,0.41379310344827586,6.787155959280759,1.836350904741947,0.9,31.851138966795823,0.02,380,1015,False,0.478844169246646,0.4264705882352941,1.576235294117647,1.4066047471620227,1.385118149824032
7,True,random,0.6,0.41379310344827586,12.92036220784603,3.4957674425513,0.891190476190476,55.29796963088192,0.02,380,1015,False,,,,,
7,True,width-ACQR,0.7,0.4886699507389163,7.571394289567365,2.0485365058973,0.8971774193548387,34.420163410056055,0.02,380,1015,False,0.3568265557921779,0.34631904303147076,1.7210019267822734,1.463903818634576,1.4207960739752645
7,True,random,0.7,0.4886699507389163,12.568728090395794,3.4006283837773656,0.9010080645161288,55.28365340469628,0.02,380,1015,False,,,,,
7,True,width-ACQR,0.8,0.5812807881773399,8.39145885622622,2.2704153485179113,0.9,37.53357770037915,0.02,380,1015,False,0.2597729618163055,0.3731617647058823,1.7290823529411765,1.536291709666323,1.4900955253896428
7,True,random,0.8,0.5812807881773399,12.735762653075854,3.4458216977576157,0.8959322033898303,55.351453074714414,0.02,380,1015,False,,,,,
7,True,width-ACQR,0.9,0.7123152709359606,9.936989409232362,2.6885781911498507,0.8907330567081605,41.851150463260325,0.02,380,1015,False,0.20734198509973564,0.32587756849315064,1.8214383561643837,1.565228711047024,1.4557721578269522
7,True,random,0.9,0.7123152709359606,12.74371030258332,3.447972034872479,0.8964038727524205,55.23468886458721,0.02,380,1015,False,,,,,
7,True,width-ACQR,1.0,0.903448275862069,11.926094353750608,3.2267556967806246,0.8898582333696837,49.1449139822283,0.02,380,1015,False,0.07268170426065163,0.0,2.237142857142857,1.6353383458646615,1.3278388278388278
7,True,random,1.0,0.903448275862069,12.714831108483121,3.4401584035765014,0.8962377317339149,55.283298448718334,0.02,380,1015,False,,,,,
8,True,commit-all,1.0,1.0,9.21656949141844,15.24405304771248,0.8748768472906404,18.116876547476924,0.1,380,1015,False,,,,,
8,True,width-ACQR,0.1,0.6955665024630542,5.189748827124181,8.583758468771562,0.9192634560906515,9.696490605777269,0.1,380,1015,False,1.625106455459036,1.6423948220064721,0.6044012944983819,0.09604648081909195,0.5895776284125798
8,True,random,0.1,0.6955665024630542,9.221035947298635,15.251440491645536,0.8769830028328611,18.082955513839888,0.1,380,1015,False,,,,,
8,True,width-ACQR,0.2,0.6995073891625616,5.24560163740342,8.676138090446772,0.9197183098591549,9.820593613664062,0.1,380,1015,False,1.6464193270060399,1.6639344262295082,0.612327868852459,0.01946122135940945,0.5973097940311055
8,True,random,0.2,0.6995073891625616,9.143546193795284,15.12327372480684,0.8740845070422536,18.050261234558807,0.1,380,1015,False,,,,,
8,True,width-ACQR,0.3,0.7596059113300493,6.170368583748801,10.205687279001799,0.9118028534370947,11.739962315239968,0.1,380,1015,False,1.9996404946793214,1.9065915300546448,0.09983606557377049,0.0,0.46220400728597444
8,True,random,0.3,0.7596059113300493,9.204955446007292,15.22484360926459,0.8748378728923477,18.173430225880658,0.1,380,1015,False,,,,,
8,True,width-ACQR,0.4,0.7911330049261084,6.617080497882062,10.944541374599204,0.9041095890410958,12.661255431408904,0.1,380,1015,False,2.1670804369414105,1.620848073899371,0.09575471698113208,0.0,0.5319706498951782
8,True,random,0.4,0.7911330049261084,9.233863304506498,15.272656727677896,0.8745330012453302,18.14423721969379,0.1,380,1015,False,,,,,
8,True,width-ACQR,0.5,0.8403940886699507,7.266918535002183,12.019362708014432,0.902696365767878,14.000590718329983,0.1,380,1015,False,2.5501407840589128,0.9137088477366254,0.12530864197530864,0.0,0.6961591220850479
8,True,random,0.5,0.8403940886699507,9.208580544477753,15.23083946199899,0.8740328253223915,18.062665541593343,0.1,380,1015,False,,,,,
8,True,width-ACQR,0.6,0.8995073891625616,7.990454490339668,13.216079175607026,0.8904709748083242,15.497348056360313,0.1,380,1015,False,2.967836257309942,0.7774203431372548,0.0796078431372549,0.0,0.0
8,True,random,0.6,0.8995073891625616,9.171141294324983,15.168915563315558,0.8750821467688936,18.077061658709326,0.1,380,1015,False,,,,,
8,True,width-ACQR,0.7,0.9221674876847291,8.249283475159968,13.644178022858162,0.8888888888888888,16.041814891984696,0.1,380,1015,False,2.9753497668221187,0.803006329113924,0.05139240506329114,0.0,0.0
8,True,random,0.7,0.9221674876847291,9.190301481565234,15.200606195167946,0.8753739316239315,18.109519691507398,0.1,380,1015,False,,,,,
8,True,width-ACQR,0.8,0.9458128078817734,8.51744583313496,14.087714114478441,0.8875,16.597522468653132,0.1,380,1015,False,3.3671451355661883,0.19223484848484845,0.07381818181818181,0.0,0.0
8,True,random,0.8,0.9458128078817734,9.191752459726867,15.203006088977416,0.8748958333333334,18.08223743338663,0.1,380,1015,False,,,,,
8,True,width-ACQR,0.9,0.9586206896551724,8.673234339308689,14.34538571935783,0.8797533401849948,16.918252803981296,0.1,380,1015,False,3.3070175438596494,0.2517361111111111,0.09666666666666666,0.0,0.0
8,True,random,0.9,0.9586206896551724,9.242993731710309,15.287758302810897,0.8751284686536485,18.14886597589296,0.1,380,1015,False,,,,,
8,True,width-ACQR,1.0,1.0,9.21656949141844,15.24405304771248,0.8748768472906404,18.116876547476924,0.1,380,1015,False,,,,,
8,True,random,1.0,1.0,9.216569491418444,15.244053047712486,0.8748768472906404,18.116876547476924,0.1,380,1015,False,,,,,
9,True,commit-all,1.0,1.0,2.186637169864182,0.14361156073639306,0.8827586206896552,9.195790952648926,0.02,380,1015,False,,,,,
9,True,width-ACQR,0.1,0.17142857142857143,0.12611994115817307,0.008283167339935182,0.9482758620689655,1.0763006190607773,0.02,380,1015,False,0.5759225650332729,1.0497485632183907,1.206896551724138,1.206896551724138,1.206896551724138
9,True,random,0.1,0.17142857142857143,2.182898564463916,0.14336602070629145,0.8836206896551724,9.257943858589991,0.02,380,1015,False,,,,,
9,True,width-ACQR,0.2,0.26995073891625615,0.16392636238008368,0.010766176058694552,0.9452554744525548,1.408559858806732,0.02,380,1015,False,0.2643416909344887,1.0558648223121907,1.3697705802968962,1.3697705802968962,1.369770580296896
9,True,random,0.2,0.26995073891625615,2.233810070941268,0.14670973085876624,0.8822992700729927,9.164740222359516,0.02,380,1015,False,,,,,
9,True,width-ACQR,0.3,0.32807881773399017,0.2647631843754107,0.017388826394116333,0.9219219219219219,1.6690041772213138,0.02,380,1015,False,0.1409939805525544,0.9301686217008798,1.482316715542522,1.4882697947214076,1.4628292854099303
9,True,random,0.3,0.32807881773399017,2.200332719947041,0.14451104207223123,0.8884384384384385,9.330433626949286,0.02,380,1015,False,,,,,
9,True,width-ACQR,0.4,0.4187192118226601,0.39509057875736875,0.025948326237916642,0.9105882352941177,2.143030452388574,0.02,380,1015,False,0.0060362771335117455,0.7078478107344632,1.6859322033898305,1.7203389830508473,1.3821526872374328
9,True,random,0.4,0.4187192118226601,2.2274757115476396,0.14629370974135297,0.882,9.265183383975824,0.02,380,1015,False,,,,,
9,True,width-ACQR,0.5,0.4827586206896552,0.5429463506394494,0.035659035658075544,0.8979591836734694,2.5466602141440804,0.02,380,1015,False,0.0,0.54375,1.7864,1.9333333333333333,1.1401709401709401
9,True,random,0.5,0.4827586206896552,2.1956996441755026,0.14420675599691407,0.8793877551020408,9.245714790491155,0.02,380,1015,False,,,,,
9,True,width-ACQR,0.6,0.5270935960591133,0.6474618305223332,0.042523288856527446,0.891588785046729,2.8552943143553113,0.02,380,1015,False,0.0,0.44053819444444436,1.8692916666666666,2.052753411306043,0.9578881766381766
9,True,random,0.6,0.5270935960591133,2.213157459389144,0.14535333126071712,0.8825233644859812,9.20574912737916,0.02,380,1015,False,,,,,
9,True,width-ACQR,0.7,0.5921182266009852,0.7898999216536965,0.051878181775025775,0.8901830282861897,3.346775692434902,0.02,380,1015,False,0.0,0.3575382447665056,2.0005797101449274,2.2079554764528067,0.5867294273091374
9,True,random,0.7,0.5921182266009852,2.185584421544828,0.14354241948548566,0.8802828618968386,9.152455035118896,0.02,380,1015,False,,,,,
9,True,width-ACQR,0.8,0.6532019704433497,0.913661965073554,0.06000648969021363,0.8838612368024132,3.8411804282465614,0.02,380,1015,False,0.0,0.09011008522727272,2.2030113636363637,2.343916135034556,0.39432789432789433
9,True,random,0.8,0.6532019704433497,2.2087398397187967,0.14506319567519713,0.8795625942684767,9.230830726252252,0.02,380,1015,False,,,,,
9,True,width-ACQR,0.9,0.7280788177339902,1.0684418634702866,0.07017195430671229,0.8822733423545331,4.543722454844863,0.02,380,1015,False,0.0,0.095769172705314,2.2359420289855074,2.5162090007627764,0.06286386721169329
9,True,random,0.9,0.7280788177339902,2.211848059674506,0.14526733394061367,0.8800405953991882,9.211323853506702,0.02,380,1015,False,,,,,
9,True,width-ACQR,1.0,0.8926108374384236,1.5942087360915516,0.10470269502640935,0.8863134657836644,6.7174383684606855,0.02,380,1015,False,0.0,0.09699923547400612,2.7190825688073392,1.8514941788722572,0.0
9,True,random,1.0,0.8926108374384236,2.185717148434036,0.1435511365767222,0.8812362030905078,9.18501484225516,0.02,380,1015,False,,,,,
10,False,commit-all,1.0,1.0,0.5469012365682162,1.312216490897157,0.8955665024630541,2.680587577058603,0.01,380,1015,False,,,,,
10,False,width-ACQR,0.1,0.18620689655172415,0.23536102005484427,0.5647173404988641,0.8783068783068783,1.5729729632594271,0.01,380,1015,False,0.7243532560214095,1.0880120056497176,1.155084745762712,1.135394984636733,0.9977545994495147
10,False,random,0.1,0.18620689655172415,0.565664060506953,1.3572353815888392,0.8902116402116402,2.698734188757075,0.01,380,1015,False,,,,,
10,False,width-ACQR,0.2,0.5182266009852217,0.3258892111117212,0.7819276469544523,0.8916349809885932,2.0093709091123286,0.01,380,1015,False,0.4879632619380763,1.1891828561690523,1.378241308793456,1.3716380248508115,0.5854438676524566
10,False,random,0.2,0.5182266009852217,0.5459751191354629,1.3099943957792306,0.8942965779467681,2.6730715178839235,0.01,380,1015,False,,,,,
10,False,width-ACQR,0.3,0.6275862068965518,0.3647915610437192,0.8752686410903328,0.8916797488226059,2.1224307838432597,0.01,380,1015,False,0.433398310591293,1.216724537037037,1.5574074074074074,1.4132553606237817,0.22950300728078504
10,False,random,0.3,0.6275862068965518,0.5508835157643062,1.3217714380851657,0.892778649921507,2.682293973154173,0.01,380,1015,False,,,,,
10,False,width-ACQR,0.4,0.8325123152709359,0.4533535647935804,1.0877613436424294,0.8970414201183432,2.37511685278585,0.01,380,1015,False,0.041898864809081525,1.0883884803921566,2.292705882352941,1.2918816649466804,0.0
10,False,random,0.4,0.8325123152709359,0.5477932647719737,1.3143567934619511,0.8954437869822485,2.6825415982056278,0.01,380,1015,False,,,,,
10,False,width-ACQR,0.5,0.8857142857142857,0.47727098097832366,1.1451479901495927,0.896551724137931,2.4548356328889525,0.01,380,1015,False,0.0,1.0026041666666665,2.415,1.2792397660818713,0.0
10,False,random,0.5,0.8857142857142857,0.5449393370211624,1.307509174901161,0.896106785317019,2.676518127082324,0.01,380,1015,False,,,,,
10,False,width-ACQR,0.6,0.9428571428571428,0.49162895784741817,1.1795980384650266,0.8996865203761756,2.5488449389693764,0.01,380,1015,False,0.0,1.0026041666666665,2.5900000000000003,1.023391812865497,0.0
10,False,random,0.6,0.9428571428571428,0.5466191926035343,1.3115397640644735,0.8956112852664578,2.681389578150653,0.01,380,1015,False,,,,,
10,False,width-ACQR,0.7,0.9724137931034482,0.5169329769500963,1.240311653524424,0.8966565349544073,2.60714511804864,0.01,380,1015,False,0.0,0.37760416666666663,3.77,0.0,0.0
10,False,random,0.7,0.9724137931034482,0.5470075967489181,1.312471687948763,0.8959979736575481,2.680921959237503,0.01,380,1015,False,,,,,
10,False,width-ACQR,0.8,0.9881773399014778,0.5354525300908856,1.284746848419725,0.8963110667996012,2.646344273836918,0.01,380,1015,False,0.0,0.0,4.06,0.0,0.0
10,False,random,0.8,0.9881773399014778,0.5472456378139205,1.3130428356992545,0.8953639082751745,2.6808133939796,0.01,380,1015,False,,,,,
10,False,width-ACQR,0.9,1.0,0.5469012365682162,1.312216490897157,0.8955665024630541,2.680587577058603,0.01,380,1015,False,,,,,
10,False,random,0.9,1.0,0.5469012365682161,1.3122164908971568,0.8955665024630542,2.680587577058603,0.01,380,1015,False,,,,,
10,False,width-ACQR,1.0,1.0,0.5469012365682162,1.312216490897157,0.8955665024630541,2.680587577058603,0.01,380,1015,False,,,,,
10,False,random,1.0,1.0,0.5469012365682161,1.3122164908971568,0.8955665024630542,2.680587577058603,0.01,380,1015,False,,,,,
11,True,commit-all,1.0,1.0,1.4414041613480646,3.6888103571544435,0.8935960591133005,5.787246173690973,0.02,380,1015,False,,,,,
11,True,width-ACQR,0.1,0.15960591133004925,0.3219946952958478,0.8240418605738246,0.9135802469135802,1.6703844152561598,0.02,380,1015,False,0.6346228995701446,1.1403380226651034,1.0994841735052754,1.1899179366940211,1.1695774591436958
11,True,random,0.1,0.15960591133004925,1.4005882181712708,3.584355078083532,0.9037037037037038,5.919950377316416,0.02,380,1015,False,,,,,
11,True,width-ACQR,0.2,0.2522167487684729,0.3353015435441542,0.8580964588299634,0.9453125,1.9298139162774768,0.02,380,1015,False,0.3988396551325613,1.2119153491436099,1.1661133069828722,1.337285902503294,1.2687071382723556
11,True,random,0.2,0.2522167487684729,1.409668916390895,3.6075942045832208,0.89375,5.651291345921335,0.02,380,1015,False,,,,,
11,True,width-ACQR,0.3,0.49064039408866994,0.5317604051663918,1.360869728770513,0.9257028112449799,2.50250130041292,0.02,380,1015,False,0.0,1.206580431979368,1.342862669245648,1.5843768027418645,1.5101919357238505
11,True,random,0.3,0.49064039408866994,1.4439026910822592,3.6952045404156713,0.8934738955823294,5.795364991412505,0.02,380,1015,False,,,,,
11,True,width-ACQR,0.4,0.6660098522167488,0.7606261657025581,1.9465780335628804,0.9142011834319527,3.092963624888152,0.02,380,1015,False,0.0,1.1539761553588985,1.1736873156342185,2.1361417309251496,1.1515770365327889
11,True,random,0.4,0.6660098522167488,1.4394131537080561,3.6837150134607164,0.8928254437869821,5.772642779712067,0.02,380,1015,False,,,,,
11,True,width-ACQR,0.5,0.7113300492610838,0.8107164391626296,2.0747679781231914,0.9113573407202216,3.278101024615829,0.02,380,1015,False,0.0,1.0284236348122866,1.177815699658703,2.4512504241263,0.8882471339809223
11,True,random,0.5,0.7113300492610838,1.4278644595163066,3.65415984504335,0.8939750692520774,5.757536642962851,0.02,380,1015,False,,,,,
11,True,width-ACQR,0.6,0.7576354679802956,0.9087256291353167,2.3255909775027965,0.9076723016905072,3.503328518488906,0.02,380,1015,False,0.0,0.8380970528455284,1.2378048780487805,2.7024200066562067,0.7053019248141199
11,True,random,0.6,0.7576354679802956,1.4488988322878937,3.7079905569399427,0.8939531859557868,5.797955615023174,0.02,380,1015,False,,,,,
11,True,width-ACQR,0.7,0.8177339901477833,1.0446261034590394,2.6733845323366476,0.9036144578313253,3.831976143335133,0.02,380,1015,False,0.0,0.6286599099099099,1.3825945945945946,2.9838786154575625,0.32825132825132824
11,True,random,0.7,0.8177339901477833,1.4449556401360935,3.697899224862611,0.8940963855421687,5.779696731744724,0.02,380,1015,False,,,,,
11,True,width-ACQR,0.8,0.8532019704433498,1.1296122109481086,2.8908791406682366,0.8972286374133949,4.060675316541598,0.02,380,1015,False,0.0,0.4967142058165548,1.3351677852348993,3.2666117194552378,0.2328916422876154
11,True,random,0.8,0.8532019704433498,1.450882975001861,3.71306833206341,0.8924942263279446,5.811728150015259,0.02,380,1015,False,,,,,
11,True,width-ACQR,0.9,0.9320197044334976,1.281193447358613,3.2788025627141386,0.8932346723044398,4.7330014938580165,0.02,380,1015,False,0.0,0.6895380434782608,1.4121739130434783,3.096872616323417,0.0
11,True,random,0.9,0.9320197044334976,1.444766362018195,3.697414828396714,0.8934989429175475,5.795492537150093,0.02,380,1015,False,,,,,
11,True,width-ACQR,1.0,0.9822660098522168,1.4248014569218608,3.6463210750457553,0.8916750250752257,5.314472504919209,0.02,380,1015,False,0.0,0.0,1.8044444444444443,3.297595841455491,0.0
11,True,random,1.0,0.9822660098522168,1.444253818780494,3.6961031388273202,0.8935305917753261,5.79118349894365,0.02,380,1015,False,,,,,
12,True,commit-all,1.0,1.0,3.1925278138040794,1.2627103604995666,0.8926108374384236,12.788179656868364,0.002,380,1015,False,,,,,
12,True,width-ACQR,0.1,0.14482758620689656,0.47990628521164486,0.18981279843057688,0.9659863945578231,4.9659295659554745,0.002,380,1015,False,0.6482739105829088,1.0475470430107525,1.1693548387096773,1.1693548387096775,1.1693548387096773
12,True,random,0.1,0.14482758620689656,3.344434569563705,1.3227926042620726,0.8819727891156462,12.98726864379569,0.002,380,1015,False,,,,,
12,True,width-ACQR,0.2,0.30640394088669953,0.5229602352398691,0.20684152047522236,0.977491961414791,5.839338769488439,0.002,380,1015,False,0.15176435406698563,1.028756806344697,1.4417613636363635,1.4417613636363635,1.4294386169386168
12,True,random,0.2,0.30640394088669953,3.1586636388711495,1.24931638336562,0.8943729903536977,12.723137190411997,0.002,380,1015,False,,,,,
12,True,width-ACQR,0.3,0.37438423645320196,0.6861760191842449,0.2713967172984096,0.968421052631579,6.2433988702533725,0.002,380,1015,False,0.050476585163696644,0.8491633858267715,1.5856377952755905,1.5984251968503937,1.434484151019584
12,True,random,0.3,0.37438423645320196,3.2259311040620866,1.2759220482728681,0.8919736842105264,12.838116396077131,0.002,380,1015,False,,,,,
12,True,width-ACQR,0.4,0.4413793103448276,0.864205635595691,0.34181108930371873,0.9620535714285714,6.752417450751676,0.002,380,1015,False,0.006281134936105696,0.6246784979423867,1.697037037037037,1.7901234567901234,1.3923182441700959
12,True,random,0.4,0.4413793103448276,3.19424630436059,1.2633900588316358,0.8920758928571427,12.730939175235163,0.002,380,1015,False,,,,,
12,True,width-ACQR,0.5,0.470935960591133,0.9563581588431498,0.37825930608905395,0.9539748953974896,7.002547232406781,0.002,380,1015,False,0.0,0.5315991620111732,1.7313594040968343,1.8901303538175047,1.3408617039901956
12,True,random,0.5,0.470935960591133,3.163101440736968,1.2510716252055138,0.8929916317991633,12.741612087100554,0.002,380,1015,False,,,,,
12,True,width-ACQR,0.6,0.5133004926108374,1.0612148265280696,0.4197322730842708,0.9539347408829175,7.389531181861061,0.002,380,1015,False,0.0,0.42805330634278,1.7834412955465586,2.042640339039231,1.176597806152462
12,True,random,0.6,0.5133004926108374,3.253048047545517,1.2866473567051253,0.8904990403071016,12.88210187240191,0.002,380,1015,False,,,,,
12,True,width-ACQR,0.7,0.5724137931034483,1.3908924160949458,0.5501265350138446,0.9397590361445783,7.9722665434135,0.002,380,1015,False,0.0,0.2923387096774194,1.852258064516129,2.256649688737974,0.9394816652881168
12,True,random,0.7,0.5724137931034483,3.1836404422541267,1.2591952224057932,0.8935456110154905,12.766353553437021,0.002,380,1015,False,,,,,
12,True,width-ACQR,0.8,0.6650246305418719,1.768400818557922,0.699438866422367,0.9244444444444444,8.856176060738463,0.002,380,1015,False,0.0,0.12438725490196077,1.9702941176470588,2.548847609219126,0.5358220211161387
12,True,random,0.8,0.6650246305418719,3.199312838019512,1.2653939770168676,0.8931111111111113,12.854439955362201,0.002,380,1015,False,,,,,
12,True,width-ACQR,0.9,0.7812807881773399,2.3702719819940983,0.9374912807100964,0.9016393442622951,10.009546293619913,0.002,380,1015,False,0.0,0.023812875375375374,2.176306306306306,2.5133027764606712,0.3126203126203126
12,True,random,0.9,0.7812807881773399,3.1998121527364725,1.2655914662489207,0.8926229508196721,12.824709751163287,0.002,380,1015,False,,,,,
12,True,width-ACQR,1.0,0.9783251231527094,3.0729000855640156,1.2153951354924073,0.8942598187311178,12.38480873301604,0.002,380,1015,False,0.0,0.0,2.768181818181818,1.888623072833599,0.0
12,True,random,1.0,0.9783251231527094,3.1987890567197375,1.2651868107484951,0.8920946626384694,12.784005274729584,0.002,380,1015,False,,,,,
13,True,commit-all,1.0,1.0,4.831071451670932,0.9920760346624072,0.8788177339901477,19.481922517667876,0.05,380,1015,False,,,,,
13,True,width-ACQR,0.1,0.022660098522167486,0.2799867021007349,0.05749616828420734,0.7391304347826086,0.3612515755292001,0.05,380,1015,False,0.9549731182795699,1.0018691196236558,1.0231854838709677,1.0231854838709677,1.0231854838709677
13,True,random,0.1,0.022660098522167486,4.912492302244379,1.0087960677614431,0.8891304347826088,19.96465338592702,0.05,380,1015,False,,,,,
13,True,width-ACQR,0.2,0.14679802955665025,0.5930317720026217,0.1217809785433196,0.8322147651006712,1.265071327321742,0.05,380,1015,False,0.6744459300676634,1.1049064183987682,1.172055427251732,1.172055427251732,1.0017567754288308
13,True,random,0.2,0.14679802955665025,5.0017928551472295,1.0271342230347167,0.869463087248322,19.59715605770241,0.05,380,1015,False,,,,,
13,True,width-ACQR,0.3,0.29458128078817736,0.5766921689429604,0.11842558859027309,0.8963210702341137,1.7069132270204188,0.05,380,1015,False,0.3332598255415074,1.2551646880819365,1.4175977653631284,1.4175977653631286,0.7027407725731748
13,True,random,0.3,0.29458128078817736,4.828635944474298,0.9915758954394212,0.8762541806020065,19.206467936095997,0.05,380,1015,False,,,,,
13,True,width-ACQR,0.4,0.4886699507389163,0.8058206267908894,0.16547785311669916,0.8931451612903226,2.7708538677130377,0.05,380,1015,False,0.041172294899097454,1.2019307964033397,1.8383429672447014,1.7612592817947244,0.10029148757472456
13,True,random,0.4,0.4886699507389163,4.8493844630427265,0.9958366703487564,0.8796370967741935,19.54108225048464,0.05,380,1015,False,,,,,
13,True,width-ACQR,0.5,0.5645320197044335,1.0309496636527986,0.21170882370192637,0.8952879581151832,3.529436882846877,0.05,380,1015,False,0.0,1.0764281674208145,1.9473303167420815,1.880077267074171,0.0
13,True,random,0.5,0.5645320197044335,4.769853847131061,0.9795048030068618,0.8801919720767888,19.336659829515717,0.05,380,1015,False,,,,,
13,True,width-ACQR,0.6,0.6246305418719211,1.3535461306357373,0.277955044020163,0.889589905362776,4.633965919925971,0.05,380,1015,False,0.0,1.0683918416447944,2.0246719160104987,1.7760279965004375,0.0
13,True,random,0.6,0.6246305418719211,4.882153250639723,1.0025658460989266,0.8820977917981073,19.587263610026202,0.05,380,1015,False,,,,,
13,True,width-ACQR,0.7,0.7054187192118226,1.9071452945301177,0.3916384098745024,0.8868715083798883,6.600702978929313,0.05,380,1015,False,0.0,1.2022714604236342,1.9688963210702342,1.7072502884859864,0.0
13,True,random,0.7,0.7054187192118226,4.863520997683729,0.9987396531282108,0.8805167597765362,19.718715209225643,0.05,380,1015,False,,,,,
13,True,width-ACQR,0.8,0.7881773399014779,2.427565936373341,0.49850845969289564,0.885,8.963508409881422,0.05,380,1015,False,0.0,1.3769379844961238,1.7939534883720931,1.7668978648170814,0.0
13,True,random,0.8,0.7881773399014779,4.8154331082651085,0.9888646506309471,0.8778750000000001,19.420344411249687,0.05,380,1015,False,,,,,
13,True,width-ACQR,0.9,0.8788177339901477,3.3364302975443874,0.6851466745271418,0.8778026905829597,12.341424811527906,0.05,380,1015,False,0.0,1.289380081300813,1.9804878048780488,1.5924975039224079,0.0
13,True,random,0.9,0.8788177339901477,4.825268821503386,0.9908844459258669,0.8777466367713004,19.3709061301332,0.05,380,1015,False,,,,,
13,True,width-ACQR,1.0,0.9980295566502463,4.828383701795642,0.9915240965954345,0.87857847976308,19.279359945518458,0.05,380,1015,False,0.0,0.0,0.0,5.935672514619883,0.0
13,True,random,1.0,0.9980295566502463,4.830908854107262,0.9920426447306239,0.8787265547877592,19.48121378240722,0.05,380,1015,False,,,,,
14,True,commit-all,1.0,1.0,4.826465652068064,1.8459988934683262,0.896551724137931,21.871097503389624,0.02,380,1015,False,,,,,
14,True,width-ACQR,0.1,0.16157635467980297,2.7002815643230824,1.0327882013741172,0.8963414634146342,8.667221001229718,0.02,380,1015,False,1.0839054157131962,0.5839331179005092,1.0400470035252645,1.1438898853086497,1.1825203129550954
14,True,random,0.1,0.16157635467980297,4.871788798133125,1.8633338303592075,0.8978658536585366,21.854268104174633,0.02,380,1015,False,,,,,
14,True,width-ACQR,0.2,0.2522167487684729,3.108760288485379,1.1890208003745584,0.8671875,10.076421626567353,0.02,380,1015,False,1.0745209532394888,0.5084472441809398,1.0537812911725954,1.20433935079244,1.211558168079907
14,True,random,0.2,0.2522167487684729,4.851822519952558,1.8556972428260061,0.8984375,21.66646578397002,0.02,380,1015,False,,,,,
14,True,width-ACQR,0.3,0.40788177339901477,3.3244970623770946,1.271534563984145,0.8695652173913043,11.96154924598385,0.02,380,1015,False,0.9896079633359605,0.46619349694952855,1.1416638935108152,1.3333041422191085,1.1114666439125673
14,True,random,0.3,0.40788177339901477,4.871342493106592,1.8631631301730833,0.8952898550724637,21.871616296735073,0.02,380,1015,False,,,,,
14,True,width-ACQR,0.4,0.5428571428571428,3.703047831733636,1.416320490525305,0.8729582577132486,13.602958389826366,0.02,380,1015,False,1.0975877192982457,0.38736979166666663,1.12875,1.4199561403508771,0.8787393162393161
14,True,random,0.4,0.5428571428571428,4.7678240302491375,1.8235699823783775,0.8989110707803991,21.862635243255838,0.02,380,1015,False,,,,,
14,True,width-ACQR,0.5,0.587192118226601,3.9275217360931625,1.5021759816718434,0.8708053691275168,14.213325071416014,0.02,380,1015,False,1.0539714441234351,0.3532716785998409,1.1627684964200478,1.5299585479211155,0.807478122513922
14,True,random,0.5,0.587192118226601,4.820997015789986,1.8439072808379149,0.8959731543624162,21.909273796494993,0.02,380,1015,False,,,,,
14,True,width-ACQR,0.6,0.6443349753694582,4.1639584517041675,1.5926069402359393,0.8654434250764526,15.07615011513836,0.02,380,1015,False,0.9766729844000583,0.29287857802400735,1.2258725761772853,1.5949036950640683,0.8651182612401449
14,True,random,0.6,0.6443349753694582,4.787268651508435,1.831007049565045,0.8981651376146788,21.887554009272282,0.02,380,1015,False,,,,,
14,True,width-ACQR,0.7,0.7596059113300493,4.255594307541525,1.6276552966673796,0.8767833981841764,16.870879443899206,0.02,380,1015,False,0.80277538107564,0.19499231557377047,1.3477868852459016,1.6785303422490652,1.0666246321984025
14,True,random,0.7,0.7596059113300493,4.849700121720836,1.8548854801264045,0.8949416342412452,21.79832869878087,0.02,380,1015,False,,,,,
14,True,width-ACQR,0.8,0.9192118226600985,4.644258111629678,1.7763091987148323,0.8885316184351554,19.800877922901844,0.02,380,1015,False,0.6080445014976467,0.0,1.6339024390243904,1.5924975039224079,1.3753387533875339
14,True,random,0.8,0.9192118226600985,4.818761572537349,1.8430522813272459,0.896838156484459,21.872758308424018,0.02,380,1015,False,,,,,
14,True,width-ACQR,0.9,0.987192118226601,4.771696304337616,1.825051027556742,0.8952095808383234,21.368032623030107,0.02,380,1015,False,0.0,0.0,2.8107692307692305,0.0,2.6692965154503616
14,True,random,0.9,0.987192118226601,4.821010565882848,1.8439124633996968,0.8966067864271459,21.87511688793561,0.02,380,1015,False,,,,,
14,True,width-ACQR,1.0,1.0,4.826465652068064,1.8459988934683262,0.896551724137931,21.871097503389624,0.02,380,1015,False,,,,,
14,True,random,1.0,1.0,4.826465652068064,1.8459988934683262,0.8965517241379312,21.871097503389628,0.02,380,1015,False,,,,,
15,True,commit-all,1.0,1.0,2.356385786734515,3.1696476245324496,0.8945812807881773,9.205214977104887,0.01,380,1015,False,,,,,
15,True,width-ACQR,0.1,0.1458128078817734,0.5747811661436613,0.7731559781719685,0.9256756756756757,3.093355611124517,0.01,380,1015,False,0.7024221453287197,1.0731449442522105,1.1707035755478663,1.1638573558078202,1.0006013466221078
15,True,random,0.1,0.1458128078817734,2.3862939036885455,3.209877960494947,0.889527027027027,9.230588349037426,0.01,380,1015,False,,,,,
15,True,width-ACQR,0.2,0.31527093596059114,0.9459615193354507,1.2724421864790907,0.896875,3.9907906680577385,0.01,380,1015,False,0.44069165720055536,1.140962230215827,1.3435971223021583,1.323783078800118,0.9236918157781466
15,True,random,0.2,0.31527093596059114,2.3264051178510354,3.1293196967188535,0.8934374999999999,9.115007086996652,0.01,380,1015,False,,,,,
15,True,width-ACQR,0.3,0.4640394088669951,1.100070970161613,1.4797395897646843,0.910828025477707,4.636284413741335,0.01,380,1015,False,0.20294762641898864,1.175848268995098,1.4627941176470587,1.5166516167870656,0.9089837858220211
15,True,random,0.3,0.4640394088669951,2.363357346281469,3.179025285559642,0.8921443736730362,9.193031148640411,0.01,380,1015,False,,,,,
15,True,width-ACQR,0.4,0.5852216748768473,1.3103360912085893,1.7625737271968946,0.9040404040404041,5.2441020474970275,0.01,380,1015,False,0.1353502521148477,0.7534144893111638,1.7358669833729214,1.8610659665791556,0.6800048724039223
15,True,random,0.4,0.5852216748768473,2.3596744058091788,3.1740712480735027,0.8942760942760943,9.214403085607591,0.01,380,1015,False,,,,,
15,True,width-ACQR,0.5,0.6463054187192119,1.5002077426272238,2.0179759759598785,0.8917682926829268,5.584018497676624,0.01,380,1015,False,0.1388848164980697,0.5448438950789228,1.7981615598885792,2.0171366205672023,0.6524533961859867
15,True,random,0.5,0.6463054187192119,2.3351032821152424,3.141019867316149,0.8948170731707318,9.139723284054877,0.01,380,1015,False,,,,,
15,True,width-ACQR,0.6,0.7389162561576355,1.6597652069255047,2.2326016711820196,0.8893333333333333,6.147477420435423,0.01,380,1015,False,0.1343925852366766,0.03989779874213836,1.8997735849056603,2.5310603552907427,0.5237864860506369
15,True,random,0.6,0.7389162561576355,2.380616444559883,3.2022410340876273,0.8922000000000001,9.230217154547645,0.01,380,1015,False,,,,,
15,True,width-ACQR,0.7,0.7783251231527094,1.707014673883802,2.2961583950206634,0.8911392405063291,6.43142104945081,0.01,380,1015,False,0.0,0.0,2.183377777777778,2.6644574398960366,0.11566951566951567
15,True,random,0.7,0.7783251231527094,2.35224102889167,3.164072382174092,0.896012658227848,9.204989506943212,0.01,380,1015,False,,,,,
15,True,width-ACQR,0.8,0.8463054187192118,1.8190436828637424,2.446852090505935,0.8928987194412107,7.125637798405939,0.01,380,1015,False,0.0,0.0,2.4984615384615387,2.2829509671614936,0.0
15,True,random,0.8,0.8463054187192118,2.3636362321869457,3.1794004236430515,0.8944703143189756,9.217922293984824,0.01,380,1015,False,,,,,
15,True,width-ACQR,0.9,0.9330049261083744,2.12892385031078,2.8636815172354906,0.8922914466737064,8.208479679982075,0.01,380,1015,False,0.0,0.0,3.5823529411764703,0.6983144134846921,0.0
15,True,random,0.9,0.9330049261083744,2.3547898623065233,3.1675008970735616,0.8945617740232313,9.20579015725081,0.01,380,1015,False,,,,,
15,True,width-ACQR,1.0,0.9891625615763546,2.3172629401164593,3.1170222698278134,0.8954183266932271,9.021212207747872,0.01,380,1015,False,0.0,0.0,4.06,0.0,0.0
15,True,random,1.0,0.9891625615763546,2.3580707493003423,3.1719141199527954,0.8945717131474105,9.206754027539272,0.01,380,1015,False,,,,,
16,True,commit-all,1.0,1.0,1.333953071382558,4.964236342299707,0.8955665024630541,5.445172670857475,0.02,380,1015,False,,,,,
16,True,width-ACQR,0.1,0.02167487684729064,0.3971369112127704,1.4779241712512203,0.8181818181818182,0.9371230566316704,0.02,380,1015,False,0.9755304676595821,0.9902127391742195,1.009889224572004,1.0221550855991943,1.0221550855991943
16,True,random,0.1,0.02167487684729064,1.3831832665346355,5.147443929699431,0.890909090909091,5.256688653328917,0.02,380,1015,False,,,,,
16,True,width-ACQR,0.2,0.09359605911330049,0.438923801610937,1.6334318906729202,0.8526315789473684,1.2569251624454811,0.02,380,1015,False,0.8361556064073227,1.0285609148550723,1.0458913043478262,1.1032608695652175,1.1032608695652173
16,True,random,0.2,0.09359605911330049,1.3093334129203817,4.872615575501464,0.9026315789473683,5.557597752101478,0.02,380,1015,False,,,,,
16,True,width-ACQR,0.3,0.21280788177339902,0.5343775052865929,1.9886578389910852,0.8935185185185185,1.6834066595021984,0.02,380,1015,False,0.7042575148760511,1.0850803087192322,0.9654568210262828,1.262909045663805,1.2703379224030038
16,True,random,0.3,0.21280788177339902,1.3472443163166334,5.013699012727655,0.89375,5.4765302993347555,0.02,380,1015,False,,,,,
16,True,width-ACQR,0.4,0.33497536945812806,0.5966208579064013,2.220293208908244,0.8970588235294118,2.0588398777897625,0.02,380,1015,False,0.5539961013645225,1.0729552469135801,0.9142518518518519,1.4509421702404157,1.4908515352959795
16,True,random,0.4,0.33497536945812806,1.3287154138570707,4.944744674718332,0.8994117647058821,5.4580070518049615,0.02,380,1015,False,,,,,
16,True,width-ACQR,0.5,0.45615763546798027,0.7782764775295056,2.896315063096372,0.8747300215982722,2.465457148557962,0.02,380,1015,False,0.4258199847444699,1.1109224033816423,0.9414492753623188,1.5806953979150777,1.4930168462777156
16,True,random,0.5,0.45615763546798027,1.3489350031724763,5.019990815125565,0.8931965442764579,5.436260184535622,0.02,380,1015,False,,,,,
16,True,width-ACQR,0.6,0.5458128078817734,0.8467846851036344,3.1512647619136027,0.8736462093862816,2.794816071751534,0.02,380,1015,False,0.3012901016097728,1.1008676789587852,0.907114967462039,1.712460833935888,1.6936425830135158
16,True,random,0.6,0.5458128078817734,1.3315444176064015,4.955272663690518,0.8952166064981949,5.475850761230758,0.02,380,1015,False,,,,,
16,True,width-ACQR,0.7,0.6098522167487684,0.8873824728131939,3.302347298089994,0.8836833602584814,3.0765802600866934,0.02,380,1015,False,0.23382952330320755,1.108020307239057,0.9534848484848485,1.8736340008269832,1.5115902615902617
16,True,random,0.7,0.6098522167487684,1.3239269299020926,4.926924583004623,0.894103392568659,5.402118369641487,0.02,380,1015,False,,,,,
16,True,width-ACQR,0.8,0.7103448275862069,1.003184920879887,3.733300030650619,0.8862690707350902,3.588272499323903,0.02,380,1015,False,0.15747702589807855,0.9170386904761904,1.0633333333333335,2.3419660261765523,1.0917785917785918
16,True,random,0.8,0.7103448275862069,1.33420806727672,4.96518529613631,0.8949375866851594,5.437687670783125,0.02,380,1015,False,,,,,
16,True,width-ACQR,0.9,0.8669950738916257,1.212568472084484,4.51250992691206,0.8829545454545454,4.489762109455634,0.02,380,1015,False,0.07914230019493178,0.43074845679012347,1.233037037037037,2.989820229586311,0.7711301044634378
16,True,random,0.9,0.8669950738916257,1.3353234969666183,4.969336309183669,0.8943181818181818,5.438539075290845,0.02,380,1015,False,,,,,
16,True,width-ACQR,1.0,1.0,1.333953071382558,4.964236342299707,0.8955665024630541,5.445172670857475,0.02,380,1015,False,,,,,
16,True,random,1.0,1.0,1.3339530713825583,4.964236342299708,0.8955665024630542,5.445172670857475,0.02,380,1015,False,,,,,
17,True,commit-all,1.0,1.0,1.9043559184387981,5.229034335609776,0.8935960591133005,7.796090577428123,0.02,380,1015,False,,,,,
17,True,width-ACQR,0.1,0.13596059113300493,0.36740512773270534,1.008831389863509,0.8985507246376812,1.5820572346212078,0.02,380,1015,False,0.7878133189301647,0.8740438521474723,1.1573546180159635,1.1573546180159635,1.1573546180159635
17,True,random,0.1,0.13596059113300493,1.898446135803327,5.212807087321965,0.8956521739130434,7.8480838955500944,0.02,380,1015,False,,,,,
17,True,width-ACQR,0.2,0.3566502463054187,0.7671079375045604,2.1063466684413577,0.9116022099447514,2.9181311241627794,0.02,380,1015,False,0.3599580881760297,0.8176604772843287,1.2807963246554366,1.4907355166886076,1.5410793052446956
17,True,random,0.2,0.3566502463054187,1.8909576219198023,5.192244914127081,0.8918508287292817,7.815309687507418,0.02,380,1015,False,,,,,
17,True,width-ACQR,0.3,0.503448275862069,0.9805356136414682,2.6923824172651463,0.9119373776908023,3.796032233203533,0.02,380,1015,False,0.20492202729044834,0.9125434027777777,1.2083333333333333,1.8372319688109162,1.4114434947768282
17,True,random,0.3,0.503448275862069,1.901100119417809,5.220094470584674,0.8922700587084149,7.828219048998269,0.02,380,1015,False,,,,,
17,True,width-ACQR,0.4,0.6098522167487684,1.1436766007581116,3.1403395532807457,0.9063004846526656,4.460720677932626,0.02,380,1015,False,0.07194754563175616,1.0012231691919191,1.2918181818181818,1.8436558568137515,1.4020547353880688
17,True,random,0.4,0.6098522167487684,1.8991800082661157,5.21482217508404,0.89281098546042,7.777648392159927,0.02,380,1015,False,,,,,
17,True,width-ACQR,0.5,0.6768472906403941,1.2413650713440583,3.4085753184237926,0.901018922852984,4.911793384871175,0.02,380,1015,False,0.043431750106974754,0.9670350609756097,1.3244512195121951,1.8820425046355727,1.4017875755680633
17,True,random,0.5,0.6768472906403941,1.897186661012142,5.209348785822663,0.8942503639010188,7.808122502326472,0.02,380,1015,False,,,,,
17,True,width-ACQR,0.6,0.7241379310344828,1.3950464631646813,3.8305580301603346,0.8938775510204081,5.249427791667835,0.02,380,1015,False,0.02543859649122807,0.8684895833333333,1.2905,2.0350877192982457,1.456196581196581
17,True,random,0.6,0.7241379310344828,1.9073146353836443,5.23715846426879,0.8944217687074829,7.85514708744175,0.02,380,1015,False,,,,,
17,True,width-ACQR,0.7,0.7704433497536946,1.4789990193048483,4.061077332969563,0.8913043478260869,5.611854791314021,0.02,380,1015,False,0.0,0.8394805078683832,1.3939914163090128,2.063474135983736,1.303143685117934
17,True,random,0.7,0.7704433497536946,1.904178442329575,5.2285470166900865,0.8940537084398976,7.794418163885008,0.02,380,1015,False,,,,,
17,True,width-ACQR,0.8,0.8364532019704434,1.621126578400963,4.451335204071338,0.8881036513545347,6.13437668745152,0.02,380,1015,False,0.0,0.8598456325301204,1.5163855421686745,1.8951243570774323,1.2542477602718565
17,True,random,0.8,0.8364532019704434,1.8963671277142011,5.207098488116959,0.8944051825677265,7.806838627496641,0.02,380,1015,False,,,,,
17,True,width-ACQR,0.9,0.8916256157635468,1.717657893965745,4.716393620233186,0.887292817679558,6.5752599930019,0.02,380,1015,False,0.0,0.43252840909090906,1.8085454545454545,2.0505050505050506,1.1041181041181038
17,True,random,0.9,0.8916256157635468,1.903591614290876,5.226935687666061,0.8941436464088397,7.803720898174833,0.02,380,1015,False,,,,,
17,True,width-ACQR,1.0,0.9773399014778326,1.8509569753699575,5.0824100076211565,0.8911290322580645,7.392175867726347,0.02,380,1015,False,0.0,0.0,2.471304347826087,2.0645817442156114,0.37718320327015975
17,True,random,1.0,0.9773399014778326,1.9040886121431857,5.228300358423921,0.8937499999999998,7.801186146806694,0.02,380,1015,False,,,,,
18,True,commit-all,1.0,1.0,1.6199165698304876,2.4556287145152034,0.8975369458128079,6.668352723946979,0.01,380,1015,False,,,,,
18,True,width-ACQR,0.1,0.2995073891625616,0.3371184819258264,0.5110373211982523,0.9177631578947368,2.1053750833105616,0.01,380,1015,False,0.23041429170676342,1.33834388185654,1.421856540084388,1.385825087801548,0.8540997992474785
18,True,random,0.1,0.2995073891625616,1.6497121189710602,2.500795735704446,0.8940789473684211,6.629823844548001,0.01,380,1015,False,,,,,
18,True,width-ACQR,0.2,0.4098522167487685,0.44412259398149534,0.6732446688041844,0.9206730769230769,2.5622052725380624,0.01,380,1015,False,0.023782327270597196,1.544457776850306,1.5860434056761268,1.4071210301770007,0.637244410199335
18,True,random,0.2,0.4098522167487685,1.6339703872916687,2.476932871994032,0.8965144230769232,6.699615204635348,0.01,380,1015,False,,,,,
18,True,width-ACQR,0.3,0.548768472906404,0.5829034913598442,0.8836223900865359,0.9228007181328546,3.189416344532757,0.01,380,1015,False,0.0,1.581320505822416,1.8704366812227076,1.205278480042902,0.3220057477699399
18,True,random,0.3,0.548768472906404,1.6082380412338941,2.43792525330048,0.8999999999999998,6.688692275245083,0.01,380,1015,False,,,,,
18,True,width-ACQR,0.4,0.6,0.6911594530563364,1.0477274143886097,0.9195402298850575,3.4812116757270637,0.01,380,1015,False,0.0,1.4583333333333333,2.0,1.2573099415204678,0.17094017094017094
18,True,random,0.4,0.6,1.6387451781521754,2.484170969165969,0.8944991789819378,6.681969434371043,0.01,380,1015,False,,,,,
18,True,width-ACQR,0.5,0.6679802955665025,0.8709139735898858,1.3202169798433832,0.9129793510324484,3.9670867776863363,0.01,380,1015,False,0.0,1.427500618199802,1.9637388724035607,1.3738351814253735,0.12871236906845215
18,True,random,0.5,0.6679802955665025,1.6220660672145342,2.458887133866141,0.8987463126843659,6.695853810959447,0.01,380,1015,False,,,,,
18,True,width-ACQR,0.6,0.7655172413793103,1.1057505310009907,1.6762053093268898,0.9034749034749034,4.704002439440767,0.01,380,1015,False,0.0,1.1550245098039216,1.9276470588235293,1.8206054351565188,0.0
18,True,random,0.6,0.7655172413793103,1.6313687354949877,2.4729890325543447,0.8942084942084941,6.661927054070273,0.01,380,1015,False,,,,,
18,True,width-ACQR,0.7,0.8945812807881773,1.435230163428728,2.1756629118391784,0.8931718061674009,5.641146513621083,0.01,380,1015,False,0.0,0.642279984423676,1.7454205607476634,2.662731595343499,0.0
18,True,random,0.7,0.8945812807881773,1.6154821825471355,2.4489066345346155,0.8970814977973569,6.652497420224657,0.01,380,1015,False,,,,,
18,True,width-ACQR,0.8,0.967487684729064,1.5460219649502471,2.3436120113274206,0.895112016293279,6.227951352576703,0.01,380,1015,False,0.0,0.0,0.9842424242424243,4.49672160198476,0.0
18,True,random,0.8,0.967487684729064,1.6164569831471958,2.450384333071081,0.8977596741344197,6.6725663835069655,0.01,380,1015,False,,,,,
18,True,width-ACQR,0.9,0.987192118226601,1.585576191184434,2.4035721941726784,0.8962075848303394,6.444741078656479,0.01,380,1015,False,0.0,0.0,0.31230769230769234,5.479082321187585,0.0
18,True,random,0.9,0.987192118226601,1.6207272407143738,2.4568576091000036,0.8972554890219563,6.666368773570561,0.01,380,1015,False,,,,,
18,True,width-ACQR,1.0,1.0,1.6199165698304876,2.4556287145152034,0.8975369458128079,6.668352723946979,0.01,380,1015,False,,,,,
18,True,random,1.0,1.0,1.6199165698304874,2.4556287145152034,0.8975369458128076,6.668352723946979,0.01,380,1015,False,,,,,
19,True,commit-all,1.0,1.0,2.4187563555352716,5.283229931821127,0.8866995073891626,10.833912645713761,0.05,380,1015,False,,,,,
19,True,width-ACQR,0.1,0.19113300492610838,0.9380102124301403,2.0488726031969877,0.8556701030927835,3.288307757156116,0.05,380,1015,False,0.6506827360728252,1.2298581506293138,1.0236540803897685,1.2362971985383677,1.0777975577001155
19,True,random,0.1,0.19113300492610838,2.409889057692274,5.263861311550099,0.8899484536082474,10.690029802371743,0.05,380,1015,False,,,,,
19,True,width-ACQR,0.2,0.31231527093596056,1.193500351719084,2.606933421554107,0.8643533123028391,4.359179403993277,0.05,380,1015,False,0.38777459407831905,1.3254014446036293,1.1342406876790831,1.4031317548886544,1.081294541179928
19,True,random,0.2,0.31231527093596056,2.4003396339618854,5.2430027405044575,0.8878548895899054,10.79797863523952,0.05,380,1015,False,,,,,
19,True,width-ACQR,0.3,0.3812807881773399,1.2213079782742764,2.6676729353183135,0.8785529715762274,4.961574151892819,0.05,380,1015,False,0.25519611129735165,1.346868365180467,1.1830891719745222,1.4933698364807986,1.1327508302030593
19,True,random,0.3,0.3812807881773399,2.399619922573666,5.241430692646138,0.8923772609819121,10.857330948851814,0.05,380,1015,False,,,,,
19,True,width-ACQR,0.4,0.48472906403940885,1.492821723216332,3.2607337208314817,0.8699186991869918,5.849968103779698,0.05,380,1015,False,0.20428700815135353,1.223062061822817,1.2808795411089864,1.5435018393657824,1.1777058717785294
19,True,random,0.4,0.48472906403940885,2.4176678996428533,5.280852444424709,0.8891260162601625,10.930929448545825,0.05,380,1015,False,,,,,
19,True,width-ACQR,0.5,0.5901477832512315,1.769986174752659,3.8661372055778616,0.8647746243739566,6.701244558768782,0.05,380,1015,False,0.17122132253711203,1.1182892628205128,1.4151442307692306,1.5837972334682862,1.0844017094017093
19,True,random,0.5,0.5901477832512315,2.407712553915567,5.259107227959371,0.8847245409015023,10.829193742087435,0.05,380,1015,False,,,,,
19,True,width-ACQR,0.6,0.6463054187192119,1.871942558533101,4.088838023416072,0.8628048780487805,7.150395680222831,0.05,380,1015,False,0.16864584860479892,1.0896877901578457,1.5154317548746519,1.5707211389662643,0.9424326833797585
19,True,random,0.6,0.6463054187192119,2.3946820381662612,5.230644993358415,0.8881097560975612,10.819876753197999,0.05,380,1015,False,,,,,
19,True,width-ACQR,0.7,0.7182266009852217,1.9808185984572877,4.32665327573334,0.8683127572016461,7.734007255317553,0.05,380,1015,False,0.17433443749233224,1.1275313228438226,1.5757342657342657,1.515049278207173,0.8189887036040882
19,True,random,0.7,0.7182266009852217,2.4186966320496692,5.283099479282555,0.887997256515775,10.87866376933221,0.05,380,1015,False,,,,,
19,True,width-ACQR,0.8,0.8541871921182266,2.1901017894550368,4.78378539504581,0.8754325259515571,8.855417916145147,0.05,380,1015,False,0.19250829777145567,1.4287725225225225,1.6733783783783784,1.082859174964438,0.7033957033957033
19,True,random,0.8,0.8541871921182266,2.4274564436007937,5.302233319893703,0.8858708189158018,10.83646742322106,0.05,380,1015,False,,,,,
19,True,width-ACQR,0.9,0.9270935960591133,2.3012435741042245,5.026549657759101,0.8777895855472901,9.59033412916912,0.05,380,1015,False,0.19250829777145567,2.0002815315315314,1.4264864864864866,0.9625414888572784,0.4689304689304689
19,True,random,0.9,0.9270935960591133,2.4299813147421885,5.3077483337385996,0.8855472901168969,10.844718330366803,0.05,380,1015,False,,,,,
19,True,width-ACQR,1.0,0.987192118226601,2.396421920574872,5.234445375649085,0.8852295409181636,10.502279965939932,0.05,380,1015,False,0.0,1.2199519230769231,1.873846153846154,1.3697705802968962,0.6673241288625904
19,True,random,1.0,0.987192118226601,2.419406817038172,5.284650718860615,0.8868762475049901,10.83512122469009,0.05,380,1015,False,,,,,
20,True,commit-all,1.0,1.0,1.5267691091633857,3.148915721442923,0.896551724137931,6.187809306648972,0.02,380,1015,False,,,,,
20,True,width-ACQR,0.1,0.27586206896551724,0.43886217177831494,0.9051401315137779,0.9107142857142857,1.9707313529034098,0.02,380,1015,False,0.5233082706766918,0.8774801587301587,1.3422857142857143,1.380952380952381,1.074074074074074
20,True,random,0.1,0.27586206896551724,1.5344249826132128,3.164705731944739,0.89625,6.239572159162368,0.02,380,1015,False,,,,,
20,True,width-ACQR,0.2,0.5004926108374385,0.5691131061849761,1.1737787964069348,0.9114173228346457,2.6402420620426503,0.02,380,1015,False,0.16156268382989034,1.0948286489151873,1.801775147928994,1.63904172001338,0.23955225138657088
20,True,random,0.2,0.5004926108374385,1.5277502446654272,3.1509392841340342,0.8978346456692912,6.2165088805295525,0.02,380,1015,False,,,,,
20,True,width-ACQR,0.3,0.6817733990147783,0.8916765900082272,1.8390563549311678,0.8959537572254336,3.5476404093112377,0.02,380,1015,False,0.011026017055021455,1.2111390608875128,2.011145510835913,1.6171491680698131,0.0
20,True,random,0.3,0.6817733990147783,1.532064700214265,3.159837719939201,0.8953757225433525,6.160928149944478,0.02,380,1015,False,,,,,
20,True,width-ACQR,0.4,0.7655172413793103,1.026779035567404,2.1177011167837287,0.8944658944658944,4.069432104914889,0.02,380,1015,False,0.0,1.2216605392156863,2.03,1.5961472308221534,0.0
20,True,random,0.4,0.7655172413793103,1.530617419629792,3.1568527469276084,0.8951093951093952,6.18294902373415,0.02,380,1015,False,,,,,
20,True,width-ACQR,0.5,0.8157635467980295,1.1111365027077595,2.2916858751241227,0.892512077294686,4.4152565148175595,0.02,380,1015,False,0.0,1.2438725490196076,2.2579679144385025,1.2379210057228633,0.0
20,True,random,0.5,0.8157635467980295,1.5340879527029898,3.164010617813514,0.8963768115942029,6.218035154965433,0.02,380,1015,False,,,,,
20,True,width-ACQR,0.6,0.8384236453201971,1.1600444557893643,2.3925570687040403,0.8907168037602821,4.583550388131413,0.02,380,1015,False,0.0,1.1282075711382114,2.3023170731707316,1.3029525032092426,0.0
20,True,random,0.6,0.8384236453201971,1.520818728035936,3.136643237955835,0.8960047003525264,6.179909149660527,0.02,380,1015,False,,,,,
20,True,width-ACQR,0.7,0.8758620689655172,1.262061946470679,2.6029650985367763,0.889763779527559,4.901108970469598,0.02,380,1015,False,0.0,0.9230324074074073,2.4166666666666665,1.3661468486029889,0.0
20,True,random,0.7,0.8758620689655172,1.5174271077995776,3.1296481224407686,0.8973565804274465,6.181888610313624,0.02,380,1015,False,,,,,
20,True,width-ACQR,0.8,0.9467980295566503,1.3969984379089644,2.8812675849678753,0.894901144640999,5.559811881398745,0.02,380,1015,False,0.0,0.7831790123456789,2.03,2.088477366255144,0.0
20,True,random,0.8,0.9467980295566503,1.5216803608481149,3.1384203299156455,0.896462018730489,6.177776649300117,0.02,380,1015,False,,,,,
20,True,width-ACQR,0.9,0.993103448275862,1.5239980658952361,3.1432005274037564,0.8958333333333334,6.083280909506341,0.02,380,1015,False,0.0,0.0,0.58,5.087719298245614,0.0
20,True,random,0.9,0.993103448275862,1.5283247559788264,3.1521241965717115,0.8965773809523808,6.190465499953838,0.02,380,1015,False,,,,,
20,True,width-ACQR,1.0,1.0,1.5267691091633857,3.148915721442923,0.896551724137931,6.187809306648972,0.02,380,1015,False,,,,,
20,True,random,1.0,1.0,1.5267691091633857,3.148915721442923,0.8965517241379312,6.187809306648972,0.02,380,1015,False,,,,,
21,True,commit-all,1.0,1.0,1.9451042097774953,4.009302478396015,0.8995073891625616,7.800936003878806,0.005,380,1015,False,,,,,
21,True,width-ACQR,0.1,0.32610837438423645,0.911607745537704,1.8790310437544187,0.9425981873111783,4.5800437088221875,0.005,380,1015,False,0.41653842207858827,0.9660925316764132,1.4839181286549707,1.4318508258951472,0.8117158994351976
21,True,random,0.1,0.32610837438423645,1.948360421715973,4.016014272308905,0.9037764350453171,7.848858588878263,0.005,380,1015,False,,,,,
21,True,width-ACQR,0.2,0.41970443349753694,1.1364493142581853,2.3424806904037325,0.92018779342723,5.0566325112042865,0.005,380,1015,False,0.4293033092068031,0.6462224108658743,1.6956876061120543,1.5720966252643493,0.6480635003555206
21,True,random,0.2,0.41970443349753694,1.9531108846935337,4.025806057702059,0.8950704225352112,7.7741772300964245,0.005,380,1015,False,,,,,
21,True,width-ACQR,0.3,0.5270935960591133,1.303344892510883,2.6864904623009522,0.9102803738317757,5.556284915291267,0.005,380,1015,False,0.40807748538011696,0.29736328125,1.9369583333333333,1.7312378167641327,0.5241274928774928
21,True,random,0.3,0.5270935960591133,1.9542330521207376,4.028119100172714,0.8988785046728973,7.77922819889874,0.005,380,1015,False,,,,,
21,True,width-ACQR,0.4,0.5842364532019705,1.368724479415583,2.821252671182042,0.9089376053962901,5.802900592983374,0.005,380,1015,False,0.36289182672320613,0.12527152448657186,2.020379146919431,1.8707214323328065,0.5344918378093733
21,True,random,0.4,0.5842364532019705,1.941197802252086,4.001250483395171,0.9010961214165262,7.773466214635197,0.005,380,1015,False,,,,,
21,True,width-ACQR,0.5,0.6591133004926109,1.4660738087122782,3.021911795386023,0.898355754857997,6.121783070172971,0.005,380,1015,False,0.3499645066423284,0.04583634393063583,2.0534682080924855,1.9213737619578812,0.5516031816609851
21,True,random,0.5,0.6591133004926109,1.9522458950461825,4.024023117168859,0.8973094170403588,7.781543450890419,0.005,380,1015,False,,,,,
21,True,width-ACQR,0.6,0.7389162561576355,1.562374667051418,3.220409782316473,0.9013333333333333,6.454232556878937,0.005,380,1015,False,0.3494207216153592,0.0,1.9457358490566037,2.0158887785501487,0.7202064183196258
21,True,random,0.6,0.7389162561576355,1.9480353748146364,4.015344276665189,0.8998000000000002,7.79984662419574,0.005,380,1015,False,,,,,
21,True,width-ACQR,0.7,0.8039408866995074,1.6412987824553753,3.383090347143638,0.9007352941176471,6.730899470288172,0.005,380,1015,False,0.34003350083752093,0.0,1.9789949748743718,1.9686150048488054,0.7410986556715199
21,True,random,0.7,0.8039408866995074,1.9472435048888848,4.013712052520116,0.8996936274509804,7.806131693092384,0.005,380,1015,False,,,,,
21,True,width-ACQR,0.8,0.8699507389162562,1.7256037210088555,3.556862013147156,0.89920724801812,7.026022584392662,0.005,380,1015,False,0.5126262626262627,0.0,1.8146969696969697,1.7537214247740565,0.9858197358197357
21,True,random,0.8,0.8699507389162562,1.9567136488180032,4.033232174544902,0.8979614949037371,7.799905598410431,0.005,380,1015,False,,,,,
21,True,width-ACQR,0.9,0.9251231527093596,1.794762601962758,3.6994142072238403,0.9009584664536742,7.303220538241573,0.005,380,1015,False,0.37488457987072943,0.0,1.4957894736842103,2.108725761772853,1.4839181286549707
21,True,random,0.9,0.9251231527093596,1.9540458024885434,4.027733136063099,0.898828541001065,7.79596452702022,0.005,380,1015,False,,,,,
21,True,width-ACQR,1.0,0.9980295566502463,1.9329919119985313,3.984336275937471,0.9002961500493584,7.782433814083054,0.005,380,1015,False,0.0,0.0,0.0,5.935672514619883,0.0
21,True,random,1.0,0.9980295566502463,1.9461020683304535,4.011359291984384,0.8993583415597234,7.801797083364088,0.005,380,1015,False,,,,,
22,True,commit-all,1.0,1.0,2.4935328631776335,1.5495857703840379,0.896551724137931,9.653206379570044,0.01,380,1015,False,,,,,
22,True,width-ACQR,0.1,0.367487684729064,0.7227011943112956,0.4491167946819055,0.903485254691689,3.458526605091461,0.01,380,1015,False,0.4493359567142154,1.078700999480789,1.365981308411215,1.3406113934889143,0.9323827781771706
22,True,random,0.1,0.367487684729064,2.5155582116937953,1.5632732445506707,0.8959785522788204,9.650224715331493,0.01,380,1015,False,,,,,
22,True,width-ACQR,0.2,0.432512315270936,0.7305890760926362,0.4540186548287418,0.908883826879271,3.718501228214014,0.01,380,1015,False,0.17930677387914232,1.1747685185185184,1.5225,1.4426981806367771,0.9488514957264956
22,True,random,0.2,0.432512315270936,2.4434512654491685,1.5184629677355779,0.8958997722095674,9.649561140981088,0.01,380,1015,False,,,,,
22,True,width-ACQR,0.3,0.5182266009852217,0.8370168864014664,0.520157354207073,0.9068441064638784,4.170097257521886,0.01,380,1015,False,0.08011337136296776,1.2648581288343557,1.743558282208589,1.347361245649912,0.7096289304878262
22,True,random,0.3,0.5182266009852217,2.489814961130671,1.547275310316424,0.8989543726235741,9.582725024298638,0.01,380,1015,False,,,,,
22,True,width-ACQR,0.4,0.5714285714285714,0.9297282173482538,0.5777720587533883,0.9086206896551724,4.50559024090745,0.01,380,1015,False,0.03274853801169591,1.3246527777777777,1.8946666666666667,1.2553606237816763,0.5384615384615384
22,True,random,0.4,0.5714285714285714,2.5060894684093094,1.5573889708465893,0.898448275862069,9.678834540412895,0.01,380,1015,False,,,,,
22,True,width-ACQR,0.5,0.6009852216748769,0.9926999697871608,0.616905343482239,0.9065573770491804,4.711300285257493,0.01,380,1015,False,0.01758717782109595,1.305298353909465,2.014962962962963,1.2750703920294564,0.32130421019309907
22,True,random,0.5,0.6009852216748769,2.542734379604767,1.5801616536469694,0.8954098360655738,9.70969544330711,0.01,380,1015,False,,,,,
22,True,width-ACQR,0.6,0.6738916256157635,1.1570458569580422,0.7190367618973956,0.9049707602339181,5.320862380357595,0.01,380,1015,False,0.0,1.1978379909365557,2.1710574018126887,1.3628734474655926,0.07862731427686111
22,True,random,0.6,0.6738916256157635,2.5066654555048578,1.557746913354734,0.8960526315789474,9.640289186671746,0.01,380,1015,False,,,,,
22,True,width-ACQR,0.7,0.734975369458128,1.4004791785714716,0.8703164248928053,0.8981233243967829,6.014273088709451,0.01,380,1015,False,0.0,1.179135687732342,2.2639405204460967,1.3018761277419075,0.0
22,True,random,0.7,0.734975369458128,2.463478476641266,1.53090871567098,0.8969839142091152,9.625601869578606,0.01,380,1015,False,,,,,
22,True,width-ACQR,0.8,0.8630541871921182,2.0050886238742556,1.2460460601088614,0.8915525114155252,7.581117515275575,0.01,380,1015,False,0.0,0.9508018585131893,2.628776978417266,1.024864319071059,0.0
22,True,random,0.8,0.8630541871921182,2.5052782660818904,1.5568848557406552,0.8958333333333333,9.650593544658262,0.01,380,1015,False,,,,,
22,True,width-ACQR,0.9,0.9428571428571428,2.235695809754463,1.3893550250979543,0.8934169278996865,8.649444256853892,0.01,380,1015,False,0.0,1.09375,2.31,1.3304093567251463,0.0
22,True,random,0.9,0.9428571428571428,2.4979457319190255,1.5523281118663632,0.8967607105538141,9.664715784780872,0.01,380,1015,False,,,,,
22,True,width-ACQR,1.0,1.0,2.4935328631776335,1.5495857703840379,0.896551724137931,9.653206379570044,0.01,380,1015,False,,,,,
22,True,random,1.0,1.0,2.4935328631776335,1.5495857703840379,0.8965517241379312,9.653206379570042,0.01,380,1015,False,,,,,
23,True,commit-all,1.0,1.0,1.4282036035603767,1.011389780202434,0.896551724137931,6.202724964359633,0.02,380,1015,False,,,,,
23,True,width-ACQR,0.1,0.17635467980295566,0.3394813680825952,0.24040548937976597,0.8770949720670391,1.2581960775508048,0.02,380,1015,False,0.8136699404012424,1.112938596491228,1.1898325358851674,1.2141148325358853,0.5499836420889052
23,True,random,0.1,0.17635467980295566,1.4214649582996413,1.0066177736536988,0.8991620111731843,6.154156353831637,0.02,380,1015,False,,,,,
23,True,width-ACQR,0.2,0.25517241379310346,0.41519518371530706,0.2940226201307029,0.8803088803088803,1.5949590869191972,0.02,380,1015,False,0.7113385315139702,1.167775848765432,1.2512962962962964,1.2954840805718,0.4590060145615701
23,True,random,0.2,0.25517241379310346,1.4534470338875225,1.029266046153928,0.890926640926641,6.2085670901725205,0.02,380,1015,False,,,,,
23,True,width-ACQR,0.3,0.3724137931034483,0.5152975032297662,0.3649105962421584,0.8915343915343915,2.015718869332029,0.02,380,1015,False,0.5143628301523039,1.170157967032967,1.383076923076923,1.518861255703361,0.3268526345449422
23,True,random,0.3,0.3724137931034483,1.439553778439119,1.0194274653386803,0.8945767195767196,6.188382151303744,0.02,380,1015,False,,,,,
23,True,width-ACQR,0.4,0.4689655172413793,0.5690873741442478,0.4030021719710632,0.9012605042016807,2.3833449516803493,0.02,380,1015,False,0.23125996810207336,1.2063717532467533,1.6345454545454545,1.7289435710488343,0.11266511266511267
23,True,random,0.4,0.4689655172413793,1.4137281078863146,1.0011388829552812,0.8990546218487394,6.185377377591894,0.02,380,1015,False,,,,,
23,True,width-ACQR,0.5,0.6118226600985222,0.7281699306664263,0.515657308447342,0.9049919484702094,3.0447290811318832,0.02,380,1015,False,0.0,1.1673144035532994,1.9990862944162435,1.642102294653724,0.08807323528135709
23,True,random,0.5,0.6118226600985222,1.4085494081720953,0.9974715599260985,0.8966183574879226,6.167975930672765,0.02,380,1015,False,,,,,
23,True,width-ACQR,0.6,0.6798029556650246,0.8590876995985786,0.6083674046932832,0.8956521739130435,3.412665118284776,0.02,380,1015,False,0.0,0.992227564102564,2.2985846153846152,1.4428250112460639,0.026692965154503614
23,True,random,0.6,0.6798029556650246,1.4183499558322308,1.0044118685201517,0.8957971014492753,6.183860494772335,0.02,380,1015,False,,,,,
23,True,width-ACQR,0.7,0.7763546798029557,1.0287574524029564,0.7285199190603053,0.8845177664974619,4.024210192340854,0.02,380,1015,False,0.0,0.7219392437591776,2.82590308370044,0.9936368086147822,0.0
23,True,random,0.7,0.7763546798029557,1.4185525215543076,1.0045553164855658,0.8982233502538073,6.183523489898098,0.02,380,1015,False,,,,,
23,True,width-ACQR,0.8,0.8275862068965517,1.0979401115560443,0.777511977517679,0.8857142857142857,4.395383325310675,0.02,380,1015,False,0.0,0.725,3.248,0.3730994152046784,0.0
23,True,random,0.8,0.8275862068965517,1.4208702924146857,1.0061966579267956,0.8969642857142859,6.194128181415998,0.02,380,1015,False,,,,,
23,True,width-ACQR,0.9,0.9310344827586207,1.2692980124150732,0.8988599626745005,0.8931216931216931,5.320503024062868,0.02,380,1015,False,0.0,1.0572916666666667,3.132,0.1695906432748538,0.0
23,True,random,0.9,0.9310344827586207,1.4188314038877767,1.0047528084546706,0.8971957671957673,6.184166114409133,0.02,380,1015,False,,,,,
23,True,width-ACQR,1.0,0.9960591133004926,1.4265687700987315,1.0102320644178506,0.8961424332344213,6.11331196539423,0.02,380,1015,False,0.0,0.0,4.06,0.0,0.0
23,True,random,1.0,0.9960591133004926,1.429061341815443,1.0119971919909914,0.8962413452027695,6.204149570148715,0.02,380,1015,False,,,,,
24,True,commit-all,1.0,1.0,1.329709910595446,1.803484364816903,0.8945812807881773,5.335282816162874,0.02,380,1015,False,,,,,
24,True,width-ACQR,0.1,0.09359605911330049,0.27525215245701984,0.3733242486822854,0.9368421052631579,1.2775863947853912,0.02,380,1015,False,0.8245423340961099,1.0343070652173914,1.1032608695652173,1.0968090516145435,1.0089650687476774
24,True,random,0.1,0.09359605911330049,1.3686403276137198,1.8562856546687763,0.9000000000000001,5.251836125953973,0.02,380,1015,False,,,,,
24,True,width-ACQR,0.2,0.26699507389162563,0.6049156203141128,0.820446515873142,0.9077490774907749,1.7083287178394604,0.02,380,1015,False,0.5409120920581023,1.1013454861111112,1.3642473118279568,1.1967081682701377,0.8861777410164507
24,True,random,0.2,0.26699507389162563,1.2909125822727507,1.7508635830440453,0.8968634686346864,5.210058766075788,0.02,380,1015,False,,,,,
24,True,width-ACQR,0.3,0.483743842364532,0.7255217009065559,0.9840244353254505,0.869653767820774,2.2786605300025577,0.02,380,1015,False,0.31943886433641355,0.9584227894402034,1.8440458015267174,1.2913486005089059,0.49667253865727146
24,True,random,0.3,0.483743842364532,1.3269450295991114,1.7997343591895583,0.8967413441955193,5.348886512649126,0.02,380,1015,False,,,,,
24,True,width-ACQR,0.4,0.5881773399014778,0.756281204212672,1.025743522203033,0.8877721943048577,2.5901394077953706,0.02,380,1015,False,0.27264333081507597,0.9232331539074959,1.9425837320574162,1.3774168275553316,0.33206559522348994
24,True,random,0.4,0.5881773399014778,1.3294178472390208,1.8030882395472847,0.8948911222780568,5.303136472018174,0.02,380,1015,False,,,,,
24,True,width-ACQR,0.5,0.6394088669950739,0.7843109858687103,1.0637602900432157,0.8952234206471494,2.7683302826381393,0.02,380,1015,False,0.21407343495350398,0.9821835154826958,1.9412568306010927,1.5406800242865817,0.14221661762645368
24,True,random,0.5,0.6394088669950739,1.3369170362738079,1.8132593829412513,0.8937596302003084,5.3144742836913075,0.02,380,1015,False,,,,,
24,True,width-ACQR,0.6,0.696551724137931,0.8605338048461862,1.167141231384466,0.8939179632248939,2.9824044579856297,0.02,380,1015,False,0.1850079744816587,1.1499763257575757,1.7795454545454545,1.676634768740032,0.0844988344988345
24,True,random,0.6,0.696551724137931,1.3332958075346615,1.8083479136347231,0.8944130127298443,5.31509430685903,0.02,380,1015,False,,,,,
24,True,width-ACQR,0.7,0.734975369458128,0.9226370270424438,1.2513717762147634,0.8914209115281502,3.1400894715480234,0.02,380,1015,False,0.06619709124111395,1.1987879491945477,1.7960594795539033,1.831452857670819,0.032249864963619604
24,True,random,0.7,0.734975369458128,1.3271584273851726,1.8000237904163103,0.8970509383378016,5.35629676066255,0.02,380,1015,False,,,,,
24,True,width-ACQR,0.8,0.7793103448275862,1.0164958711794643,1.378672442737661,0.8874841972187105,3.3543016717734506,0.02,380,1015,False,0.0,1.20361328125,2.0481249999999998,1.5899122807017543,0.0
24,True,random,0.8,0.7793103448275862,1.3132757818480045,1.7811947706661562,0.8963969658659924,5.303779131693608,0.02,380,1015,False,,,,,
24,True,width-ACQR,0.9,0.825615763546798,1.0687119240719727,1.4494930286667542,0.8866348448687351,3.604887246009934,0.02,380,1015,False,0.0,1.3141478342749529,2.0185310734463275,1.5090692833779362,0.0
24,True,random,0.9,0.825615763546798,1.3347788302064294,1.8103593359606682,0.8939140811455848,5.337282750586504,0.02,380,1015,False,,,,,
24,True,width-ACQR,1.0,0.9517241379310345,1.2215339065038904,1.6567653470274315,0.8913043478260869,4.504430666232065,0.02,380,1015,False,0.0,2.0498511904761902,2.0714285714285716,0.6056808688387636,0.0
24,True,random,1.0,0.9517241379310345,1.331648711972902,1.8061139593945366,0.8946169772256729,5.336470999632635,0.02,380,1015,False,,,,,
